opportunity_number,opportunity_title,summary_description,rule_administrable,rule_research,rule_domain,rule_division,rule_subrecipient_network,rule_renewal,human_administrable,human_research,human_domain,human_division,human_subrecipient_network,human_renewal,agreement,reviewer_notes
RFA-MH-27-120,"BRAIN Initiative Cell Atlas Network (BICAN): Coordinating Unit for Biostatistics, Informatics, and Engagement (CUBIE)","<p>The National Institute of Mental Health (NIMH), with other NIH Institutes and Centers (ICs), intends to publish a notice of funding opportunity (NOFO) to solicit research applications for the BRAIN Initiative Cell Atlas Network (BICAN) Coordinating Unit for Biostatistics, Informatics, and Engagement (CUBIE). In accordance with NIH standard peer-review processes, the application(s) will be peer-reviewed, and only meritorious application(s) will be considered for funding. The overall goals of CUBIE are to (i) enable the exploration of large-scale brain cell atlas data and knowledge, and inspire research in brain function and disorders; and (ii) ensure research rigor and data reproducibility by making the data Findable, Accessible, Interoperable, and Reusable (FAIR), and the process transparent. This is a renewal that will continue the funding for a 2-year period. Applications are not being solicited at this time. Notice is being provided to allow eligible applicants sufficient time to develop meaningful collaborations and responsive projects. Applications are expected to collaborate with the broader research community to analyze and interpret all existing brain cell census/atlas data to enhance statistical power, ensure research rigor and data reproducibility, and foster the formation of a brain cell atlas ecosystem by leveraging recent Artificial Intelligence/Machine Learning (AI/ML) advancements.</p>",Possible,No,Behavioral health and crisis,Cross-division,Yes,Yes,NA,NA,NA,NA,NA,NA,NA,NA
RFA-DK-27-138,Single Source for Chronic Kidney Diseases of UnceRtain Etiology (CKDu) in Agricultural Communities (CURE) Research Consortium - Data Coordinating Center (DCC),"<p style=""margin-left:0in;"">The purpose of this funding opportunity is to advance the NIH mission by supporting the continuation of the Consortium to Study Chronic Kidney Disease of UnceRtain Etiology (CKDu) in Agricultural Communities (CURE).&nbsp;</p><p style=""margin-left:0in;"">Chronic Kidney Disease of Uncertain Etiology (CKDu) causes kidney failure in rural areas of many Low and Middle Income Countries, resulting in a large death toll among the young working age population. Environmental factors are suspected to be causative, but family and geographic clustering add consideration of unrecognized genetic susceptibility. The risk factors identified in other countries are encountered by U.S. patients, so this research will offer valuable insights into the development and progression of tubulointerstitial renal diseases, with broad implications for understanding kidney health and disease in the U.S.</p><p style=""margin-left:0in;"">NIDDK, NIEHS, and FIC have jointly funded a consortium that includes Field Epidemiology Sites, a Renal and Environmental Science Core, and a Data Coordinating Center to find causes and potential interventions for CKDu since 2021.&nbsp;This NOFO requests a renewal application for the Data Coordinating Center&nbsp;that will provide data management and analysis, as well as overall project management for the Consortium. Consortium members will continue to collaborate to maximize scientific opportunities and enable discovery science to understand the etiologies of CKDu, the exposures that initiate and affect progression of tubulointerstitial kidney disease, potential therapeutic targets, and future opportunities for public health interventions. The CURE Consortium will serve as a resource for ancillary studies.&nbsp;</p><p><i>This is a forecast for a single source Notice of Funding Opportunity (NOFO) that will invite application(s) from eligible organizations to apply. Application(s) will be peer-reviewed and only funded if meritorious.</i>&nbsp;</p>",Unclear,No,Child and family well-being,Public Health,Yes,Yes,NA,NA,NA,NA,NA,NA,NA,NA
RFA-AI-27-014,Development of Candidate Medical Countermeasures (MCMs) and Technologies Against Chemical or Radiation/Nuclear (CRN) Threats,"<p>The National Institute of Allergy and Infectious Diseases (NIAID) seeks to advance the NIH mission by supporting research on concepts and technologies to address civilian radiation or chemical threats. Research is administered by NIAID on behalf of NIH via the Radiation and Nuclear (RNCP), and the Chemical Countermeasures (CCRP) Research Programs. A shared congressional mandate to the NIH OD (119 Stat. 2850; Public Law 109-149-Dec. 30, 2005), supports research to develop new ideas and technologies to diagnose, mitigate, and treat <span style=""background-color:white;"">acute and delayed effects of radiation or&nbsp;</span>chemical exposures during and after a public health emergency.</p><p><strong>RNCP</strong>: <span style=""background-color:white;"">Supports development of radiation-focused&nbsp;</span>models<span style=""background-color:white;"">, biomarkers of damage, devices to assess and predict injury, and products to</span> improve survival and reduce morbidity across multiple organ systems.</p><p><strong>CCRP</strong>: Supports preclinical work on products to mitigate and treat injuries after exposure to government-designated Chemicals of Concern. Candidates with efficacy in a post-exposure, civilian mass casualty setting are sought.</p><p>Grant authorities that allow NIAID to forecast this opportunity are as follows:&nbsp;Sections 301 and 405 of the Public Health Service Act as amended (42 USC 241 and 284) and under Federal Regulations 42 CFR Part 52 and 2 CFR Part 200.</p>",Possible,No,Disaster recovery and resilience,Cross-division,Yes,Unknown,NA,NA,NA,NA,NA,NA,NA,NA
RFA-DK-27-116,The NIDDK Inflammatory Bowel Disease Genetics Consortium (IBDGC) Genomic Research Centers,"<p>The National Institute of Diabetes and Digestive Diseases and Nutrition (NIDDK) seeks to advance its mission by continuing the NIDDK Inflammatory Bowel Disease Genetics Consortium (IBDGC). The IBDGC has led collaborative efforts resulting in the identification of &gt;300 genetic risk loci for different IBD subtypes across patient populations and characterization of underlying biological mechanisms. Despite advances in biological understanding and the development of a range of biologic therapies, IBD remains a chronic, severe and heterogenous disease with no cure requiring multiple interventions over the life course. Diagnostic biomarkers and accurate predictors of critical outcomes including disease remission, recurrence, and response to specific therapies are lacking. The IBDGC will leverage patient cohorts, biospecimens and advances in data science to characterize the interactions of genetic, clinical and environmental factors in disease development and progression, and to develop new predictors of disease outcomes, with the goal of improving medical management and advancing precision medicine for IBD patients. The IBDGC may include up to 7 Genomic Research Centers with varying research emphases, which will serve as sites for participant enrollment, molecular analysis of biospecimens and bioinformatics and computational analyses.&nbsp;&nbsp;</p>",Possible,No,Food and nutrition security,Public Health,Yes,Unknown,NA,NA,NA,NA,NA,NA,NA,NA
PAR-26-105,"ORACLE 3C: Chronic Conditions, Coinfections, and Comorbidities in HIV","<p>NICHD will advance its mission by using the DP2 mechanism to support early-career investigators conducting pioneering research on HIV-related chronic conditions, coinfections, and comorbidities (3C). Scientific directions will be distinct from concepts and approaches already pursued and consistent with the scientific priorities of the Office of AIDS Research (OAR). HIV-related 3Cs cause significant and different pathology in people with and without HIV. Development of preventive and therapeutic strategies based on understanding HIV-specific pathways and mechanisms, and implementing those strategies is critical, especially in pediatric and maternal populations. All pediatric and maternal populations will be appropriate for study as the focus is on HIV prevention and/or treatment research. &nbsp;A pipeline of innovative researchers from other fields of research including mathematics, engineering, computer science, and AI will bring new ideas and innovative approaches. This NOFO will advance research on an important public health problem by supporting transformative research on HIV 3Cs by investigators in the early stages of an independent career.&nbsp;</p>",Possible,No,"Maternal, infant, reproductive health",Public Health,Yes,Unknown,NA,NA,NA,NA,NA,NA,NA,NA
PAR-25-461,Specialized Center Cooperative Agreements in Aging and/or Alzheimer's Disease (AD) and AD-Related Dementias (ADRD) Research,"<p>The National Institute on Aging (NIA) intends to publish a Notice of Funding Opportunity (NOFO) to solicit new, renewal, and competing revision applications, and their resubmissions, for U54&nbsp;Specialized Center&nbsp;cooperative agreements that&nbsp;support&nbsp;large-scale, complex research projects with multiple highly integrated components focused on&nbsp;a&nbsp;common research question relevant to aging and/or Alzheimer's Disease (AD) and AD-related dementias (ADRD) research.&nbsp;It is anticipated that such projects will likely involve an integrated multidisciplinary team of investigators within a single institution or a consortium of&nbsp;institutions. If submitting renewal or revision applications the research objectives and scope of applications submitted through this NOFO must adhere to the requirements outlined in the parent NOFO under which the original application was funded.</p><p>Applications are not being solicited at this time. Notice is being provided to allow potential applicants sufficient time to develop meaningful collaborations and responsive projects. Prospective applicants are strongly encouraged to contact NIA program staff prior to applying to discuss the responsiveness of their proposed research to this NOFO and its relevance to NIA’s programmatic priorities. Applicants should be aware that NIA anticipates funding only a limited number of meritorious applications under this announcement. Given this high level of competition, consultation with program staff will help applicants determine whether their proposed project is a good fit for the goals and priorities of this NOFO.</p>",Possible,No,No keyword match,Aging,Yes,Yes,NA,NA,NA,NA,NA,NA,NA,NA
PAR-26-057,Innovation Grants to Nurture Initial Translational Efforts (IGNITE): Therapeutic Agent Characterization and Preclinical Efficacy Studies,"<p style=""margin-left:.5in;"">The National Institute of Neurological Disorders and Stroke, National Institute of Aging, the <a href=""https://heal.nih.gov/"">NIH Helping to End Addiction Long Term (HEAL) initiative</a>, and other participating ICs seek to support applications to conduct pharmacodynamic, pharmacokinetic, and&nbsp;efficacy studies to demonstrate that the proposed therapeutic agent(s) have sufficient biological activity to warrant further development as therapeutics for disorders or diseases supported by participating ICs or for non-opioid analgesic therapeutics with little or no addiction liability as a part of the <a href=""https://heal.nih.gov/"">NIH HEAL initiative</a>. Therapeutic agents include small molecules or biologics. Efficacy testing can be conducted in validated in vivo models and/or validated New Approach Methodologies (NAMs) as appropriate.</p><p style=""margin-left:.5in;"">Applications are not being solicited at this time. Notice is being provided to allow potential applicants sufficient time to develop meaningful collaborations and responsive projects.</p>",Possible,No,Opioid and substance use,Cross-division,Yes,Unknown,NA,NA,NA,NA,NA,NA,NA,NA
PAR-28-039,Digital Health Technology and Reciprocal Innovation to Improve Clinical and Public Health Outcomes,"<p>This initiative will support research on the development, validation, feasibility, and effectiveness of innovative digital health interventions or tools (including mobile health) specifically suited for underserved settings in the U.S. and globally. Research should utilize new or emerging technologies, platforms, systems, and/or analytics to address high priority health problems, expand the evidence base for the use of digital health technology to improve clinical and public health outcomes, and strengthen research collaborations between U.S. and low- and middle-income country (LMIC) researchers. Applications must include reciprocal innovation methodologies – bidirectional and iterative exchange of ideas, resources, and innovation approaches to address shared health challenges in the U.S. and a LMIC. &nbsp;Through this utilization of unique data, environments, and populations in domestic and international contexts, awards will maximize generalizable knowledge produced and optimize potential benefit to U.S. and LMIC populations.&nbsp;&nbsp;</p>",Possible,No,Rural access and telehealth,Public Health,Yes,Unknown,NA,NA,NA,NA,NA,NA,NA,NA
TEMP-31126,Funding Opportunity Announcement for Impact of Environmental Exposures on Gut-Brain Signaling in Neurological Conditions (R01),"<p><span style=""color: rgb(51, 51, 51);"">The National Institute of Environmental Health Sciences (NIEHS) intends to publish a Notice of Funding Opportunity (NOFO) to solicit applications for research that builds on our understanding of the gut microbiome-brain axis for the purpose of identifying improved detection, prevention, and intervention strategies for environmental exposure-induced neurological diseases.&nbsp;Given the overlapping gut-brain signaling pathways and the prevalence of neurological conditions with gut-related comorbidities, the scope of this program would be inclusive of a wide range of neurological outcomes, including mental health disorders and chronic neurodegenerative conditions such as Parkinson’s disease and Alzheimer’s disease.&nbsp;The objective of this program is to develop gut-focused intervention strategies (e.g., probiotics, microbial biomarkers, nutritional supplements and novel therapeutics) to decrease risk, slow progression, or possibly reverse these neurological condition(s).&nbsp;Applications are not being solicited at this time. Notice is being provided to allow potential applicants sufficient time to develop meaningful collaborations and responsive projects.&nbsp;This NOFO will utilize the R01 activity code. Investigators with expertise and insights into this area of biological mechanisms underlying the effects of environmental exposures on neurological outcomes and the mediating role of the gut-brain axis are encouraged to begin to consider applying for this new NOFO. In addition, collaborative investigations combining expertise in toxicology, microbiome, and neuroscience will be encouraged and these investigators should also begin considering applying for this application.&nbsp;</span></p>",No,Yes,Behavioral health and crisis,Cross-division,No,Unknown,NA,NA,NA,NA,NA,NA,NA,NA
RFA-AR-27-001,NIAMS P30 Centers Program (P30 - Clinical Trial Not Allowed),"<p style=""margin-left:0in;"">The overall goal of this program is to accelerate scientific discovery, improve research efficiency, and enhance the translation of research findings into improved health outcomes. Centers funded under this program will also foster multidisciplinary collaboration, support workforce development across career stages, and promote training in emerging areas such as data science, artificial intelligence, and implementation research.&nbsp;The National Institute of Arthritis and Musculoskeletal and Skin Diseases (NIAMS) requests applications for the NIAMS P30 Centers Program to support integrated research Centers within its mission areas of skin biology and diseases; bone, muscle, and orthopaedic research; and rheumatic diseases. The NIAMS P30 Centers Program supports Centers that provide coordinated research infrastructure, shared resources, and methodological expertise to advance basic, translational, and clinical research. These Centers are expected to integrate state-of-the-art research resources with capabilities that support clinical and translational research, including the development, testing, and dissemination of novel analytical methods, study designs, outcome measures, and data-driven approaches. The overall goal of this program is to accelerate scientific discovery, improve research efficiency, and enhance the translation of research findings into improved health outcomes. Centers funded under this program will also foster multidisciplinary collaboration, support workforce development across career stages, and promote training in emerging areas such as data science, artificial intelligence, and implementation research.</p>",No,Yes,Child and family well-being,Social Services,Yes,Unknown,NA,NA,NA,NA,NA,NA,NA,NA
RFA-NS-28-001,Strategies to Innovate EmeRgENcy Care Clinical Trials Network (SIREN) Infrastructure – Clinical Coordinating Center (CCC) and Data Coordinating Center (DCC),"<p>The National Institute of Neurological Disorders and Stroke (NINDS), in conjunction with The National Heart, Lung and Blood Institute (NHLBI), at the National Institutes of Health (NIH) seek to continue support for the Infrastructure for the Strategies to Innovate EmeRgENcy Care Clinical Trials Network (SIREN). The SIREN Network performs clinical trials that impact the care of individuals with a non-stroke neurological and cardiovascular emergency in the pre-hospital or emergency department setting. The goal of SIREN is to improve the outcomes by identifying effective treatments given in the earliest stages of care. The program will encourage applications for a clinical coordinating center (CCC) and data coordinating center (DCC) to support the NIH SIREN clinical trial network.&nbsp;</p><p>Applications are not being solicited at this time.&nbsp;This notice is being provided to allow potential applicants sufficient time to develop meaningful collaborations and responsive applications for centers.&nbsp;</p>",No,Yes,Disaster recovery and resilience,Emergency Management,Yes,Unknown,NA,NA,NA,NA,NA,NA,NA,NA
PAR-26-065,Controlled Clinical Trials on Long-Term Effects of Nutritional Interventions on the Progression of Risk Factors for Age-Related Chronic Conditions Over the Life Span and Their Age of Onset,"<p>The National Institute on Aging (NIA) intends to publish a Notice of Funding Opportunity (NOFO) to solicit applications for randomized controlled clinical trials on long-term effects of nutritional interventions&nbsp;on the progression of risk factors for age-related chronic conditions over the life span and their age of onset.</p><p>Although considerable information is available on health benefits and risks of a variety of nutritional factors (e.g., macronutrients, overall caloric intake, differing nutrient sources) there remains a need for better understanding of long-term benefits and potential risks of differing nutritional factors and dietary practices to maintain health across the full range of the life span. Rigorous understanding of these effects requires long-term controlled clinical trials of preventive interventions in younger and/or older persons. Given the rates of risk factor progression in younger persons and of accumulation of morbidities in later life, many such trials will require long-term intervention durations and follow-up of at least 5 years to provide sufficient power and evidence of their long-term effects. &nbsp;In order to support projects of sufficient duration to provide for start-up, enrollment, follow-up, and outcome data analyses in such trials, applications in response to this NOFO may propose projects of up to seven years in length.</p><p>Applications are not being solicited at this time. Notice is being provided to allow potential applicants sufficient time to develop meaningful collaborations and responsive projects. This NOFO intends to utilize the U19 activity code. Investigators with expertise and insights into this area of aging research are encouraged to begin to consider applying for this new NOFO.</p>",No,Yes,Food and nutrition security,Cross-division,Yes,Unknown,NA,NA,NA,NA,NA,NA,NA,NA
FOR-NR-25-006,Limited Competition: Community-Partnered Nursing Research Centers for Schools and Colleges of Nursing with Limited NIH Funding (P20 Clinical Trial Optional),"<p>The purpose of this notice is to inform the research community that the National Institute of Nursing Research (NINR) intends to publish a notice of funding opportunity (NOFO), Limited Competition: Community-Partnered Nursing Research Centers for Schools and Colleges of Nursing with Limited NIH Funding (P20 Clinical Trial Optional). This Notice is being provided to allow potential applicants sufficient time to develop meaningful collaborations and responsive projects.</p><p>This NOFO will utilize the P20 activity code. Details of the planned NOFO are provided below.</p><p><br></p><p><strong>Research Initiative Details</strong></p><p>The P20 Exploratory Centers will aim to foster nursing-led programs that promote community-partnered research to address persistent health challenges. This will be accomplished by developing and enhancing capacity for interdisciplinary, community-partnered research that advances the NINR mission by:</p><ul><li>Establishing centralized research resources in Schools or Colleges of Nursing (SON/CONs).</li><li>Building the Center's community-partnered research expertise.</li><li>Developing nurse-led, interdisciplinary research teams that partner with the community in the development, implementation, and evaluation of research efforts.</li></ul><p>This will be a limited competition request for applications. Eligible Schools or Colleges of Nursing must award research doctoral degrees and have received no more than $5 million dollars per year of NIH support (in both direct and F&amp;A/indirect costs) in any 4 of the last 7 fiscal years (does not have to be consecutive).</p>",No,Yes,Health and direct-care workforce,Social Services,No,Unknown,NA,NA,NA,NA,NA,NA,NA,NA
NOT-HD-25-007,"Notice of Intent to Publish a Funding Opportunity Announcement for HIV Pediatric, Adolescent and Maternal Clinical Trials","<p><span style=""color: rgb(51, 51, 51);"">The&nbsp;</span><em style=""color: rgb(51, 51, 51);"">Eunice Kennedy Shriver</em><span style=""color: rgb(51, 51, 51);"">&nbsp;National Institute of Child Health and Human Development intends to publish a Notice of Funding Opportunity (NOFO) to solicit applications for research focused on high-priority HIV studies for infants, children, youth and young adults (AYA), and maternal populations. An HIV clinical trials network focused exclusively on pediatric and maternal populations will innovate and conduct rigorously designed, collaborative clinical trials in partnership with site consortia to address high-priority research areas in HIV and related comorbidities and coinfections. Applications are not being solicited at this time. Notice is being provided to allow potential applicants sufficient time to develop meaningful collaborations and responsive projects. This NOFO will utilize the UM2 activity code. Investigators with expertise and insights into this area of HIV are encouraged to begin to consider applying for this new NOFO. In addition, collaborative investigations combining expertise in chronic and infectious diseases, pediatrics, adolescent medicine, laboratory innovation, and cost-effectiveness will be encouraged and these investigators should also begin considering applying for this application.&nbsp;</span></p>",No,Yes,"Maternal, infant, reproductive health",Public Health,No,Unknown,NA,NA,NA,NA,NA,NA,NA,NA
NOT-AA-25-007,Forecast to Publish a Funding Opportunity Announcement for the Consortium on the Neurobiology of Adolescent Drinking in Adulthood (NADIA) Research Resource (Collaborative U24 - Clinical Trials not allowed),"<p><span style=""color: rgb(51, 51, 51);"">The National Institute on Alcohol Abuse and Alcoholism (NIAAA) intends to publish a Notice of Funding Opportunity (NOFO) to solicit applications for research on the Neurobiology of Adolescent Drinking in Adulthood (NADIA) consortium to elucidate mechanisms of persistent changes in brain-behavior relationships following adolescent alcohol exposure. The initiative supports research across various research institutions to investigate the mechanisms responsible for the effects of repeated adolescent alcohol exposure on brain maturation and adult outcomes. To establish a robust foundational knowledge base that can be utilized in developing enhanced treatment methods and more effective strategies for preventing alcohol and alcohol-related problems. NIAAA supports research across various fields, including biomedical and genetic factors, psychological and environmental influences, alcohol-related problems and medical conditions, health services research, and prevention and treatment strategies. Applications are not being solicited at this time. Notice is being provided to allow potential applicants sufficient time to develop meaningful collaborations and responsive projects. This NOFO will utilize the U24 activity code. Investigators with expertise in molecular insights are encouraged to begin to consider applying for this new NOFO. In addition, collaborative investigations combining expertise are encouraged, and these investigators should also begin considering applying for this application.</span></p>",No,Yes,No keyword match,Unknown,No,Unknown,NA,NA,NA,NA,NA,NA,NA,NA
RFA-OD-28-001,Tobacco Centers of Regulatory Science (TCORS) (Clinical Trial Optional),"<p>The Tobacco Regulatory Science Program, participating NIH Institutes and Centers (ICs), and the Food and Drug Administration (FDA) Center for Tobacco Products (CTP) intend to issue a Notice of Funding Opportunity (NOFO) soliciting applications for Tobacco Centers of Regulatory Science (TCORS). The awards under this NOFO will be administered by NIH using funds made available through FDA CTP and the Family Smoking Prevention and Tobacco Control Act (P.L. 111-31) (FSPTCA).&nbsp;</p><p>The TCORS program objective is to establish collaborative multidisciplinary research centers that will expand the scientific base informing regulation of tobacco products to protect public health and support implementation of the FSPTCA. Centers are expected to include at least three discrete hypothesis driven Research Projects with a scientific Integrative Theme.</p><p>The NOFO will solicit research applications within the regulatory authority of FDA CTP on one or more of the following topics:&nbsp;</p><ul style=""list-style-type:disc;margin-left:56px;""><li data-list-item-id=""e3342f8d6556c203b0201536f2dc2a6c9"">Addiction</li><li data-list-item-id=""e1251020b5bef447cd808f3c8d0db6ff4"">Behavior</li><li data-list-item-id=""e295121794f2a51ba433c302eee1c6ad5"">Communications</li><li data-list-item-id=""e57028b413ae69062b7498fc4b969eba4"">Health Effects</li><li data-list-item-id=""e1470c6dc3874a78fb465af353732e0d7"">Impact Analysis&nbsp;</li><li data-list-item-id=""e89bae1c7455fd5e64ac73a758263bc99"">Marketing</li><li data-list-item-id=""e10f8011c38ec4061039086a06446b557"">Product Composition and Design</li><li data-list-item-id=""e38ba2517d220841efcfeeb7d5fc0fedf"">Toxicity</li></ul>",No,Yes,Opioid and substance use,Public Health,Yes,Unknown,NA,NA,NA,NA,NA,NA,NA,NA
FOR-MD-25-003,Forecast to Publish a Notice of Funding Opportunity Announcement for Addressing Determinants of Health Disparities Among Rural Populations (R01 - Clinical Trial Optional),"<p>The National Institute on Minority Health and Health Disparities (NIMHD) intends to publish a Notice of Funding Opportunity (NOFO) to support intervention and etiologic studies in rural communities to address factors that increase, reduce, or prevent disparities in health outcomes among rural populations. Areas of research interest that may be addressed include but are not limited to:</p> <ul> <li>Studies that utilize the life course continuum to address health disparities in rural populations considering risk factors&nbsp;that differentially impact health.</li> <li>Development, adaptation, and/or implementation of community-engaged interventions that improve quality of life, well-being, and health outcomes in rural populations.</li> <li>Adaptation of technologies (e.g., virtual care, remote monitoring) to address access to healthcare resources in rural areas.</li> <li>Health service and care models that focus on ways to improve rural health and meet related needs through local community collaborations such as with churches, schools, libraries, and grocery stores.</li> <li>Studies that investigate health-related resilience or protective factors as well as strategies to promote health.</li> <li>Studies that examine the integration of health care systems and community services (e.g., public health departments, mining facilities, agricultural farms, health systems, school systems, community-based organizations, businesses, etc.) to address rural health disparities.</li> <li>Implementation studies to advance the reach, effectiveness, and sustainability of evidence-based interventions in rural communities.</li> </ul> <p><span style=""color: rgb(51, 51, 51);"">This NOFO will utilize the R01 activity code.&nbsp;</span></p>",No,Yes,Rural access and telehealth,Cross-division,Yes,Unknown,NA,NA,NA,NA,NA,NA,NA,NA
CDC-RFA-CE-27-0052,Preventing Violence Affecting Young Lives (PREVAYL 2.0),"<p style=""margin-left:0px;"">The purpose of this NOFO is to provide multiyear funding to state, territorial, tribal, and local health departments to <strong>implement and evaluate comprehensive primary prevention strategies that prevent multiple forms of violence</strong> and promote healthy development among adolescents and young adults. Building on the prior PREVAYL cooperative agreement, this NOFO emphasizes:&nbsp;</p><p style=""margin-left:0px;"">&nbsp;</p><ul style=""list-style-type:disc;margin-left:0px;""><li style=""margin-left:0px;"" data-list-item-id=""e00d033b2d5eb49d093b2e876632bdb92""><p style=""margin-left:0px;"">Improving <strong>data-driven decision-making</strong>, including surveillance, data linkage, and use of real-time data for prevention, evaluation and implementation science&nbsp;</p></li><li style=""margin-left:0px;"" data-list-item-id=""e00889545999c8e496f431b111259d8a2""><p style=""margin-left:0px;"">Building capacity and strengthening implementation and reach of evidence-based prevention strategies that address <strong>shared risk and protective factors</strong>&nbsp;</p></li><li style=""margin-left:0px;"" data-list-item-id=""e1393be9338f280fbf28b45e09da7c50b""><p style=""margin-left:0px;"">Advancing whole-child and whole-community violence prevention approaches that integrate <strong>youth mental health</strong> and <strong>family support</strong> strategies&nbsp;</p></li><li style=""margin-left:0px;"" data-list-item-id=""e00d3f7091d32818e01777f5395f85bc9""><p style=""margin-left:0px;"">Engaging in strategic collaboration through <strong>multisector partnerships</strong> to facilitate youth engagement, and build and support a skilled violence prevention workforce&nbsp;</p></li><li style=""margin-left:0px;"" data-list-item-id=""e80ec7a8032069bd5040ac9fbbb078e1b""><p style=""margin-left:0px;"">Prioritizing primary prevention of <strong>multiple forms of violence impacting youth </strong>including interpersonal violence, intimate partner/teen dating violence, bullying, community-based violence, online/technology-facilitated violence, and adverse childhood experiences (ACEs)&nbsp;</p></li></ul>",Possible,No,Behavioral health and crisis,Cross-division,Yes,Unknown,NA,NA,NA,NA,NA,NA,NA,NA
RFA-IP-27-035,Expanded Surveillance for Pediatric Infectious Diseases,"<p>The purpose of this Notice of Funding Opportunity (NOFO) is to support a network of U.S. institutions that will conduct standardized, prospective, active surveillance of pediatric acute respiratory illness (ARI) and acute gastroenteritis (AGE). The network will focus on respiratory and enteric viruses among pediatric patients seeking healthcare.</p><p>In addition, the network will generate robust estimates of the effectiveness of influenza, rotavirus, respiratory syncytial virus (RSV) and other prevention products against respiratory and enteric viral illnesses in this population.</p><p>Recipients will identify AGE and ARI illnesses among patients seeking healthcare or diagnostic testing for acute illness among inpatient and emergency department populations. Recipients may also include patients seeking care in outpatient clinics, such as urgent care centers, as an optional activity.</p><p>This is a multi-component NOFO. You must apply for ComponentA (Core Component). You may also apply for one or more optional components.</p><p>Component A – Core Component (Required)</p><ul><li data-list-item-id=""e02453125fedf0a25d9b7c477f84130c1"">Support inpatient and emergency department pediatric surveillance</li><li data-list-item-id=""e2f9bf5ad3ad6fbd014a16035f28b2dee"">Follow the standardized protocol established by CDC</li></ul><p>Optional Components</p><ul><li data-list-item-id=""ef05879876da074312719f95290391a54"">Component B: Support outpatient pediatric surveillance</li><li data-list-item-id=""e35d0a2fc357242e0d09d2c9462e22566"">Component C: Study immune response and infection</li><li data-list-item-id=""ed957297655d6c1fcd7bc52f7dc1ad47b"">Component D: Study immune response and immunization</li></ul><p>Recipients will enroll patients meeting standard symptom criteria and confirm viral infections using approved molecular assays. The network will use the data to estimate prevention product effectiveness, hospitalization rates, and information on the natural history of medically attended diseases.</p><p>Findings of this NOFO will:</p><ul><li data-list-item-id=""ea84fc29ab8071c17c586a6bf9a80cbcc"">Improve best practices for diagnosis and treatment protocols</li><li data-list-item-id=""e4bba86c08c1ccfe8cf28cf1da2353793"">Inform prevention product recommendations</li><li data-list-item-id=""e8c0b6d0cb0f7e4fafec792b906f3a024"">Guide public health strategies</li><li data-list-item-id=""eec92d244743f85c8c220deb2d0abc3bf"">Reduce viral illness-associated hospitalizations and healthcare utilization among children</li></ul>",Possible,No,Child and family well-being,Cross-division,No,Unknown,NA,NA,NA,NA,NA,NA,NA,NA
RFA-OH-27-045,NIOSH Miner Safety and Health Training Program - Western United States – U60,"<p><strong>Background</strong></p><p>Despite advances in technology and improvements in work environments, mining remains one of the most challenging and hazardous occupations in the United States. The industry continues to experience a fatality rate nearly three times higher than the national average for all industries, according to the U.S. Bureau of Labor Statistics (BLS).&nbsp;</p><p>Public MSHA data show that in 2025, the U.S. mining sector employed 372,899 workers and operated 12,600 mining sites nationwide. That year, the industry reported 33 fatalities, and the fatality rate for 2015–2025 ranged between 8 and 16 per 100,000 FTE. MSHA reported that the overall mining industry's all-injury rate reached 1.74 injuries per 200,000 hours worked in 2025.</p><p><strong>Purpose</strong></p><p>The purpose of this Notice of Funding Opportunity (NOFO) is to enhance the quality, relevance, and availability of health and safety training for miners in the Western United States. Availability includes training frequency, geographic access, delivery methods and partnerships, and the cultural and educational appropriateness of materials. This NOFO is intended to complement, not duplicate existing MSHA, OSHA, and state-supported training programs and to address unmet needs specific to Western mining operations.&nbsp;</p><p>For this announcement, the Western Region States are defined as the states included in the NIOSH Western States Division (WSD) geographic area. These states are: Alaska, Arizona, California, Colorado, Hawaii, Idaho, Montana, Nevada, New Mexico, Oregon, Utah, Washington, Wyoming, North Dakota, South Dakota, Nebraska, Kansas, Oklahoma, and Texas.&nbsp;</p><p><strong>Objectives</strong></p><p>Under this NOFO, applicants are expected to develop and implement training and education programs that:</p><ul><li data-list-item-id=""e5160800adaefbbb4937369841d030952"">Identify and address specific health and safety training needs of miners in the Western United States.</li><li data-list-item-id=""edc41d734faa3f5f67e08cdf4956a487d"">Develop and deliver miner health and safety training through qualified instructors or faculty (excluding emergency response and hazmat training).</li><li data-list-item-id=""e9f714d12332be4cbf7b49f70c8c8b3ba"">Create and implement ""train-the-trainer"" programs to expand regional training capacity.</li><li data-list-item-id=""edfb09b9cdb53eb5da0aa5c2d41b78839"">Increase the number of qualified instructors with the technical and practical expertise needed for high quality training.</li><li data-list-item-id=""eac03663385dd3a4407d8400962a46ade"">Evaluate training effectiveness and impact, including improvements in knowledge, behaviors, practices, and injury or illness prevention.</li><li data-list-item-id=""ed7ee620880b8856fb8682fbc1c149f94"">Collaborate with existing MSHA, OSHA, state, industry, and academic programs to avoid duplication and maximize impact.</li><li data-list-item-id=""ea6b92db52abde14876e365005ab7fe77"">Ensure training content and delivery align with MSHA and OSHA guidelines and do not replicate training already available through federal or NIOSH-funded programs.</li></ul>",Possible,No,Disaster recovery and resilience,Emergency Management,No,Unknown,NA,NA,NA,NA,NA,NA,NA,NA
HRSA-27-019,Fiscal Year 2027 Regional Nutrition Hubs,"<p style=""margin-left:.5in;"">Fiscal Year (FY) 2027 Regional Nutrition Hubs (RNH) will support region-specific technical assistance (TA) on expanding high-quality nutrition services to the Health Resources and Services Administration's (HRSA) Health Center Program (H80) award recipients and look-alikes (health centers). Nutrition services prevent, manage, and treat diseases and conditions through nutritional and food-based interventions.&nbsp;</p>",Possible,No,Food and nutrition security,Public Health,No,Unknown,NA,NA,NA,NA,NA,NA,NA,NA
HRSA-27-014,Fiscal Year (FY) 2027 State and Regional Primary Care Association (PCA) Cooperative Agreements,"<p>The purpose of the Fiscal Year (FY) 2027 State and Regional Primary Care Association (PCA) program is to develop and deliver technical assistance (TA) that supports existing and potential Health Center Program award recipients and look-alikes (LALs), hereafter referred to as health centers, both directly and collaboratively with other HRSA-funded TA programs. PCAs will improve the health of medically vulnerable individuals and communities by:</p><ul><li data-list-item-id=""ec72f7d87f991e4eec0b8d0b6cd0e8268"">Increasing access to high-quality preventive and primary health care services.</li><li data-list-item-id=""ebe3ab7a472d648581da1fd5aa4f01d6c"">Improving chronic disease prevention and management to enhance the overall health of communities.</li><li data-list-item-id=""e913f0580d7c5f4c00d56c1232ac1777a"">Recruiting, retaining, and training a health center workforce.</li><li data-list-item-id=""ead5ae93ef8d5ff1a76a8c7e80c60b80d"">Preparing for, responding to, and recovering from emergent health events.</li><li data-list-item-id=""e723bfeee3b8dfaa2c571d085c80c1b63"">Implementing payer strategies, including value-based care delivery, to ensure high functioning, financially sustainable health centers.</li><li data-list-item-id=""e84c1a2f965bd2854060a48ed22c4d086"">Accelerating data-informed improvements to improve operations and clinical quality.&nbsp;</li></ul>",Possible,No,Health and direct-care workforce,Unknown,No,Unknown,NA,NA,NA,NA,NA,NA,NA,NA
HRSA-27-031,"Fetal, Infant, and Child Death Review Program","<p><span style=""background-color:white;"">This program will support coordinated leadership and technical&nbsp;assistance&nbsp;to state, local, and tribal&nbsp;fetal&nbsp;infant and&nbsp;child&nbsp;death review&nbsp;(FICDR)&nbsp;teams to ensure a standardized and coordinated approach for quality fatality reviews, data collection, and dissemination of findings to inform&nbsp;review team practice and local </span>prevention strategies.&nbsp;</p>",Possible,No,"Maternal, infant, reproductive health",Public Health,Yes,Unknown,NA,NA,NA,NA,NA,NA,NA,NA
CDC-RFA-JG-27-0069,"Capacity Building for Global, Regional, and National Immunization Programs","<p>This award aims to strengthen immunization programs in priority countries so they can better prevent, control, and eliminate/eradicate vaccine-preventable diseases (VPDs) like polio, measles, and rubella, reduce illness and death from these diseases, and respond to emerging global health threats.&nbsp;</p><p>The Recipient will build stronger systems in priority countries to prevent, detect, and respond to VPDs. This includes improving immunization services, strengthening VPD surveillance, and expanding the capacity to prepare for and manage outbreaks. The Recipient will also create and carry out targeted approaches to reach high-risk groups who are un- or under-immunized. Additionally, the Recipient will promote long-term sustainability of immunization programs–such as supporting evidence-based decisions through National Immunization Technical Advisory Groups (NITAGs)–and enhance program evaluation to increase impact. The Recipient will manage and coordinate Pakistan's National Stop Transmission of Polio (NSTOP) program and assist countries facing polio outbreaks or at high risk for them. This agreement may also support other global health priorities aligned with CDC goals.</p>",Possible,No,No keyword match,Unknown,No,Unknown,NA,NA,NA,NA,NA,NA,NA,NA
HRSA-27-041,Rural Communities Opioid Response Program - Evaluation,"<p>The purpose of the Rural Communities Opioid Response Program (RCORP) - Evaluation is to evaluate the impact of rural behavioral health strategies and methods employed under the RCORP initiative, and to develop evaluation tools and resources for use in rural communities to inform future community-led rural health initiatives</p>",Possible,No,Opioid and substance use,Behavioral Health,No,Unknown,NA,NA,NA,NA,NA,NA,NA,NA
HRSA-27-047,Rural Maternity and Obstetrics Management Strategies Program,<p>The purpose of the Rural Maternity and Obstetrics Management Strategies (Rural MOMS) program is to support collaborative improvement and innovation networks to improve access to and delivery of maternity and obstetrics care in rural areas.</p>,Possible,No,Rural access and telehealth,Unknown,No,Unknown,NA,NA,NA,NA,NA,NA,NA,NA
RFA-CE-27-015,Preventing Suicide and Interpersonal Violence Among Youth and Young Adults,"<p>The Centers for Disease Control and Prevention's (CDC) National Center for Injury Prevention and Control (NCIPC) seeks investigator-initiated research proposals to evaluate primary prevention-focused approaches to reduce suicide and interpersonal violence among youth and young adults (ages 10 to 24 years).</p><p>This NOFO will support the evaluation of existing primary prevention approaches (i.e., approaches that are already developed and implemented or have been shown to be ready for implementation) that have not yet undergone rigorous evaluation. For this announcement, ""approaches"" can include programs, policies, or practices.</p><p>Applicants can propose to evaluate approaches that: &nbsp;</p><ul><li data-list-item-id=""e869b083987bd1520512ccf6520fbc318"">Reduce suicide-related outcomes, enhancing social connectedness and social cohesion at the community level</li><li data-list-item-id=""e6c8c34564d76c2979afef2e1111b097c"">Reduce or mitigate the impact of unhealthy behaviors or experiences in online spaces on suicide-related outcomes</li><li data-list-item-id=""e88043af589293206bea686b1146530a0"">Evaluate approaches to reduce the incidence and/or harm caused by technology-facilitated forms of interpersonal violence&nbsp;</li></ul>",No,Yes,Behavioral health and crisis,Unknown,No,Unknown,NA,NA,NA,NA,NA,NA,NA,NA
FOR-FD-24-011,Cooperative Agreement for Long Term Data Collection on Antimicrobial Use in Animals (U01) Clinical Trial Not Allowed,"<p>FDA announces the availability of fiscal year (FY) 2024 funds to support one or more projects to 1) collect antimicrobial use data from diverse animal sectors, including domestic livestock, poultry, companion animals (dogs, cats, and horses), and minor species (e.g., fish, sheep, goats, etc.) and 2) contribute&nbsp;to the development of data collection frameworks, including providing data and expertise as resources and a public-private partnership frameworks are established.</p><p><br></p><p>This grant will support the continued advancement of FDA's initiatives to support antimicrobial stewardship in veterinary settings. It will also support the National Action Plan objectives to engage the animal health community and relevant stakeholders to advance strategies intended to improve understanding of antimicrobial use and foster antimicrobial stewardship in animal agriculture.</p><p><br></p>",No,Yes,Child and family well-being,Social Services,No,Unknown,NA,NA,NA,NA,NA,NA,NA,NA
RFA-OH-27-033,NIOSH Exploratory/Developmental Grant Program (R21),"<p>The R21 grant program is designed to advance our understanding of occupational diseases and injuries by focusing on the following three objectives:</p><ul><li data-list-item-id=""e45380dd694b0da5475422c8b896bfc82"">Identify the risks and conditions linked to workplace health issues.</li><li data-list-item-id=""ebef7e9a822c9a6169211824849c09892"">Develop strategies to reduce risks and limit exposure to hazardous environments.</li><li data-list-item-id=""ee1d931d68c20322d6be5cc64c57880d9"">Translate significant scientific discoveries into prevention measures and products that can effectively reduce work-related illnesses and injuries.</li></ul><p>The National Institute for Occupational Safety and Health (NIOSH) actively supports exploratory and developmental research projects (R21) that pursue:</p><ul><li data-list-item-id=""e173f9488beb787742d0de79ecf504477"">Innovative scientific concepts.</li><li data-list-item-id=""e55a2491aa9cadbb4af1c6e3dce5729ad"">New model systems.</li><li data-list-item-id=""e1af3eb7865c82778624088a0ace4bf3a"">Tools or technologies with the potential to make a meaningful impact on occupational safety and health.</li></ul><p>Through this NOFO, applicants will:</p><ul><li data-list-item-id=""ec244bb52d802b000eb44a00464a5dbf4"">Provide a clear and concise description of the specific occupational health burden the proposal addresses. &nbsp;</li><li data-list-item-id=""ef37199668a90ae496b10b85d422d0a50"">Demonstrate how the proposed research activities will lead to outputs that directly contribute to alleviating this burden.</li><li data-list-item-id=""ec86d71af2a9cf4d8bb7945440089709a"">Outline the expected outcomes and impacts of their research during the project and in the long term.&nbsp;</li></ul>",No,Yes,Disaster recovery and resilience,Unknown,No,Unknown,NA,NA,NA,NA,NA,NA,NA,NA
FOR-FD-24-008,Identification and Evaluation of Possible Approaches to Addressing Nitrosamine Impurities in Drugs (U01),"<p>The Food and Drug Administration's (FDA), Center for Drug Evaluation and Research (CDER), Office of New Drugs (OND), is announcing this Funding Opportunity Announcement (FOA) for a Cooperative Agreement.</p><p><strong>&nbsp;</strong></p><p>The proposed work directly supports the U.S. FDA’s stated goal of protecting public health from unacceptable risks from nitrosamine impurities in human drugs. Although significant experimental and policy/regulatory initiatives have been undertaken in this area, there remains a need for further research into and development and refinement of translational and implementable practices that will protect the public against nitrosamine risks while ensuring continued safe access to critical therapeutic drugs. The aim is to improve the safety of human drugs with potential nitrosamine impurity liabilities.</p><p>&nbsp;</p><p>In addition to the work outlined above, the award recipient will assess how best to ensure that this research and practices development continues among industry members, non-profits, and/or academic institutions once the FDA funding for this cooperative agreement ends.</p>",No,Yes,No keyword match,Public Health,No,Unknown,NA,NA,NA,NA,NA,NA,NA,NA
FOR-FD-24-010,Cooperative Agreement to Support a Human Abuse Potential Study of Botanical Kratom (U01 Clinical Trial Required),"<p>The U.S. Food and Drug Administration (FDA) seeks applications to develop, implement, and evaluate a human abuse potential (HAP) study of botanical Kratom. FDA has previously warned consumers about the use of Kratom (Mitragyna speciosa), a plant indigenous to Southeast Asia.&nbsp;Kratom alkaloids have demonstrated both affinity and activity at receptor sites known to be associated with abuse, such as mu opioid receptors. Although Kratom use is prevalent, to date, clinical evaluations of its abuse potential have been limited.&nbsp;</p><p><br></p><p>The proposed HAP study should be performed in accordance with the guidance for industry, ""Assessment of Abuse Potential of Drugs,"" including (but not limited to) the selection of an appropriate comparator(s) and outcome measures, statistical analyses etc.&nbsp;Interested parties, will also complete the submission of an Investigational New Drug (IND) application and obtain Institutional Review Board (IRB) clearance.&nbsp;&nbsp;</p>",No,Yes,Opioid and substance use,Behavioral Health,No,Unknown,NA,NA,NA,NA,NA,NA,NA,NA
RFA-AG-26-005,"Limited Competition: Social, Behavioral, & Economic (SBE) Coordinating Center","<p>This is a Forecast for a Limited Competition Notice of Funding Opportunity (NOFO)&nbsp;that will invite application(s) from eligible organization(s) to apply. Please see the Eligibility Section for additional information. In accordance with NIH standard peer-review processes, the application(s) will be peer-reviewed, and only meritorious application(s) will be considered for funding.</p><p>It is anticipated that the NOFO will enable the Social, Behavioral, and Economic Coordinating Center (SBE-CC) to build on its previous work of&nbsp;informing a future pandemic response that serves&nbsp;all&nbsp;Americans. To achieve this objective, the CC will focus on the following activities:</p><p style=""margin-left:25px;"">(1) Developing annual strategic directions,</p><p style=""margin-left:25px;"">(2) Fostering cross-talk, collaboration, and strategy across the SBE research community, and</p><p style=""margin-left:25px;"">(3) Providing and disseminating resources for SBE research communities.</p><p>Applications are not being solicited at this time.</p>",Unclear,No,Child and family well-being,Social Services,No,Unknown,NA,NA,NA,NA,NA,NA,NA,NA
PAR-26-027,Centers of Biomedical Research Excellence: Development Phase (COBRE-D),"<p>The NIGMS Institutional Development Awards (IDeA) program supports biomedical research capacity building in states that have historically received low levels of NIH funding. The Centers of Biomedical Research Excellence: Development Phase (COBRE-D) program provides funding to enable institutions in IDeA states to increase their biomedical research capacity in broad scientific areas of strategic importance to them but for which they have limited existing infrastructure or expertise. COBRE-D is intended to support a long-term institutional vision focused on the recruitment and mentoring of early-career investigators by supplementing start-up packages for new hires, the establishment of research facilities, and enhancement of research administration support services. This program serves as an on-ramp for less-resourced institutions to the Centers of Biomedical Research Excellence: Expansion/Sustainability Phases (COBRE E/S) program.&nbsp;</p>",Unclear,No,Health and direct-care workforce,Unknown,No,Unknown,NA,NA,NA,NA,NA,NA,NA,NA
PAR-28-006,Limited Competition: High Impact Specialized Innovation Programs in Clinical and Translational Science,"<p style=""margin-left:0px;"">The purpose of the Congressionally mandated Clinical and Translational Science Award (CTSA) Program is to accelerate the translation of scientific discoveries into treatments, diagnostics, and health interventions that improve patient and public health by funding and coordinating a national network of academic medical centers that provide the infrastructure, expertise, training, and collaboration needed to move discoveries from the laboratory into clinical practice and community health. The purpose of the High Impact Specialized Innovation Programs (SIPs) is to support the development and demonstration of unique hub capabilities, research platforms and/or resources to address in a timely manner critical gap areas and/or roadblocks in clinical and translational science at awarded CTSA Program Hubs.&nbsp;</p><p style=""margin-left:0px;"">Awards are made under the authorization of Sections 301 and 405 of the Public Health Service Act as amended (42 USC 241 and 284) and under Federal Regulations 42 CFR Part 52 and 2 CFR Part 200.</p><p style=""margin-left:0px;"">This is a Forecast for a Limited Competition that will invite application(s) from eligible organization(s) to apply. Please see Eligibility Section for additional information. In accordance with NIH standard peer-review processes, the application(s) will be peer-reviewed, and only meritorious application(s) will be considered for funding.&nbsp;</p>",No,No,No keyword match,Public Health,No,Unknown,NA,NA,NA,NA,NA,NA,NA,NA
TEMP-31334,NIEHS Worker Training Program’s HAZMAT Training at DOE Nuclear Weapons Complex (UH4 Clinical Trial Not Allowed),"<p>The National Institute of Environmental Health Sciences (NIEHS) intends to publish a Notice of Funding Opportunity (NOFO) to solicit applications for the NIEHS/DOE Worker Training Program's&nbsp;HAZMAT Training at US Department of Energy (DOE) Nuclear Weapons Complex (UH4 Clinical Trial Not Allowed). The major objective of the NIEHS WTP (Worker Training Program is to prevent work related harm by training workers in how best to protect themselves and their communities from exposure to hazardous materials.&nbsp;The WTP program is committed to preventing chronic disease/conditions, promoting mental health resilience, and improving the overall well-being of the U.S. workforce through health and safety education and training. The WTP is mandated by Congress through the Superfund Amendments and Reauthorization Act of 1986.&nbsp;</p> <p><br></p> <p><strong>Initiative Details</strong></p> <p>The Superfund Amendments and Reauthorization Act of 1986 (SARA), Section&nbsp;<a href=""https://www.congress.gov/99/statute/STATUTE-100/STATUTE-100-Pg1613.pdf"" target=""_blank"" style=""color: rgb(31, 107, 178);"">126(g)</a>; in U.S. law at&nbsp;<a href=""https://uscode.house.gov/view.xhtml?req=(title:42%20section:9660a%20edition:prelim)"" target=""_blank"" style=""color: rgb(31, 107, 178);"">42 USC 9660a</a>: authorizes an assistance program (GRANT PROGRAM) for training and education of workers engaged in activities related to hazardous waste generation, removal, containment or emergency response and hazardous materials transportation and emergency response. The United States Congress assigned responsibility for administering this program to the NIEHS, NIH, US HHS.</p> <p><br></p> <p>The National Defense Authorization Act for fiscal years 1992 and 1993 (42 USC 7274(d)) authorized the Secretary of Energy in section 3131(a)(1)(A)-(B) to make awards (in law at&nbsp;<a href=""https://www.govregs.com/uscode/expand/title50_chapter42_subchapterVI_partC_section2736#uscode_0"" target=""_blank"" style=""color: rgb(31, 107, 178);"">50 USC 2731(a)(1-3)</a>: ""to provide training and education to persons who are or may be engaged in hazardous substance response or emergency at DOE nuclear weapons facilities; and to develop response curricula for such training and education."" The Secretary was further authorized in Section 3131(a)(2)(A)-(B) to make the training awards to non-profit organizations demonstrating capabilities in: ""implementing and conducting effective training and education programs relating to the general health and safety of workers; and identifying, and involving in training, groups of workers whose duties include hazardous substance response or emergency response."" Funding for the program comes from the Energy and Water Development Appropriations under the DOE Environmental Cleanup section and is transferred to administer the grants in Sect. 3131(a)(2)(B).</p> <p><br></p> <p>This NOFO will utilize the UH4 activity code to provide support for the development of health and safety training of workers exposed to hazardous materials. This consists of&nbsp;health and safety training for workers and their supervisors, who are engaged in hazardous waste generation, treatment, storage, disposal, removal, containment, transportation, or emergency response. Investigators with expertise and insights into this area of occupational, environmental health and safety education and training are encouraged to apply.&nbsp;In addition, collaborative investigations combining expertise in industrial hygiene and environmental exposures will be encouraged.&nbsp;</p>",No,Yes,Behavioral health and crisis,Cross-division,No,Unknown,NA,NA,NA,NA,NA,NA,NA,NA
PAR-26-025,"Bioengineering Research, Innovation and Technology Education (BRITE) Program (R25 Clinical Trial Not Allowed)","<p>The Bioengineering Research, Innovation and Technology Education (BRITE) Program is designed to foster the development of undergraduate freshmen and sophomores to pursue further studies and careers in bioengineering, biomedical imaging or other STEM fields relevant to NIBIB’s scientific mission. Applications are encouraged to propose integrated educational activities that include three elements: 1) a summer bridge program for incoming freshmen, and 2) in the freshman and sophomore years, educational activities during the academic year, and 3) summer research experiences. The BRITE program is intended to expose students to bioengineering and biomedical imaging and provide research, innovation and entrepreneurship training early in their college careers by incorporating didactic, experiential, mentoring and career development opportunities.</p><p>Student participants will receive support for the first two years of their undergraduate training. To enhance capacity for rigorous bioengineering training, this Notice of Funding Opportunity (NOFO) will support programs at baccalaureate degree granting institutions with modest levels of NIH research project grant funding.</p><p>The ultimate goal is for participants to pursue a doctoral degree or a subsequent research career in bioengineering, biomedical imaging or other NIBIB-relevant field that will in turn have a significant impact on the health-related research needs of the Nation.</p>",No,Yes,Child and family well-being,Cross-division,No,Unknown,NA,NA,NA,NA,NA,NA,NA,NA
RFA-CA-26-006,Carcinogen Hazard Assessment Monographs Program (CHAMP) (R01 Clinical Trial Not Allowed),"<p>Through this Notice of Funding Opportunity (NOFO), the National Cancer Institute (NCI) invites applications to critically and systematically evaluate the scientific evidence on carcinogenic hazards to humans. Identifying potential carcinogens is essential for guiding and advancing cancer research, as well as informing cancer control and prevention efforts. The resulting monographs will serve as crucial references that shape health policy and regulation, ultimately helping to reduce the cancer burden for all</p>",No,Yes,Disaster recovery and resilience,Unknown,Yes,Unknown,NA,NA,NA,NA,NA,NA,NA,NA
RFA-OD-27-009,Limited Competition: NIH Research Evaluation and Commercialization Hubs (REACH) (SB0 Clinical Trial Optional),"<p>The National Institutes of Health (NIH), including all of its Institutes and Centers, plans to publish a Notice of Funding Opportunity inviting eligible colleges, universities, and nonprofit organizations to apply for the NIH Research Evaluation and Commercialization Hub (REACH) program. The REACH program helps move promising biomedical discoveries from academic research into real-world products that can improve patient care and public health. Through this opportunity, NIH plans to fund five new academic entrepreneurship hubs. These hubs will support researchers by providing early-stage funding, technical and business resources, and mentorship in product development and commercialization. The hubs will focus on high-priority technologies that align with NIH's mission. Together, the funded hubs will form a technology development consortium that will help:&nbsp;</p><ul><li data-list-item-id=""ed7d2100d9bf9eb48afb719347737fab1"">Identify the most promising academic biomedical technologies;&nbsp;</li><li data-list-item-id=""e6e3acaab53a721386cc76ffdefd30d70"">Fund early product-development work, such as feasibility studies, prototypes, and proof-of-concept studies;&nbsp;</li><li data-list-item-id=""ea4e72475d4678632a5a97fa4a5ece584"">Provide access to expertise in science, regulation, reimbursement, business, law, and project management; and&nbsp;</li><li data-list-item-id=""eea08286aaf488a22a4658bc3aec1d0c2"">Offer entrepreneurship training and hands-on commercialization experience.&nbsp;</li></ul><p>Public-private partnerships and non-federal matching funding will be important to the program's success. The five awardees will build on lessons learned from previous REACH hubs and support the goals of the Phase 0 Proof of Concept Partnership pilot program, as authorized by the 2011 SBIR/STTR Reauthorization Act (P.L. 112-81 Section 5127) and extended through fiscal year 2031 under the Small Business Innovation and Economic Security Act (P.L. 119-83). The REACH program also supports federal research and development priorities, including preparing the 21st-century workforce, moving technologies from the lab to the marketplace, strengthening partnerships among government, industry, and academia, and addressing local health needs, particularly in medically underserved and/or rural areas.</p><p>This is a Forecast for a Limited Competition that will invite application(s) from eligible organization(s) to apply. Please see Eligibility Section for additional information. In accordance with NIH standard peer-review processes, the application(s) will be peer-reviewed, and only meritorious application(s) will be considered.</p><p>Applications are not being solicited at this time. Notice is being provided to allow potential applicants sufficient time to develop meaningful collaborations and responsive projects.&nbsp;</p>",No,Yes,Health and direct-care workforce,Public Health,No,Unknown,NA,NA,NA,NA,NA,NA,NA,NA
PAR-26-128,Limited Competition: High Impact Specialized Innovation Programs in Clinical and Translational Science (RC2 Clinical Trial Optional),"<p>The purpose of the High Impact Specialized Innovation Programs (SIPs) funded through the RC2 mechanism is to support the development and demonstration of high risk/high reward unique projects, capabilities, research platforms, infrastructure and/or resources to significantly advance clinical and translational science at awarded UM1 Clinical and Translational Science Award (CTSA) Program hubs. Successful programs supported through this funding opportunity are expected to lay a strong foundation for future adoption and/or dissemination of capabilities to additional CTSA Program hubs.</p><p>This is a Notice of Funding Opportunity (NOFO) for a Limited Competition that will invite application(s) from eligible organization(s) to apply. Please see Section III. Eligibility for additional information. In accordance with NIH standard peer-review processes, the application(s) will be peer-reviewed, and only meritorious application(s) will be considered for funding.</p>",No,Yes,No keyword match,Unknown,No,Unknown,NA,NA,NA,NA,NA,NA,NA,NA
RFA-TR-26-002,Limited Competition: HEAL Initiative Resource Centers for the Pain Management Effectiveness Network (ERN) (Clinical Trial Not Allowed),"<p style=""margin-left:0in;"">The National Center for Advancing Translational Sciences (NCATS), with NINDS, NIA, NIDCR, NCCIH, NCI, NIAMS, NHLBI, NICHD and the NIH Helping to End Addiction Long-term (HEAL) Initiative seeks to advance its mission by renewing the HEAL Pain Management Effectiveness Research Network (ERN) Resource Centers (RCs) needed for the successful planning, implementation, and completion of rigorous large-scale multisite clinical trials (CTs). CTs will expand the suite of evidence-based effective strategies and therapeutics to alleviate pain across the continuum of acute to chronic pain associated with many types of diseases and conditions, or presenting as a disease itself.&nbsp; The RCs will continue the provision of CT operational expertise, clinical coordination and safety monitoring, data coordination and biostatistical resources, and recruitment and retention support as well as access to additional clinical recruitment sites for CTs with a shared common theme of improving pain management.&nbsp; RCs work within the broad consortium of NCATS Clinical and Translational Science Awards (CTSA) hubs that each may contain multiple clinical sites at different institutions, to implement studies.</p><p>Grant authorities that allow NCATS and HEAL to forecast this opportunity are 42 U.S.C 241, 284, and 247d.</p><p>This is a forecast for a limited competition Notice of Funding Opportunity (NOFO) that will invite application(s) from eligible organizations to apply. Application(s) will be peer-reviewed and only funded if meritorious.</p>",No,Yes,Opioid and substance use,Unknown,No,Unknown,NA,NA,NA,NA,NA,NA,NA,NA
RFA-MD-27-001,Limited Competition: NIMHD Initiative for Improving American Indian and Alaska Native Cancer Outcomes (U19 - Clinical Trial Optional),"<p>The purpose of this Notice of Funding Opportunity (NOFO) is to support research that addresses the prevention, diagnosis, and treatment of cancers among American Indians and Alaska Natives (AI/AN), particularly those living in rural communities. The research objectives target overall cancer incidence and mortality, with the goal of making findings applicable and impactful in improving cancer outcomes in AI/AN patients and their families.</p><p>This is a Forecast for a Limited Competition that will invite application(s) from eligible organization(s) to apply. Please see Eligibility Section for additional information. In accordance with NIH standard peer-review processes, the application(s) will be peer-reviewed, and only meritorious application(s) will be considered for funding.</p>",No,Yes,Rural access and telehealth,Unknown,No,Unknown,NA,NA,NA,NA,NA,NA,NA,NA
HRSA-27-084,Teaching Health Center Graduate Medical Education (THCGME) Program,"<p>The purpose of the THCGME Program is to prepare residents to provide high-quality care,&nbsp;particularly in rural and medically underserved communities, while developing the competencies they need to serve a wide range of populations and communities. The THCGME does this by providing funding to support the training of residents in HRSA-supported primary care residency training programs in community-based ambulatory patient care centers.&nbsp;</p>",Unclear,No,Behavioral health and crisis,Behavioral Health,Yes,Unknown,NA,NA,NA,NA,NA,NA,NA,NA
HRSA-27-016,Children’s Hospitals Graduate Medical Education (CHGME) Payment Program,"<p><span style=""background-color:white;"">The Children’s Hospitals Graduate Medical Education (CHGME) Payment Program funds freestanding, children's hospitals. The money helps their graduate medical education (GME) programs train resident physicians and dentists.</span></p>",Unclear,No,Child and family well-being,Unknown,Yes,Unknown,NA,NA,NA,NA,NA,NA,NA,NA
FOR-FD-25-021,Conformance with the Egg Regulatory Program Standards,"<p>The purpose of this funding opportunity is to advance efforts for a nationally integrated food regulatory system by assisting state egg regulatory programs to achieve and maintain full conformance with the Egg Regulatory Program Standards (ERPS). The ERPS Cooperative Agreement will provide funding for state egg regulatory programs to:</p><p>1. Develop a plan to fully implement&nbsp;the Standards (ERPS) within five years of first receiving funding.</p><p>2. Enhance egg regulatory programs to advance public health.</p><p>3. Share egg regulatory inspection, compliance and enforcement, and laboratory information and data between states and the FDA.</p><p>4. Improve the leveraging of state regulatory resources and direct regulatory activities to reduce egg-related illness, attributed to shell egg hazards in facilities that produce, process, pack, hold or transport shell eggs and materials/supplies.</p>",No,No,Disaster recovery and resilience,Cross-division,No,Unknown,NA,NA,NA,NA,NA,NA,NA,NA
HHS-2027-IHS-PHN-0001,Public Health Nursing,"<p>The goal of this cooperative agreement is to improve the overall health and wellness of American Indian and Alaska Native men through a culturally responsive Public Health Nursing (PHN) case management and care navigation model. PHNs will engage men in preventive health and wellness services, increase access to care, promote early identification and management of health conditions, and support healthy lifestyle behaviors through coordinated, community-based interventions.</p>",Unclear,No,Health and direct-care workforce,Public Health,Yes,Unknown,NA,NA,NA,NA,NA,NA,NA,NA
HRSA-27-036,Maternal and Child Health (MCH) Nutrition Training Program,"<p>The purpose of this program is to improve the nutrition and overall well-being of mothers, children, and families. MCH Nutrition Training Programs will provide interdisciplinary graduate education to build a skilled workforce, provide technical assistance to state Title V and other MCH programs, expand nutrition education and career pathways, and improve access to high-quality nutrition services through trainee placements and practicums at health centers.&nbsp;</p>",Unclear,No,"Maternal, infant, reproductive health",Public Health,No,Unknown,NA,NA,NA,NA,NA,NA,NA,NA
CDC-RFA-CD-27-0067,National Foundation for the Centers for Disease Control and Prevention,"<p>The purpose of the program is to provide funding for the administrative expenses of the National Foundation for the Centers for Disease Control and Prevention (NFCDC). This grant will aid in the NFCDC's overall ability to carry out its mission to help CDC do more, faster by forging effective partnerships between CDC and others to fight domestic and global threats to health and safety. NFCDC-supported projects address CDC's mission and strategic priorities.</p><p>Measurable outcomes of the program will be in alignment with the performance goal(s) for CDC. The NFCDC contributes to CDC's efforts to reach its performance plan's targets. Specific measureable outcomes for this program include the number of programs and projects supported and the number of CDC Centers and Offices participating in NFCDC-funded programs and projects.</p><p>This announcement is only for non-research activities supported by CDC. If research is proposed, the application will not be reviewed. For the definition of research, please see the CDC Website at the following Internet address:</p><p><a href=""https://www.cdc.gov/grants/dictionary/index.html"">https://www.cdc.gov/grants/dictionary/index.html</a></p>",Unclear,No,No keyword match,Public Health,No,Unknown,NA,NA,NA,NA,NA,NA,NA,NA
CDC-RFA-CE22-22050601CONT27,Drug-Free Communities (DFC) Support Program – Competing Continuation (Year 6),"<p>The Drug-Free Communities (DFC) Support Program was created by the Drug-Free Communities Act of 1997 (Public Law 105-20). The Executive Office of the President, Office of National Drug Control Policy (ONDCP), and the Department of Health and Human Services (HHS), Centers for Disease Control and Prevention (CDC), National Center for Injury Prevention and Control (NCIPC) are accepting applications for Fiscal Year (FY) 2026 Drug-Free Communities (DFC) Support Program Grants.<br>The purpose of the DFC Support Program is to establish and strengthen collaborations to support the efforts of community coalitions working to prevent and reduce substance use among youth.<br>By statute, the DFC Support Program has two goals: 1) Establish and strengthen the collaboration among communities, public and private non-profit agencies, as well as federal, state, local, and tribal governments to support the efforts of community coalitions working to prevent and reduce substance use among youth (individuals 18 years of age and younger).<br>2) Reduce substance use among youth and, over time, reduce substance use among adults by addressing the factors in a community that increases the risk of substance use and promoting the factors that minimize the risk of substance use.<br>This funding opportunity will fund applicants who have concluded the first (Year 1 – 5) funding cycle or have experienced a lapse in funding.</p>",Unclear,No,Opioid and substance use,Behavioral Health,Yes,Yes,NA,NA,NA,NA,NA,NA,NA,NA
HRSA-27-055,Chronic Care Telehealth Centers of Excellence Program,"<p>The Chronic Care Telehealth Centers for Excellence Program will fund academic medical centers to integrate innovative telehealth technologies into the full spectrum of services included in chronic care models, including but not limited to, chronic disease prevention and management, and the treatment for acute episodes that result from long-term morbidity. These centers will disseminate findings through research publications and will serve as national models for integrating telehealth technology into chronic care services.</p>",Unclear,No,Rural access and telehealth,Unknown,No,Unknown,NA,NA,NA,NA,NA,NA,NA,NA
FOR-FD-24-012,Critical Path Public Private Partnerships Clinical Trials Optional,"<p>The FDA seeks an application to continue to maintain, manage existing consortia groups convened and established by the Critical Path Institute. This is a renewal of the cooperative agreement #5U18FD005320 as part of the Critical Path Initiative.&nbsp;This is in support of <a href=""https://uscode.house.gov/view.xhtml?req=(title:21%20section:360bbb-5%20edition:prelim)"" target=""_blank"">Critical Path Initiative introduced in Section 566 of the Federal Food, Drug, and Cosmetic Act</a>.&nbsp;&nbsp;This includes developing innovative, collaborative projects in research, education, and outreach for fostering drug product innovation, enabling the acceleration of development, manufacturing, and translational therapeutics, enhancing safety, efficacy, quality, and performance. This funding opportunity will provide support, depending on availability of FDA funding.&nbsp;&nbsp;</p>",No,Yes,Child and family well-being,Social Services,No,Yes,NA,NA,NA,NA,NA,NA,NA,NA
RFA-DP-27-030,Health Promotion and Disease Prevention Research Centers: 2027 Special Interest Project Supplements (SIPS),"<p>This NOFO will provide supplemental funding to the currently funding twenty (20) CDC Prevention Research Centers (PRCs) to conduct Special Interest Projects (SIPs). The purpose of the SIPs is to inform public health practice through high-quality applied health promotion and disease prevention public health research in real-world settings to identify, design, test, assess, evaluate, disseminate, and translate interventions or resources to prevent and reduce risk for the leading causes of illness, disability, and death in the United States.&nbsp;</p><p>The ten (10) SIPs that will be included in this NOFO are: (1) Automating Cancer Survivorship Care Plans: A Feasibility Study; (2) Medicare Data on Prostate Cancer Patterns of Care and Quality Indicators; (3) Planning Better Ovarian Cancer Care: Using State and Local Data to Improve Access to Gynecologic Oncologists; (4) Messaging about the benefits of and community-level approaches to reducing alcohol use for cancer prevention; (5) Demonstration of the use of cancer registry data to improve cancer clinical trial enrollment; (6) Visual Aids for Sunscreen Application; (7) Demonstration project for weather-related emergency preparedness and response plans for cancer prevention and control; (8) Developing a framework for improving prostate cancer care and informing support services; (9) Public Health Approaches to Hereditary Cancer Prevention, Detection, and Treatment; and (10) Research on Recent Developments and Emerging Issues in Chronic Disease Prevention and Care.</p><p>&nbsp;</p>",No,Yes,Disaster recovery and resilience,Cross-division,Yes,Unknown,NA,NA,NA,NA,NA,NA,NA,NA
FOR-FD-25-017,Efficient and Innovative Natural History Studies Addressing Unmet Needs in Rare Diseases (R01 Clinical Trials Optional),"<p><span style=""color: rgb(51, 51, 51);"">The purpose of this notice of funding opportunity (NOFO) is to support efficient and innovative natural history studies that advance medical product development in rare diseases/conditions with unmet needs. Through the support of natural history studies with high quality and interpretable data elements, FDA expects to address critical knowledge gaps, remove major barriers to progress in the field, exert a significant and broad impact on a specific rare disease or multiple rare diseases with similar pathophysiology, and facilitate rare disease product development.&nbsp;</span></p>",No,Yes,No keyword match,Unknown,Yes,Unknown,NA,NA,NA,NA,NA,NA,NA,NA
PA-25-280,Ruth L. Kirschstein National Research Service Award (NRSA) Short-Term Institutional Research Training Grant (Parent T35),"The National Institutes of Health (NIH) will award Ruth L. Kirschstein National Research Service Award (NRSA) Short-Term Institutional Research Training Grants (T35) to eligible, domestic institutions to develop and/or enhance research training opportunities for predoctoral students interested in careers within biomedical, behavioral, or clinical research workforce. Many NIH Institutes and Centers (ICs) use this NRSA program exclusively to support intensive, short-term research training experiences for health professional students (medical students, veterinary students, and/or students in other health-professional programs) during the summer. This program is also intended to encourage training of graduate students in the physical or quantitative sciences to pursue interests in research careers by short-term exposure to, and involvement in, the health-related sciences. The training should be of sufficient depth to enable the trainees, upon completion of the program, to have a thorough exposure to the principles underlying the conduct of biomedical research.",Possible,No,Health and direct-care workforce,Unknown,Yes,Unknown,NA,NA,NA,NA,NA,NA,NA,NA
PAR-27-032,Maximizing Investigators’ Research Award (MIRA) for Early Stage Investigators (ESI),"The Maximizing Investigators' Research Award (MIRA) for Early Stage Investigators (ESIs) provides support for ESIs with a program of research that aligns with the NIGMS mission.MIRA distributes funding among promising investigators across the country. The goal is to boost scientific productivity and the chances for important breakthroughs.Through this program, investigators can:Receive independent research funding early to start and sustain strong research careers.Explore new, unique research areas in the NIGMS mission.Take on ambitious, creative projects.Shift focus to include emerging techniques and technologies as needed.Devote more time to mentoring trainees in a stable research environment.",Possible,No,No keyword match,Unknown,No,Unknown,NA,NA,NA,NA,NA,NA,NA,NA
PAR-24-027,Population Assessment of Tobacco and Health (PATH) Study Biospecimen Access (X01),"The Population Assessment of Tobacco and Health (PATH) Study provides the scientific community with biospecimens (urine, plasma, serum, and genomic DNA) and related research data on behaviors, attitudes, biomarkers and health outcomes associated with tobacco use in the U.S. This opportunity allows investigators to apply for access to the biospecimens from the PATH Study. Information about the PATH Study and this resource may be found on the PATH Study series page (https://doi.org/10.3886/Series606) at the University of Michigans National Addiction and HIV Data Archive Program (NAHDAP) website, part of the Inter-University Consortium for Political and Social Researchs (ICPSR) website.",Possible,No,Opioid and substance use,Unknown,Yes,Unknown,NA,NA,NA,NA,NA,NA,NA,NA
PAR-25-206,Pilot Effectiveness Trials for Post-Acute Interventions and Services to Optimize Longer-term Outcomes (R01 Clinical Trial Required),"NIMH seeks applications for pilot effectiveness projects to evaluate the preliminary effectiveness of therapeutic and service delivery interventions for the post-acute management of mental health conditions that are matched to the stage of illness in terms of both their focus (e.g., consolidating and maintaining gains from initial treatment, managing residual symptoms/impairment, preventing relapse, promoting adherence and appropriate service use) and intensity/burden. In this pilot phase of effectiveness research, the trial should be designed to evaluate the feasibility, tolerability, acceptability, safety, and potential effectiveness of the approach; to address whether the intervention engages the target(s)/mechanisms(s) that is/are presumed to underlie the intervention effects; and to obtain preliminary data needed as a pre-requisite to a larger-scale effectiveness trial (e.g., comparative effectiveness study, practical trial) designed to definitely test the effectiveness of interventions to improve post-acute outcomes. This Notice of Funding Opportunity (NOFO) supports pilot effectiveness research to evaluate the feasibility, tolerability, acceptability, safety and preliminary indications of effectiveness of post-acute phase intervention approaches and inform the design of definitive effectiveness trials. Support for fully-powered, definitive effectiveness studies focused on post-acute phase interventions is provided via the R01 currently TEMP-24813.",No,Yes,Behavioral health and crisis,Cross-division,Yes,Unknown,NA,NA,NA,NA,NA,NA,NA,NA
PA-27-034,"NIH Research Education Program - Courses, Curriculum & Methods (Parent R25 - Clinical Trial Not Allowed)","The National Institutes of Health (NIH) Research Education Program supports research education activities in the mission areas of the NIH. The overarching goal of the Research Education program is to:Support educational activities that complement and/or enhance training of a workforce to meet the nation's biomedical, behavioral and clinical research needs;Help recruit individuals with specific specialty or disciplinary backgrounds to research careers in biomedical, behavioral and clinical sciences; andFoster a better understanding of biomedical, behavioral and clinical research and its implications.",No,Yes,Child and family well-being,Social Services,No,Unknown,NA,NA,NA,NA,NA,NA,NA,NA
PA-24-201,Emergency Competitive Revision to Existing NIH Awards (Emergency Supplement - Clinical Trial Optional),"The National Institutes of Health (NIH) hereby notify the applicant community that funds may be available for applications based on a presidentially declared disaster under the Stafford Act, a public health emergency declared by the Secretary, HHS, or other local, regional or national disaster. Applications in response to Emergency Notices of Special Interest (NOSIs) will be routed directly to the NIH awarding component signed on to the Emergency NOSI. Only applications submitted in response to an Emergency NOSI published by an IC will be allowed to apply to this NOFO.",No,Yes,Disaster recovery and resilience,Cross-division,Yes,Yes,NA,NA,NA,NA,NA,NA,NA,NA
PAR-25-271,NCCIH Natural Product Mid Phase Clinical Trial (R01 Clinical Trial Required),"This Notice of Funding Opportunity (NOFO) encourages applications for investigator-initiated mid-phase clinical trials of natural products(i.e., botanicals, dietary supplements, and probiotics), which have a strong scientific premise to justify further clinical testing. For this NOFO, natural products include promising nutritional regimens that standardize the amount of a specific naturally occurring nutritional compound (e.g., omega-3 fatty acids, anthocyanidins, or polyphenols) and have compelling preliminary evidence. All applications submitted under this NOFO must be supported by sufficient preliminary data demonstrating bioavailability (if applicable) and documentation that the natural product produces a reproducible and measurable impact on target engagement (i.e., measure of the mechanism of action). Only in cases when it is not possible/practical to measure target engagement in the patient population of interest or when there is a fundamental understanding of the products mechanism of action will this preliminary data requirement be waived. Applications submitted to this NOFO should propose a mid-phase clinical trial to do the following: determine the optimal dose or formulation of a given natural product for use in a future multi-site efficacy trial; or determine which patient phenotypes will be responders versus non-responders to the natural product to inform inclusion/exclusion criteria of a future efficacy trial. Clinical trials submitted under this NOFO are expected to be hypothesis based, milestone-driven, and directly related to the research priorities and mission of NCCIH. This NOFO will not support single-site or multi-site efficacy or effectiveness trials, nor will it support trials to test natural products for the treatment or prevention of cancer. Applicants are encouraged to contact the appropriate NCCIH Scientific/Research contact for the area of science for which they are planning to develop an application prior to submitting to this NO",No,Yes,Food and nutrition security,Public Health,Yes,Unknown,NA,NA,NA,NA,NA,NA,NA,NA
PAR-27-069,Accelerating Discovery through Partnered Research with All of Us to Analyze Participant Biospecimens (X01 Clinical Trial Not Allowed),"The purpose of this Program Announcement with Special Receipt, Referral, and/or Review Considerations (PAR) is to solicit applications to access stored blood plasma, blood serum, and extracted DNA from the All of Us Research Program supported Biobank to advance the program's mission of accelerating health research and medical breakthroughs, enabling individualized prevention, treatment, and care for all of us.All of Us partnered research studies are collaborative initiatives funded by a study sponsor external to All of Us to collect and add new data to the All of Us Researcher Workbench in accordance with All of Us"" best practices. All of Us partnered research studies are open to the broad scientific community and require investigators to apply for and receive an X01 award under this announcement.This will enable longitudinal follow‐up and repeat sampling, and provide multiomic data (genomics, proteomics, metabolomics, and other high‐dimensional molecular profiles), integrated clinical, environmental, and life‐course data, infrastructure designed to support future clinical‐trial recruitment, and public‐private partnership pathways.This opportunity will enable researchers to conduct assays to evaluate associations between newly collected and existing All of Us data and add new data to the All of Us dataset for broad use by the research community. High-priority areas for biospecimen analyses may include, but are not limited to, large scale projects that propose integrated multiomics analyses, early disease detection, biomarker discovery or validation, novel risk models for incident disease, and/or novel disease stratification for chronic disease risk, diagnosis, and prognosis, in support of advancing precision medicine. For more information, please visit the All of Us X01 Partnered Research Studies Resource webpage.",No,Yes,Health and direct-care workforce,Unknown,No,Unknown,NA,NA,NA,NA,NA,NA,NA,NA
RFA-OD-27-008,Maximizing the Scientific Value of Data Generated by the Environmental Influences on Child Health Outcomes (ECHO) Program: Ruth L. Kirschstein National Research Service Award (NRSA) Individual Postdoctoral Fellowship (F32),"This NOFO seeks to advance research and training in high-priority areas of child health by stimulating the use of Environmental Influences on Child Health Outcomes (ECHO) Cohort data by postdoctoral fellows from relevant scientific disciplines. This RFA will provide opportunities for fellows to study child health outcomes through the analysis of ECHO's large longitudinal data sets within the NICHD Data and Specimen Hub (DASH) repository. ECHO's DASH dataset integrates de-identified longitudinal data from more than 71,000 participants across the U.S. Prenatal and child exposure data include physical, chemical, social, behavioral, and biological factors. ECHO's five primary pediatric outcome areas are pre-, peri-, and postnatal outcomes, upper and lower airway, obesity, neurodevelopment, and positive health.",No,Yes,"Maternal, infant, reproductive health",Public Health,No,Unknown,NA,NA,NA,NA,NA,NA,NA,NA
PAR-25-043,Mechanisms that Impact Cancer Risk after Bariatric Surgery (R01 Clinical Trial Optional),"Through this Notice of Funding Opportunity (NOFO), the National Cancer Institute (NCI) invites applications for support of investigator-initiated studies addressing mechanisms by which bariatric surgery impacts cancer risk, and seeks to draw in talented scientists who study bariatric surgery to investigate its effects on cancer, rather than shorter-term outcomes such as weight loss and diabetes.",No,Yes,No keyword match,Unknown,Yes,Unknown,NA,NA,NA,NA,NA,NA,NA,NA
RFA-DA-25-024,High Priority HIV and Substance Use Research (R01 Clinical Trial Optional),"<p>The purpose of this Funding Opportunity Announcement (FOA) is to support high priority research at the intersection of HIV and substance use. This FOA invites innovative research projects with the potential to open new areas of HIV/AIDS research and/or lead to new avenues for prevention, treatment and cure of HIV among people who use drugs (PWUD). Applications submitted under this FOA are required to have a detailed research plan, preliminary data, and a clear description of the nexus with substance use. This FOA is open to both individual researchers and research teams and includes all areas of research from basic science to clinical and implementation research. All studies must focus on NIH HIV/AIDS Research Priorities: NOT-OD-20-018: UPDATE: NIH HIV/AIDS Research Priorities and Guidelines for Determining HIV/AIDS Funding.</p>",No,Yes,Opioid and substance use,Behavioral Health,Yes,Unknown,NA,NA,NA,NA,NA,NA,NA,NA
CDC-RFA-TP22-2201,Public Health Crisis Response Cooperative Agreement,"CDC seeks to enhance the nation’s ability to rapidly mobilize, surge, and respond to public health emergencies (PHEs) as identified by CDC by establishing a roster of approved but unfunded (ABU) applicants that may receive rapid funding to respond to PHEs of such magnitude, complexity, or significance that they would have an overwhelming impact upon, and exceed resources available to, the jurisdictions. Applicants will undergo an objective merit review process, and entities that successfully meet the requirements for approval will be placed on the ABU list. CDC will use this ABU list for emergencies that require federal support to effectively respond to, manage, and address identified public health threats. CDC will make funding related to this NOFO available once it has determined a public health emergency exists or is considered imminent and will be contingent upon the availability and stipulations of appropriations. CDC will provide additional guidance and information to those on the ABU list when this NOFO is funded. Since this NOFO is designed to collect applications prior to a PHE, applicants are encouraged to submit work plans and budgets that demonstrate their ability to respond to a PHE. COVID-19 public health response plans, such as plans funded under CDC-RFA-TP18-1802 in 2020 are acceptable for this purpose. If this NOFO is funded for a specific PHE, CDC will develop supplemental guidance that outlines additional work plan and budget requirements tailored to the emergency. This NOFO is not a capacity-building funding mechanism, and it is not intended to create or establish new public health (PH) emergency management programs. It may be used to re- establish capacity lost or diminished because of the public health crisis. It is designed to support the surge needs of existing programs responding to a significant PHE. CDC will provide supplemental guidance to entities on the ABU list when this NOFO is activated regarding specific activities intended to address the emergency. CDC has strong relationships with governmental PH departments, community-based organizations, and other domestic partners and supports them for planning, capacity-building, preparedness, and response to PHEs. This NOFO complements these ongoing capacity-building preparedness and response programs by providing a mechanism for CDC to rapidly mobilize and fund PH organizations for specific response needs. Applicants must describe how this funding will not duplicate or supplant other federal funding. Upon occurrence of a PHE, CDC can rapidly fund specific applicants to accelerate public health crisis response activities such as coordinating emergency operations, hiring surge staff, and conducting needs assessments to determine the resources necessary to address the public health crisis. The NOFO also provides funding for specialized public health emergency response activities tailored to the specific public health crisis.",Possible,No,Behavioral health and crisis,Cross-division,Yes,Yes,NA,NA,NA,NA,NA,NA,NA,NA
HHS-2026-ACF-OCS-ET-0031,"Community Services Block Grant (CSBG) Performance Management, Data Collection, and Compliance Support","This NOFO is modified. The email address and phone number for the program office have been revised in the Contacts and Support section.The Office of Community Services (OCS), within the Administration for Children and Families (ACF), intends to issue a funding opportunity for a cooperative agreement for the Community Services Block Grant (CSBG) Strengthening CSBG Outcomes: Performance Management, Data Collection, and Compliance Support.This NOFO will promote a national competition to identify one organization to support CSBG states, territories, and eligible entities with performance management activities, including data collection and reporting as well as approaches to remedy issues of non-compliance resulting from monitoring visits. This cooperative agreement builds on a national infrastructure for CSBG performance excellence by supporting data quality, outcome measurement, and the annual Report to Congress. This investment emphasizes practical capacity building—enabling states, territories, and eligible entities to translate data into actionable insights designed to inform and improve CSBG program outcomes.This cooperative agreement builds off a previous NOFO and enhances the CSBG Performance Management Framework by emphasizing training and technical assistance (T/TA) that helps the CSBG network translate data into actionable insights designed to improve CSBG impacts, outcomes, and accountability.",Yes,No,Child and family well-being,Unknown,No,Unknown,NA,NA,NA,NA,NA,NA,NA,NA
RFA-OH-24-001,National Center for Construction Safety and Health Research and Translation (U54),"<p>NIOSH is encouraging the submission of an application from qualified organizations for a National Center for Construction Safety and Health Research and Translation. Applicants are encouraged to propose multidisciplinary approaches and coordination for impactful applied and intervention research, hazard identification, and controls; develop partnerships for implementing prevention and intervention activities; and serve as a leader in research translation and research-to-practice for the protection of construction workers in the U.S. The Center will accomplish these goals by integrating and advancing research, research translation, best practices, policy and guidance, and capacity building. Center work should consider the NIOSH strategic plan and NORA construction research objectives. Center structure should take advantage of diverse scientific resources and focus on national worker safety and health issues. Centers should emphasize the creation and implementation of evidence-based solutions that address important construction industry safety and health problems. Collaborations with other academic institutions, nonprofit organizations, and other occupational safety and health-focused groups are expected. Applicants must concisely describe the occupational health burden of important safety and health issues in the construction industry and discuss how focused research and outreach activities will help alleviate the burden and reduce numbers. Applicants should also clearly articulate the anticipated impacts of the Center’s proposed work, both during the project period and beyond.</p>",Possible,No,Disaster recovery and resilience,Aging,No,Unknown,NA,NA,NA,NA,NA,NA,NA,NA
CDC-RFA-JG-26-0043,Expanding global health security through local partnerships in Nigeria,"The purpose of this NOFO is to strengthen International Health Regulations (IHR) (2005) capacities of the Nigeria Centre for Disease Control and Prevention (NCDC); other Government of Nigeria ministries, departments, and agencies (MDAs) relevant to the implementation of multi-sectoral response efforts of the IHR; and sub-national public health institutions, such as State Ministries of Health and local government authorities. NCDC recently completed its second Joint External Evaluation (JEE) in 2023 and has shown significant improvement from the first JEE in 2017, however several gaps remain. Strengthening NCDC and MDAs health systems and workforce management capacity will further support Nigeria""s ability to work collaboratively using a multisectoral approach to implement the IHR. Strengthening sub-national capacities can improve detection and response to health threats at the local level where they occur.",Possible,No,Health and direct-care workforce,Public Health,No,Unknown,NA,NA,NA,NA,NA,NA,NA,NA
HHS-2026-ACF-ACYF-AP-0003,Personal Responsibility Education Innovative Strategies (PREIS),"The Personal Responsibility Education Program-Innovative Strategies (PREIS) builds the evidence base for adolescent pregnancy prevention interventions that are effective with high risk and vulnerable youth populations and addresses gaps with new promising program models. PREIS funds rigorous impact evaluations of innovative youth pregnancy prevention interventions that target services to high-risk, vulnerable, and culturally under-represented youth populations, including youth in foster care/child welfare settings, juvenile justice, victims of trafficking, youth who have runaway or experience homelessness, youth with HIV/AIDS, expectant youth who are under 21 years of age and their partners, parenting youth who are under 21 years of age and their partners, and youth residing in areas with high birth rates for youth. Projects must implement at least three of the six congressionally mandated adulthood preparation subjects (APS) which include: 1) healthy relationships, 2) adolescent development, 3) financial literacy, 4) parent-child communication, 5) educational and career success, and 6) healthy life skills. Projects are required to conduct rigorous impact evaluations (randomized controlled trials or quasi-experimental design studies with assignment to treatment or control group). PREIS evaluations must be conducted by an independent, third-party evaluator.Interventions to be evaluated under this funding opportunity are expected to have compelling, positive preliminary evidence from previous research, but have not been evaluated through a randomized control trial or quasi-experimental design. Interventions must have a well-described theory of change, with intervention materials already developed.",Possible,No,"Maternal, infant, reproductive health",Social Services,No,Unknown,NA,NA,NA,NA,NA,NA,NA,NA
PAR-23-202,Vet-LIRN Capacity-Building Project and Equipment Grants (U18),"<p>The goal of this NOFO is to fund veterinary diagnostic laboratories in the Vet-LIRN network for grants associated with projects and equipment. Specific objectives include:</p><p>1. Supporting the development, adaptation, or verification/validation of new methods associated with animal food issues or antimicrobial resistance.</p><p>2. Short-term surveillance or monitoring efforts aligned with the CVM mission.</p><p>3. Supporting equipment for testing or developing tests associated with animal food-related issues or antimicrobial resistance, including those for emerging technologies.</p><p>4. Developing projects related to antimicrobial stewardship, in alignment with CVM's key initiatives in this area.</p><p>5. Contributing as part of Vet-LIRN's AMR monitoring program, including sequencing isolates.</p><p>6. Supporting work associated with One Health, including emerging diseases such as COVID-19, when funding is available.</p>",Possible,No,No keyword match,Unknown,No,Unknown,NA,NA,NA,NA,NA,NA,NA,NA
HHS-2026-ACF-OFA-PG-0059,National Research Center for Promoting Work and Strong Families,"The Administration for Children and Families (ACF) anticipates soliciting applications for a National Research Center for Promoting Work and Strong Families.The Center aims to improve the effectiveness of federal and state policies that promote the dignity of work, economic self-sufficiency, and family stability through marriage, responsible fatherhood, child care, and reduced dependency on public assistance. The Center will support rigorous, policy-relevant research and build stronger connections between researchers and policymakers in human services programs.The Center will carry out three core activities to achieve its goals:Fellowship program: Support in-residence fellows placed within ACF and other HHS offices to provide policy-relevant research expertise on work, earnings, family stability, child care, and human services programs.Extramural research grants: Oversee a competitive grant program to fund timely, actionable research aligned with ACF priorities. These priorities include: promoting the dignity of work, economic self-sufficiency, and family stability.Knowledge building and communication: Host in-person and virtual events. Produce policy-focused materials to make sure that research findings are accessible and actionable for federal, state, tribal, and local policymakers.The Center will emphasize research that promotes the dignity of work as a means to economic self-sufficiency and strong and stable families. This research will ideally help identify redundancies across government welfare programs and make sure that taxpayer dollars are used efficiently to help individuals and families rely less on public assistance. Activities must align with ACF""s statutory authorities and may not support diversity, equity, inclusion, and accessibility (DEI/DEIA) activities, consistent with General Policies in this NOFO.ACF anticipates making one cooperative agreement award for a five-year project period. Activities must align with the statutory authorities supporting this NOFO. The recipient must be able to show, and ACF must be able to monitor, that funds appropriated were spent on activities that can be directly attributed to those required and allowed by each funding source.",No,Yes,Child and family well-being,Unknown,Yes,Unknown,NA,NA,NA,NA,NA,NA,NA,NA
RFA-OH-22-005,Commercial Fishing Occupational Safety Research Cooperative Agreement (U01),"The Fishing Safety Research Grant Program established by The Coast Guard Authorization Act of 2010 (P.L. 111-281), as amended by the Howard Coble Coast Guard and Maritime Transportation Act of 2014 (P.L. 113-281), is intended to provide funding to individuals in academia, members of non-profit organizations and businesses involved in fishing and maritime matters, and other persons with expertise in commercial fishing safety. The funding will be used to support research on improving the occupational safety of workers in the commercial fishing industry. This includes: improving vessel design; developing and improving emergency and survival equipment; enhancing vessel monitoring systems; improving communication devices, de-icing technology, and severe weather detection. In order to support and administer the grant program, the Coast Guard and NIOSH signed a Memorandum of Understanding on May 17, 2018. While the Coast Guard, along with the Occupational Safety and Health Administration (OSHA), provides regulatory oversight for safety and health matters within the commercial fishing industry, NIOSH is an agency operating under the Centers for Disease Control and Prevention (CDC) with the mission of generating new knowledge in occupational safety and health and transferring that knowledge into practice to prevent worker injury, illness and death. NIOSH conducts and funds scientific research, develops methods to prevent occupational hazards, develops guidance and authoritative recommendations, translates scientific knowledge into products and services, disseminates information, identifies factors underlying work-related disease and injury and responds to requests for workplace health hazard evaluations. NIOSH has an extensive history of conducting research to understand and to reduce hazards in the commercial fishing industry. This research has largely been conducted in close collaboration with crews, industry and the US Coast Guard. To learn more about NIOSH’s work in commercial fishing safety and health, visit https://www.cdc.gov/niosh/topics/fishing/default.html. Research objectives supported by NIOSH include, but are not limited to, the following: identification and investigation of the relationships between hazardous working conditions and associated occupational injuries and fatalities; development of more sensitive means of evaluating hazards at work sites; development of methods for measuring early markers of injuries and fatalities; development of new protective equipment and engineering control technology to reduce work-related injuries and fatalities; development of work practices that reduce the risks of occupational hazards; and evaluation of the technical feasibility or application of a new or improved occupational safety procedure, method, technique, or system, including assessment of economic and other factors that influence their diffusion and successful adoption in workplaces.",No,Yes,Disaster recovery and resilience,Emergency Management,No,Unknown,NA,NA,NA,NA,NA,NA,NA,NA
RFA-FD-26-012,Use of Digital Health Technologies in Clinical Investigations to Support Drug and Biological Product Development (U01) Clinical Trials Optional,<p>The purpose of this Notice of Funding Opportunity (NOFO) is to address topics related to the use of digital health technologies (DHTs) for remote data acquisition in clinical investigations to support drug development.</p>,No,Yes,No keyword match,Unknown,No,Unknown,NA,NA,NA,NA,NA,NA,NA,NA
PAR-24-236,Tribal Undergraduate to Graduate Research Training and Leadership Experiences (TURTLE) Program (UE5/T34),"The purpose of the Tribal Undergraduate to Graduate Research Training and Leadership Experiences (TURTLE) program is to fund federally recognized American Indian/Alaska Native (AI/AN) Tribes, tribal colleges or universities, Tribal health programs, or Tribal organizations (collectively termed, eligible Tribal Entities) to identify and develop a pool of scientists to conduct research on AI/AN health and health disparities. Through this Notice of Funding Opportunity (NOFO), NIGMS will provide support for a phased award to eligible AI/AN Tribal Entities to develop (UE5) and implement (T34) effective training and mentoring activities for research-oriented individuals earning a bachelor's degree in a biomedically-relevant field at a variety of institutions across the United States and territories. The overall purpose is to support the development of individuals who have the technical, operational, and professional skills required to conduct AI/AN health research in a culturally appropriate, ethically responsible and rigorous manner, to complete a bachelor's degree in a biomedical field, and ultimately to transition into careers in the biomedical research workforce.",Unclear,No,Health and direct-care workforce,Unknown,Yes,Unknown,NA,NA,NA,NA,NA,NA,NA,NA
PA-25-424,Ruth L. Kirschstein National Research Service Award (NRSA) Individual Senior Fellowship (Parent F33),The National Institutes of Health (NIH) awards senior individual research training fellowships to experienced scientists who wish to make major changes in the direction of their research careers or who wish to broaden their scientific background by acquiring new research capabilities as independent investigators in research fields relevant to the missions of participating NIH Institutes and Centers.,No,No,No keyword match,Unknown,No,Unknown,NA,NA,NA,NA,NA,NA,NA,NA
RFA-ES-27-004,Limited Competition: Superfund Hazardous Substance Research and Training Program (P42 Clinical Trial Optional),"The National Institute of Environmental Health Sciences (NIEHS) is announcing the continuation of the Superfund Hazardous Substance Research and Training Program, referred to as Superfund Research Program (SRP) Centers. SRP Center grants will support problem-based, solution-oriented research Centers that consist of multiple, integrated projects representing both the biomedical and environmental science and engineering disciplines; as well as cores tasked with administrative (which includes Center leadership, data management, and training); translational research and engagement; and research support functions. The scope of the SRP Centers is taken directly from the Superfund Amendments and Reauthorization Act of 1986, which limits competition for this program to accredited institutes of higher education.Please see Section III. Eligibility for additional information. In accordance with NIH standard peer-review processes, the application(s) will be peer-reviewed, and only meritorious application(s) will be considered for funding.",No,Yes,Behavioral health and crisis,Behavioral Health,No,Yes,NA,NA,NA,NA,NA,NA,NA,NA
PAR-24-235,Tribal Undergraduate to Graduate Research Training and Leadership Experiences (TURTLE) Program (UE5/T32),"The purpose of the Tribal Undergraduate to Graduate Research Training and Leadership Experiences (TURTLE) program is to fund federally recognized American Indian/Alaska Native (AI/AN) Tribes, tribal colleges or universities, Tribal health programs, or Tribal organizations (collectively termed, eligible Tribal Entities) to identify and develop a pool of scientists to conduct research on AI/AN health and health disparities. Through this Notice of Funding Opportunity (NOFO), NIGMS will provide support for a phased award to eligible AI/AN Tribal Entities to develop (UE5) and implement (T32) effective training and mentoring activities for research-oriented individuals earning a doctoral degree in a biomedical research field at a variety of institutions across the United States and territories. The overall purpose is to support the development of individuals who have the technical, operational, and professional skills required to conduct AI/AN health research in a culturally appropriate, ethically responsible and rigorous manner, to complete Ph.D.s in a biomedical field, and to transition into careers in the biomedical research workforce.",No,Yes,Health and direct-care workforce,Unknown,Yes,Unknown,NA,NA,NA,NA,NA,NA,NA,NA
PAR-24-214,Academic Research Enhancement Award (AREA) for Undergraduate-Focused Institutions (R15 Clinical Trial Required),"<p>The purpose of this Academic Research Enhancement Award (AREA) for Undergraduate-Focused Institutions is to support small scale research grants at institutions that do not receive substantial funding from the NIH, with an emphasis on providing biomedical research experiences primarily for undergraduate students and enhancing the research environment at applicant institutions.Eligible institutions must award baccalaureate science degrees and have received no more than $6 million dollars per year of NIH support (in both direct and F and A/indirect costs) in 4 of the last 7 fiscal years. For institutions composed of multiple schools and colleges, the $6 million funding limit is based on the amount of NIH funding received by all the non-health professional schools and colleges within the institution as a whole.This Notice of Funding Opportunity (NOFO) supports investigator-initiated mechanistic and/or minimal risk clinical trials addressing the mission and research interests of the participating NIH institutes. For the purpose of this NOFO, minimal risk clinical trials are defined as those that do not require FDA oversight, do not intend to formally establish efficacy, and have low risks to potentially cause physical or psychological harm.</p>",No,Yes,No keyword match,Unknown,Yes,Unknown,NA,NA,NA,NA,NA,NA,NA,NA
HHS-2026-ACF-OFVPS-EV-0052,Specialized Services for Abused Parents and Their Children (Demonstration Projects),"The purpose of the Specialized Services for Abused Parents and Their Children is to expand the capacity of family violence, domestic violence, and dating violence service programs and community-based programs to prevent future domestic violence. This is done by addressing the needs of children who have been exposed to family violence, domestic violence, or dating violence in an appropriate manner. Required activities include providing direct counseling; providing developmentally and age-appropriate services to victims and their children; providing advocacy on behalf of victims and their children; and supporting non-abusing parents in their roles as caregivers and in meeting social, emotional, and developmental needs of their children. Where appropriate, services may also work with a non-abusing parent and child together.Optional activities include providing early childhood development and mental health services; coordinating with and providing technical assistance to community-based organizations that serve victims or exposed children and providing additional services and referrals to services for children. These may include childcare, transportation, educational support, respite care, supervised visitation, or other necessary services.",Unclear,No,Behavioral health and crisis,Behavioral Health,Yes,Unknown,NA,NA,NA,NA,NA,NA,NA,NA
HHS-2026-ACF-ANA-NEG-0120,Economic Advancement Grants for Local Empowerment (EAGLE),"The Administration for Native Americans anticipates announcing the availability of funds and requesting applications for EAGLE: Economic Advancement Grants for Local Empowerment, supporting socioeconomic and cultural success for Native communities through business creation in regenerative agriculture, artificial intelligence, tribal energy sovereignty, and human capital development. The primary goals are to 1) support Native capacity, health, employability, and resourcefulness; 2) foster sustainable economic growth through job creation, infrastructure, and wealth-building; and 3) accelerate economic development and optimize governance. ANA intends to fully fund FY 2026 EAGLE awards for three years, with the NOFO including multiple Program Areas (PAs): Seventh-Generation Greenhouses to expand affordable, nutritious food production and local enterprise; Microgrids to enhance energy reliability, resilience, and independence; Welders to Elders to promote workforce development and community resilience; Tradition in Action—A Native Elder Program to support cultural education, intergenerational knowledge transfer, and leadership pipelines; and Indigenous Designs to Empower and Advance Self-Determination (IDEAS) to enable community-designed solutions to priority needs.",Unclear,No,Child and family well-being,Cross-division,Yes,Unknown,NA,NA,NA,NA,NA,NA,NA,NA
EP-U3R-26-001,Pediatric Disaster Care Centers of Excellence Program Cooperative Agreement,"<p>The purpose of this NOFO is to fund four PEDs COEs to:</p><ul><li>Develop a coordinated pediatric disaster care capability for pediatric patient care in disasters.</li><li>Strengthen pediatric disaster preparedness plans and health care system coordination related to pediatric medical surge in disasters.</li><li>Enhance statewide and regional medical surge capacity for pediatric patients.</li><li>Increase and maintain health care professional competency through the development and delivery of a standardized training program.</li><li>Enhance situational awareness of pediatric disaster care capabilities and capacity and assess regional pediatric readiness.</li></ul><p>Specific focus will be given to the management of pediatric care related to trauma, infectious diseases including</p>",Yes,No,Disaster recovery and resilience,Emergency Management,No,Unknown,NA,NA,NA,NA,NA,NA,NA,NA
HRSA-27-099,Fiscal Year 2027 Expanding Nutrition Services,"The purpose of Fiscal Year (FY) 2027 Expanding Nutrition Services (ENS) funding is to increase access to nutrition services at HRSA-funded health centers. Nutrition services can help to prevent, manage, and treat diseases and conditions through nutritional and food-based interventions. Health centers will use ENS funding to increase the number of nutrition services patients or visits.",Unclear,No,Food and nutrition security,Public Health,No,Unknown,NA,NA,NA,NA,NA,NA,NA,NA
HRSA-27-098,Medical Student Education Program (MSE),The Medical Student Education (MSE) Program provides support to public medical schools in the top quartile of states with a projected primary care provider shortage to expand or support education for medical students preparing to become physicians.,Unclear,No,Health and direct-care workforce,Health Workforce,No,Unknown,NA,NA,NA,NA,NA,NA,NA,NA
HHS-2026-ACF-ACYF-AT-0015,Tribal Personal Responsibility Education Program (Tribal PREP),"The Family and Youth Services Bureau will be posting a revised Tribal PREP NOFO shortly and will be accepting applications. Tribal PREP competitively funds projects that educate American Indian/Alaska Native (AI/AN) youth ages 10-19, and expectant and parenting youth under age 21, on both abstinence and contraception for the prevention of pregnancy, sexually transmitted infections (STIs), and HIV and promote successful transition of youth to adulthood through education on key adulthood preparation subjects (APS). Projects must implement at least three of the six congressionally mandated APS which include: 1) healthy relationships, 2) adolescent development, 3) financial literacy, 4) parent-child communication, 5) educational and career success, and 6) healthy life skills. Additionally, projects must 1) replicate evidence-based effective programs or substantially incorporate elements of effective programs that have been proven on the basis of rigorous scientific research to change behavior within the AI/AN tribal communities, which means delaying sexual activity, increasing condom or contraceptive use for sexually active youth, or reducing pregnancy among youth; 2) be medically-accurate and complete; 3) provide age-appropriate information and activities; and, 4) be provided in the cultural context that is most appropriate for AI/AN youth.",Unclear,No,"Maternal, infant, reproductive health",Unknown,Yes,Unknown,NA,NA,NA,NA,NA,NA,NA,NA
RFA-DP-18-000,RFA-DP-18-000,<p>Submit application as necessary for Type 6 Applications.</p>,Unclear,No,No keyword match,Unknown,No,Unknown,NA,NA,NA,NA,NA,NA,NA,NA
HHS-2026-ACF-OCS-EE-0026,Community Economic Development Projects,"The Office of Community Services (OCS) will award approximately $18.57 million in Community Economic Development (CED) discretionary funds to Community Development Corporations (CDC) to enhance job creation and business development for individuals with low income. Projects should be well-planned, financially viable, and innovative. CED awards will be made as part of a broader strategy to address objectives such as decreasing dependency on federal programs, chronic unemployment, and community deterioration in urban and rural areas. CED projects are expected to actively recruit individuals with low incomes to fill the positions created by CED-funded development activities, to assist those individuals in successfully maintaining employment, and to ensure that the businesses and jobs created remain viable for at least one year after the project period. CED projects can be non-construction or construction projects. In states with current projects, OCS encourages applicants to target rural and underserved areas.Furthermore, OCS encourages potential applicants to explore how proposed projects can be aligned and/or integrated with other OCS-funded programs and priorities to more comprehensively address the needs of rural and urban communities with high rates of poverty, unemployment, and substance-use disorder, as well as communities experiencing persistent poverty, as identified by US Department of Agriculture's Economic Research Service.",Unclear,No,Rural access and telehealth,Aging,No,Unknown,NA,NA,NA,NA,NA,NA,NA,NA
RFA-FD-25-020,Reissue of RFA-FD-23-001- Clinical Studies of Orphan Products Addressing Unmet Needs of Rare Diseases (R01 Clinical Trials Required),"<p><span style=""color: rgb(51, 51, 51);"">The purpose of this Notice of Funding Opportunity (NOFO) is to fund clinical trials of products evaluating efficacy and/or safety in support of a new indication or change in labeling to address unmet needs in rare diseases or conditions.&nbsp;Additionally, through the funding of collaborative, efficient, and/or innovative clinical trials, FDA expects to increase the number of approved treatments for rare diseases and exert a broad and positive impact on rare disease drug development.</span></p>",No,Yes,No keyword match,Unknown,Yes,Unknown,NA,NA,NA,NA,NA,NA,NA,NA
DHS-26-NPD-107-00-01,Fiscal Year 2026 National Incident Management System (NIMS),"<p>The purpose of the Fiscal Year (FY) 2026 NIMS Cooperative Agreement is to support EMAC, which is a congressionally ratified mutual aid compact (Pub. L. No. 104-321). The “purpose of the compact is to provide for mutual assistance between the states entering into the compact in managing any emergency disaster that is duly declared by the Governor of the affected state, whether arising from natural disaster, technological hazard, man-made disaster, civil emergency aspects of resources shortages, community disorders, insurgency or enemy attack.” The FY 2026 NIMS Cooperative Agreement The NIMS-EMAC NOFO addresses the challenge of closing funding gaps for EMAC operations, ensuring a swift and coordinated response to emergent threats and disasters. The success of EMAC rests on sustaining, maintaining and improving its operational capability and the capabilities and implementation of its members. It seeks to solve the problem of fragmented emergency management efforts by strengthening interconnectivity and collaboration between federal agencies and non-federal partners. The NIMS-EMAC NOFO supports Mission 5: Build a Resilient Nation and Respond to Incidents, Objective 5.2: Strengthen National Resilience, and Objective 5.4: Enhance Training and Readiness of First Responders, of the DHS 2023 Quadrennial Homeland Security Review (QHSR). Specifically, it aims to streamline the integration and coordination of resources during crises, allowing for quicker adaptation and mobilization across various jurisdictions.</p>",Possible,No,Disaster recovery and resilience,Cross-division,No,Unknown,NA,NA,NA,NA,NA,NA,NA,NA
DHS-26-GPD-159-00-99,State Border Security Reinforcement Fund,"<p>SBSRF, authorized by the One Big Beautiful Bill Act of 2025 (Public Law 119-21), was established to address the urgent need for robust and adaptable border security solutions at the state and local levels. SBSRF is a flexible hybrid program designed to reinforce the nation’s border by empowering states and local governments to meet evolving security challenges.</p><p><br></p><p>Program objectives include:</p><p>• Construction or deployment of a border wall, border barrier, or buoys along the southern border&nbsp;of the United States.</p><p>• Any work necessary to prepare the ground at or near land borders to allow construction and maintenance of a border barrier</p><p>• Detection and interdiction of illicit substances and aliens who have unlawfully entered the United States and have committed a crime under Federal, State, or local law.</p><p>• Relocation of aliens who are unlawfully present in the United States from population centers to other domestic locations.</p>",Possible,No,No keyword match,Unknown,No,Unknown,NA,NA,NA,NA,NA,NA,NA,NA
OLDCC-23-F-0003,DRAFT Community Noise Mitigation Program,"<p>This Notice identifies the draft criteria established for the selection of noise mitigation project(s) under the Community Noise Mitigation Program which is intended to facilitate the installation of sound insulation in covered facilities. Through the Consolidated Appropriations Act, 2022 (Pub. L. 117-103), $75 million in funding is available with $56,250,000 allocated for funding at or near active-duty military installations and $18,750,000 allocated for funding at or near guard or reserve installations, of which $5 million shall be for funding to communities for which a nearby military installation has transitioned to a new type or model of aircraft after January 1, 2019. The recipient has five (5) years from the date of award to expend these funds. The Office of Local Defense Community Cooperation must obligate these funds through a counter-signed grant agreement no later than TBD.</p>",Yes,No,No keyword match,Unknown,Yes,Unknown,NA,NA,NA,NA,NA,NA,NA,NA
FA8651-22-S0021,Partnership Intermediary Agreement (PIA),"<p><strong>SOURCES SOUGHT/MARKET SURVEY</strong>&nbsp;</p> <p><strong>2022&nbsp;AFRL/RW Partnership Intermediary Agreement (PIA)</strong>&nbsp;</p> <p><strong>FA8651-22-S-0021</strong></p> <p><strong>NAICS Code 541715 Research and Development in the Physical, Engineering and Life Science (except Nanotechnology and Biotechnology)</strong>&nbsp;</p> <p>&nbsp;</p> <p>&nbsp;</p> <p><strong>I.&nbsp;&nbsp;PURPOSE/BACKGROUND:</strong>&nbsp;</p> <p>&nbsp;</p> <p><strong style=""color: rgb(33, 33, 33);"">AFRL/RWK, Eglin AFB is conducting a sources sought/market survey to&nbsp;gauge&nbsp;the interest in the various research topics associated with a future Partnership Intermediary Agreement (PIA)</strong><span style=""color: rgb(33, 33, 33);"">. </span></p> <p>&nbsp;</p> <p><span style=""color: rgb(43, 43, 42);"">The Government is seeking Partnership Intermediary Agreements (PIAs) with entities that facilitate joint projects and accelerate technology transfer between the lab and the commercial market. These intermediaries help companies to identify federal technologies that can be licensed and commercialized; and work to increase the likelihood of successful cooperative activities between the lab, small businesses, academia and industry.</span></p> <p>&nbsp;</p> <p><span style=""color: rgb(43, 43, 42);"">The PIAs Program goals are:</span></p> <p><span style=""color: rgb(43, 43, 42);"">·&nbsp;&nbsp;&nbsp;&nbsp;&nbsp;&nbsp;&nbsp;&nbsp;Transfer technology developed by/for AFRL into Commercial Markets.</span></p> <p><span style=""color: rgb(43, 43, 42);"">·&nbsp;&nbsp;&nbsp;&nbsp;&nbsp;&nbsp;&nbsp;&nbsp;Transition commercial and academic innovation for use within AFRL.</span></p> <p><span style=""color: rgb(43, 43, 42);"">·&nbsp;&nbsp;&nbsp;&nbsp;&nbsp;&nbsp;&nbsp;&nbsp;Foster partnerships between AFRL, industry, and academia.</span></p> <p><span style=""color: rgb(43, 43, 42);"">·&nbsp;&nbsp;&nbsp;&nbsp;&nbsp;&nbsp;&nbsp;&nbsp;Inspire and support the next generation of technology leaders in the United States.</span></p> <p><span style=""color: rgb(43, 43, 42);"">·&nbsp;&nbsp;&nbsp;&nbsp;&nbsp;&nbsp;&nbsp;&nbsp;Foster and support innovation both within and external to AFRL.</span></p> <p>&nbsp;</p> <p><span style=""color: rgb(43, 43, 42);"">The PIAs Objectives are:</span></p> <p><span style=""color: rgb(43, 43, 42);"">·&nbsp;&nbsp;&nbsp;&nbsp;&nbsp;&nbsp;&nbsp;&nbsp;Patent and intellectual property (IP) management-Assist with the development and execution of licenses and the development or management of patents and the broader IP portfolio</span></p> <p>·&nbsp;&nbsp;&nbsp;&nbsp;&nbsp;&nbsp;&nbsp;&nbsp;<span style=""color: rgb(43, 43, 42);"">Technology and market research-conduct technology and market landscape or forecast&nbsp;studies to identify future directions for specific technologies, and provide broad</span> situational awareness regarding the origins and development of a particular technology domain or industry.</p> <p>·&nbsp;&nbsp;&nbsp;&nbsp;&nbsp;&nbsp;&nbsp;&nbsp;Collaboration spaces and business incubation-Establish and/or manage&nbsp;&nbsp;&nbsp;physical and virtual spaces that serve as a collaborative environment to engage with non-DoD researchers and businesses.</p> <p>·&nbsp;&nbsp;&nbsp;&nbsp;&nbsp;&nbsp;&nbsp;Technology assessment activities- support organizations with technology demonstrations, showcases, industry days, design sprints, hackathons, workshops, and other events.</p> <p>·&nbsp;&nbsp;&nbsp;&nbsp;&nbsp;&nbsp;&nbsp;&nbsp;RDT&amp;E collaboration activities-support organizations with the development, coordination, and problem-solving activities in support of RDT&amp;E collaboration&nbsp;activities.</p> <p>·&nbsp;&nbsp;&nbsp;&nbsp;&nbsp;&nbsp;&nbsp;&nbsp;Prototyping and manufacturing capabilities facilitate development of prototypes, and advance DoD's manufacturing capabilities.</p> <p>·&nbsp;&nbsp;&nbsp;&nbsp;&nbsp;&nbsp;&nbsp;&nbsp;Science, technology, engineering, and mathematics (STEM) education outreach- The Partnership Intermediary will work with AFRL and regional/national educational entities to expose students to high-value Science, Technology, Engineering, and Mathematics (STEM) learning opportunities. The Partnership Intermediary shall leverage local, state, regional, and national efforts to enhance STEM programs, increasing proficiency in the fields most directly related to the AFRL mission.</p> <p>·&nbsp;&nbsp;&nbsp;&nbsp;&nbsp;&nbsp;&nbsp;&nbsp;SBIR and STTR support programs-support the Small Business Innovation Research (SBIR) and the Small Business Technology Transfer (STTR) programs by performing technology scouting to identify and recruit small businesses to those programs.</p> <p>·&nbsp;&nbsp;&nbsp;&nbsp;&nbsp;&nbsp;&nbsp;&nbsp;Regional economic development - Engage with other entities in the region, such as universities and regional economic development groups, State, local State or local government, or a nonprofit entities, etc., to build their networks and contributions to the Munitions Technology innovation ecosystems within AFRL.&nbsp;&nbsp;</p> <p><br></p> <p>&nbsp;</p> <p><strong>II.&nbsp;BUSINESS&nbsp;INFORMATION:</strong>&nbsp;</p> <p>&nbsp;</p> <p>&nbsp;Business Information in response to this market survey must include the following:&nbsp;</p> <p>&nbsp;</p> <p>·&nbsp;&nbsp;&nbsp;&nbsp;&nbsp;&nbsp;&nbsp;&nbsp;Company/Institute Name:&nbsp;</p> <p>·&nbsp;&nbsp;&nbsp;&nbsp;&nbsp;&nbsp;&nbsp;&nbsp;Address:&nbsp;</p> <p>·&nbsp;&nbsp;&nbsp;&nbsp;&nbsp;&nbsp;&nbsp;&nbsp;Point of Contact:&nbsp;</p> <p>·&nbsp;&nbsp;&nbsp;&nbsp;&nbsp;&nbsp;&nbsp;&nbsp;CAGE Code:&nbsp;</p> <p>·&nbsp;&nbsp;&nbsp;&nbsp;&nbsp;&nbsp;&nbsp;&nbsp;Phone Number:&nbsp;</p> <p>·&nbsp;&nbsp;&nbsp;&nbsp;&nbsp;&nbsp;&nbsp;&nbsp;E-mail Address:&nbsp;</p> <p>·&nbsp;&nbsp;&nbsp;&nbsp;&nbsp;&nbsp;&nbsp;&nbsp;Web Page URL:&nbsp;</p> <p>·&nbsp;&nbsp;&nbsp;&nbsp;&nbsp;&nbsp;&nbsp;&nbsp;Size of business pursuant to North American Industry Classification System (NAICS) Code:&nbsp;&nbsp;&nbsp;</p> <p>&nbsp;</p> <p>Based on the above NAICS Code, state whether your company is:&nbsp;&nbsp;</p> <p>·&nbsp;&nbsp;&nbsp;&nbsp;&nbsp;&nbsp;&nbsp;&nbsp;Small Business (Yes / No)&nbsp;</p> <p>·&nbsp;&nbsp;&nbsp;&nbsp;&nbsp;&nbsp;&nbsp;&nbsp;Woman Owned Small Business (Yes / No)&nbsp;</p> <p>·&nbsp;&nbsp;&nbsp;&nbsp;&nbsp;&nbsp;&nbsp;&nbsp;Small Disadvantaged Business (Yes / No)&nbsp;</p> <p>·&nbsp;&nbsp;&nbsp;&nbsp;&nbsp;&nbsp;&nbsp;&nbsp;8(a) Certified (Yes / No)&nbsp;</p> <p>·&nbsp;&nbsp;&nbsp;&nbsp;&nbsp;&nbsp;&nbsp;&nbsp;HUBZone Certified (Yes / No)&nbsp;</p> <p>·&nbsp;&nbsp;&nbsp;&nbsp;&nbsp;&nbsp;&nbsp;&nbsp;Veteran Owned Small Business (Yes / No)&nbsp;</p> <p>·&nbsp;&nbsp;&nbsp;&nbsp;&nbsp;&nbsp;&nbsp;&nbsp;Service Disabled&nbsp;Veteran Small Business (Yes / No)&nbsp;</p> <p>·&nbsp;&nbsp;&nbsp;&nbsp;&nbsp;&nbsp;&nbsp;&nbsp;Is your company interested in possible subcontracting opportunities?&nbsp;(Yes/No)&nbsp;</p> <p><br></p> <p>Place of performance is anticipated to be within 30 miles of Eglin AFB, FL.</p> <p>&nbsp;</p> <p>State and local government entities and their affiliates may qualify as Partnership Intermediaries. A Partnership Intermediary can be: (I) a state or local government agency; (2) a non-profit entity owned, operated, or funded in whole or in part by, or on behalf of, a state or local government; or (3) a non-profit entity chartered by a state or local government. 10 USC §2368(f)(2); 15 USC §3715(c). A non-profit entity seeking to qualify as a partnership intermediary therefore must show a nexus to a state or local government. This nexus may consist of legislative sponsorship and/or (partial) funding, a defined state or local role in its operations, even if limited, or some form of government action demonstrating the organization is authorized to work on behalf of a state or local government</p> <p><span style=""color: rgb(192, 0, 0);"">&nbsp;</span></p> <p><strong>III. CAPABILITY STATEMENT:</strong>&nbsp;</p> <p>&nbsp;</p> <p>Capability Statements in response to this notice must include:&nbsp;</p> <p>&nbsp;</p> <p>1.&nbsp;&nbsp;&nbsp;&nbsp;&nbsp;Describe briefly the capabilities of your&nbsp;company&nbsp;and the nature of the services you provide.&nbsp;&nbsp;</p> <p>&nbsp;</p> <p>2.&nbsp;&nbsp;&nbsp;&nbsp;&nbsp;Describe your company's&nbsp;past experience&nbsp;on previous projects similar in complexity to this requirement.&nbsp;&nbsp;&nbsp;</p> <p>&nbsp;</p> <p><span style=""color: rgb(33, 33, 33);"">Forward all responses to Travis Sartele, Travis.Sartele.1@us.af.mil with the subject line: ""Forecast Response to AFRL/RW </span>Partnership Intermediary Agreement (PIA)<span style=""color: rgb(33, 33, 33);"">"".&nbsp;&nbsp;</span></p> <p><span style=""color: rgb(33, 33, 33);"">&nbsp;</span></p> <p><span style=""color: rgb(33, 33, 33);"">Responses must be received no later than 1600 CST on 10 Jan 22.&nbsp;</span></p> <p><span style=""color: rgb(33, 33, 33);"">&nbsp;</span></p> <p><span style=""color: rgb(33, 33, 33);"">Responses shall not exceed 5 pages.&nbsp;Contractor format is acceptable.&nbsp;</span></p> <p><br></p>",Unclear,No,Child and family well-being,Social Services,No,Unknown,NA,NA,NA,NA,NA,NA,NA,NA
HQ003426NFOECAD02,Pacific Disaster Center,"<p>On behalf of the Office of the Secretary of War/Office of the Under Secretary of War for Acquisition and Sustainment (OUSW(A&amp;S)) and the Office of the Under Secretary of War for Policy (OUSW(P)), the Washington Headquarters Services, Acquisition Directorate, (WHS/AD) seeks applications for sole-source awards from the University of Hawaii for the continuation of work for the Pacific Disaster Center (PDC) program.</p>",Unclear,No,Disaster recovery and resilience,Emergency Management,No,Yes,NA,NA,NA,NA,NA,NA,NA,NA
FOA-AFRL-PZLDA-2021-0001,STARBASE Wright Patt,"<p> </p> <ol> <li><strong><u>BACKGROUND:</u></strong></li> </ol> <p> </p> <ol> <li>STARBASE is a Department of Defense (DoD) program which serves the local community youth across the country by offering students an opportunity to participate in a variety of learning experiences designed to increase interest in and knowledge of science, technology, engineering and math (STEM).</li> <li>Activities also help students to develop positive self-esteem, provide goal setting/achievement skills and tools to lead a drug free life-style.</li> <li>Hands-on approach and participatory learning experiences provide a strong motivation to learn.</li> <li>Teamwork is emphasized throughout the curriculum, teaching students to work effectively with others.</li> </ol> <p> </p> <ol> <li>Typical STARBASE Program is for 5th grade students from area schools who attend classes one day a week over a 4 or 5-week period.</li> </ol> <p> </p> <ol> <li>Program is targeted for at-risk youth.</li> </ol> <p> </p> <ol> <li>Students are identified and selected by the school system.</li> </ol> <p> </p> <ol> <li>Participating teachers from each class are provided supplementary materials designed to sustain student excitement between visits.</li> <li>Special programs can be offered for teachers and students year-round.&nbsp;</li> </ol> <p> </p> <ol> <li>STARBASE curriculum includes (but is not limited to) astronomy, model rocketry, physics of flight and can be customized to include local facilities and areas of expertise.</li> </ol> <p> </p> <ol> <li>Complete lesson plans corresponding to state math and science requirements have been developed for all activities.</li> <li>Evaluation of program impact is based upon pretest and post‑test score comparisons and questionnaires returned from students, teachers, parents, and participating personnel.</li> </ol> <p> </p> <ol> <li>STARBASE Wright-Patt received approval and funding from the Department of Defense Office of the Secretary of Defense for Reserve Affairs OSD-RA in December 2003 and began operations in September 2004. </li> </ol> <p> </p> <ol> <li>It is the only STARBASE Academy in Ohio and it joins 66 other established STARBASE Academies across the United States and Puerto Rico at active duty, Guard and Reserve military installations.</li> <li>STARBASE Wright-Patt is part of the existing Wright-Patterson AFB Educational Outreach (EO) program.</li> <li>STARBASE Wright-Patt is currently operating at full capacity and hosts approximately 1500 students per year.</li> </ol> <p> </p> <ol> <li><strong><u>NEED:</u></strong></li> </ol> <p> </p> <ol> <li>Community Partnerships are allowed and encouraged under the STARBASE concept and private donations may be accepted</li> <li>Hiring of STARBASE Staff is through a local academic institution that receives a grant to act as a fiscal agent for the program receiving reimbursement for staff salaries and benefits.</li> <li>Staff works at STARBASE Wright-Patt under supervision of the STARBASE Executive Director</li> <li>WPAFB retains right to determine rates of pay and to make all decisions regarding employee recruitment, selection, performance evaluation and retention.&nbsp;Applicable Federal and State laws and regulations apply</li> </ol> <p> </p> <p> </p> <ol> <li><strong><u>REQUIREMENTS:</u></strong></li> </ol> <p> </p> <ol> <li>&nbsp;Provide a budget mechanism for hiring and paying STARBASE WRIGHT-PATT staff and such other financial transactions as agreed to by the parties.</li> <li>&nbsp;School districts within a 10 mile radius of Wright-Patterson Air Force Base are eligible to submit proposals.</li> <li>Funds for the contract recipient will be provided as follows: </li> </ol> <p> </p> <ol> <li>For salary (including all benefits, FICA, Workman's Comp, etc.) </li> <li>Funds will be repaid for the applicable pay periods advanced by&nbsp;the contract recipient</li> </ol> <p> </p> <ol> <li>Ensure that all federal and state requirements for employees are met.&nbsp;All pay and benefits services for STARBASE Wright-Patt personnel, which include withholdings for retirement, FICA, federal and state taxes, health insurance, etc. will be made by the contract recipient with funding provided by AFRL through the DoD that is subject to the availability of appropriated funds for the STARBASE WRIGHT-PATT program</li> </ol> <p> </p> <p>&nbsp; </p> <ol> <li><strong><u>SUBMISSION INSTRUCTIONS and FORMATTING REQUIREMENTS: </u></strong></li> </ol> <p> </p> <p> </p> <ol> <li>Responses to this RFI are due 30 days after the posting date<u> </u>to the following email address: daniel.andrews.1@us.af.mil . &nbsp;Any response received after this date will also be considered but may not be included in initial reporting or assessments.</li> <li>All responses should be in PDF or MS Word format and emailed to the technical point of contact Mr. Daniel Andrews. The subject line of the email should read, ""STARBASE Wright-Patt RFI""</li> <li>Unclassified/Classified RFI Responses: All responses should be unclassified. &nbsp;All information received in response to this RFI that is marked proprietary will be handled accordingly. Responses to this notice will not be returned.</li> <li>Format specifications include 12-point font, single-spaced, single-sided, 8.5 by 11 inches paper, with 1-inch margins in either Microsoft Word or Adobe PDF format. Responses should not exceed 5 pages. </li> <li>Submission of Documentation</li> <li>Cover Page (1 page) with RFI number and name, address, company / institution, technical point of contact, with printed name, title, email address, phone, and date. The Cover page shall also specify business type (i.e. small business, small disadvantaged business, women owned small business, veteran owned small business, HUBZone, large business, educational institution, etc.)</li> <li>Technical data and approach (4 pages)</li> <li>No cost or pricing information should be provided. Any received will be deleted and destroyed.</li> <li>vi. Due to email constraints, the size of the submission is limited to 10 MB.</li> </ol> <p>&nbsp; </p> <p><br></p> <p> </p> <p><strong>VI.</strong>&nbsp;&nbsp;&nbsp;&nbsp;<strong><u>QUESTIONS AND POINT OF CONTACT:</u></strong></p> <p> </p> <p>&nbsp;</p> <ol> <li>All correspondence and technical questions related to this matter should be e-mailed (preferred) or mailed to the Program Lead at:</li> </ol> <p> </p> <p>&nbsp;</p> <p>Daniel J. Andrews II</p> <p>AFRL/EN EZE STEM Division Chief</p> <p>Director, STARBASE Wright-Patt</p> <p>2261 Monahan Way</p> <p>WPAFB, OH 45433</p> <p>daniel.andrews.1@us.af.mil </p> <p> </p>",Unclear,No,Health and direct-care workforce,Unknown,Yes,Unknown,NA,NA,NA,NA,NA,NA,NA,NA
W911NF26RA009,Trusted Partner Program-Draft Solicitation-Advance Notice to Industry,"<p>This is Advance Notice to Industry of an upcoming requirement, with opportunity to provide feedback. Full Announcement is listed on SAM.GOV at: https://sam.gov/workspace/contract/opp/629e0be660b043b99a133e3a3ca37147/view</p><p><br></p><p>The Government is soliciting a cadre of multiple trusted partners made up of Academic entities, to include both Institutes of Higher Education and their associated entitles, capable of rapidly beginning work on sensitive basic and applied scientific research across the breadth of disciplinary perspectives relevant to the U.S. Army.</p>",Unclear,No,No keyword match,Unknown,No,Unknown,NA,NA,NA,NA,NA,NA,NA,NA
HT942526RTRPIIRA,"DoW Reconstructive Transplant, Investigator-Initiated Research Award","<p><strong>Summary:</strong> The fiscal year 2026 (FY26) Reconstructive Transplant Research Program (RTRP) Investigator-Initiated Research Award supports studies that have the potential to make an important contribution to reconstructive transplant research, patient care, and/or quality of life. All projects must demonstrate solid scientific rationale with military-relevant utility. The Investigator-Initiated Research Award does not support <a href=""https://ebrap.org/eBRAP/public/gai.htm?version=CD26_01#_Definition_List:~:text=or%20hardware%20procurement.-,Clinical%20Trial%3A,-As%20defined%20in"" target=""_blank"">clinical trials</a>.</p> <p><br></p> <p><strong>Distinctive Features:</strong><strong style=""color: red;""> </strong></p> <p>·&nbsp;&nbsp;&nbsp;&nbsp;&nbsp;&nbsp;&nbsp;&nbsp;<strong>Scope:</strong> Applications may focus on any phase of research from basic through translational, including preclinical studies in animal models, and clinical research in human subjects or human anatomical substances.</p> <p>·&nbsp;&nbsp;&nbsp;&nbsp;&nbsp;&nbsp;&nbsp;&nbsp;<strong>Study Design and Feasibility:</strong> The study design should be rigorous and support maximal reproducibility and translational feasibility. A strong statistical plan with appropriate power analysis is important.</p> <p>·&nbsp;&nbsp;&nbsp;&nbsp;&nbsp;&nbsp;&nbsp;&nbsp;<strong>Impact:</strong> Project results should have the potential for long- and short-term impact on the reconstructive transplant research field and/or patient community. Projects should address at least one of the <a target=""_blank"">FY26 RTRP Focus Areas</a>.</p> <p>·&nbsp;&nbsp;&nbsp;&nbsp;&nbsp;&nbsp;&nbsp;&nbsp;<strong>Preliminary Data:</strong><span style=""color: rgb(0, 176, 80);""> </span>Preliminary and/or published data that are relevant to reconstructive transplantation and support the rationale for the proposed research <strong>must be</strong> included.</p> <p>·&nbsp;&nbsp;&nbsp;&nbsp;&nbsp;&nbsp;&nbsp;&nbsp;<strong>Military Relevance: </strong>All projects must be responsive to the health care needs of military Service Members and/or Veterans recovering from traumatic injury, and/or their Family members, caregivers, or clinicians, as well as the general public. Collaboration with military researchers and clinicians is encouraged but not required.</p>",No,Yes,Behavioral health and crisis,Unknown,No,Unknown,NA,NA,NA,NA,NA,NA,NA,NA
W81XWH-21-NFRP-OUTREACH,NFRP Outreach and Invitation for Response,"<p>The Congressionally Directed Medical Research Program (CDMRP) Neurofibromatosis Research Program (NFRP) and the US Army Medical Research Acquisition Activity (USAMRAA) are exploring the possibility of pursuing a Research-based Other Transactions Agreement (rOTA) in accordance with 10 U.S.C. 2371 to support a major goal/product-driven team of exceptional institutions and investigators that will accelerate the clinical translation of basic NF research and ultimately decrease the impact of the disease. The objectives of the resulting rOTA shall be to conceive, design, develop, and conduct collaborative Phase I and II clinical evaluations of promising therapeutic agents for the management or treatment of NF1, NF2, and schwannomatosis.&nbsp;Historically, this requirement has been competed as an assistance agreement, with prior awards made as part of the FY06, FY11, and FY16 portfolios.&nbsp;If the Government pursues this requirement as a rOTA, it is anticipated that this will be awarded as part of the FY21 portfolio.</p> <p><strong>The Government is currently requesting feedback regarding the proposed approach and capabilities</strong>.&nbsp;All communication may be sent to <a target=""_blank"">Jason.D.Kuhns.civ@mail.mil</a>. &nbsp;This Outreach and Invitation for Response is issued solely for information and planning purposes and does not constitute a solicitation.&nbsp;Neither unsolicited proposals nor any other kind of offers will be considered.&nbsp;Responses to this notice are not offers and will not be accepted by the Government to form a binding contract.&nbsp;Responders are solely responsible for all expenses associated with responding accordingly.&nbsp;</p> <p><strong>General Information</strong></p> <p>The Government anticipates an arrangement with a single Operations Center and a minimum of five Clinical Trial Sites with a demonstrated history of collaborative research. The participants will be jointly responsible for prioritizing, proposing, conducting, and analyzing Phase I and Phase II clinical trials focused on therapeutic interventions for NF1, NF2, and schwannomatosis. </p> <p>The Government is open to discussions regarding teaming arrangements or consortiums. </p> <p>K<strong>ey Features:</strong></p> <p><strong>Cost Sharing</strong>-<strong> </strong>Research OTA’s require cost sharing, with Government funds not to exceed the total amount provided by other parties to the maximum extent practicable.&nbsp;Any resulting requirement will include a requirement for cost-sharing, and offerors will be required to demonstrate how resources (e.g. cash and non-cash) will be made available for this project.&nbsp;Please also note that the Government’s funds shall not be front-loaded, with certain matches being required before additional Government funds are made available.</p> <p><strong>Industry Partner- </strong>Any resulting proposal request may include a requirement to partner with a for-profit company.&nbsp;A letter of commitment may be required as part of any resulting proposal.</p> <p><strong>Milestone Based Payments- </strong>It is anticipated that milestone based payments will be included in this project.</p> <p><strong>Technical/ Data Rights- </strong>The Government intends to negotiate technical/ data rights as needed.</p> <p><strong>Access to populations- </strong>Given that this rOTA will sponsor Phase I and II clinical trials, any resulting proposal will include demonstrated access to patient populations.</p>",No,Yes,No keyword match,Unknown,No,Unknown,NA,NA,NA,NA,NA,NA,NA,NA
HT942526CRRPTRA,DOW Combat Readiness – Medical Research Program Translational Research Award,"<p><strong>Summary: </strong>The fiscal year 2026 (FY26) Combat Readiness – Medical Research Program (CRRP) Translational Research Award (TRA) supports hypothesis-driven innovative, high-impact translational research that will accelerate the movement of promising ideas and/or technologies in trauma care into solutions to maximize casualty survivability, improve patient care closer to the point of injury and/or trauma care guidelines. Preliminary data are required. Research using well-validated animal models is allowed.</p><p><br></p><p><strong>Distinctive Features:</strong></p><p><br></p><p>• **NEW for FY26** An investigator may be named as the Principal Investigator (PI) on only one FY26 CRRP TRA application.</p><p><br></p><p>• Research supported by the FY26 CRRP TRA must represent a mature, translational research effort with a minimum biomedical technology readiness level (TRL) of 4 or knowledge readiness level (KRL) of 4.</p>",No,No,Behavioral health and crisis,Unknown,No,Unknown,NA,NA,NA,NA,NA,NA,NA,NA
FA955026S0001,Research Interests of the Air Force Office of Scientific Research,"<p><span style=""color: rgb(27, 27, 27);"">AFOSR plans, coordinates, and executes the Air Force Research Laboratory’s (AFRL) basic research program in response to technical guidance from AFRL and requirements of the Air Force. Additionally, the office fosters, supports, and conducts research within Air Force, university, and industry laboratories; and ensures transition of research results to support U.S. Air Force needs. The focus of AFOSR is on research areas that offer significant and comprehensive benefits to our national war fighting and peacekeeping capabilities. These areas are organized and managed in two scientific Departments: Engineering and Information Science (RTA), Physical and Biological Sciences (RTB), and our international offices (EAORD, SOARD, and AOARD). The research activities managed within each Department are summarized in this section.</span></p>",No,No,Child and family well-being,Social Services,No,Unknown,NA,NA,NA,NA,NA,NA,NA,NA
HR001126S0010,Decentralized Artificial Intelligence through Controlled Emergence (DICE),"The DICE program seeks to develop the theory and algorithms for decentralized coordination and local inference control to enable a scalable, adaptive, and resilient collective of heterogeneous AI agents that can autonomously execute sustained long-time-horizon missions in contested environments while remaining under human control. In contrast to small-scale, rigid, and fragile centralized orchestration or the high-risk unpredictable nature of ad hoc compositions of AI agents, DICE aims to harness the scalability and adaptability of self-organizing systems while minimizing risks and ensuring that the collective behavior remains predictable and aligned with intended outcomes. This approach mirrors the principles of decentralized self-organization that underpin the internet's own scalability and resilience, where robust global behavior emerges from simple, local rules.",Unclear,No,Disaster recovery and resilience,Emergency Management,No,Unknown,NA,NA,NA,NA,NA,NA,NA,NA
W911NF-23-S-0003,DEVCOM ANALYSIS CENTER BROAD AGENCY ANNOUNCEMENT FOR APPLIED RESEARCH,"<p><span style=""color: black;"">The purpose of this Broad Agency Announcement (BAA) under Federal Acquisition Regulation (FAR) Part 35 and Funding Opportunity Announcement (FOA) under 2 Code of Federal Regulations (CFR) 200.204 (henceforth referred to as “BAA”) is to solicit research proposals for submission to the U.S. Army Combat Capabilities Development Command (DEVCOM) Analysis Center (DAC) for funding consideration. </span></p> <p><span style=""color: black;"">&nbsp;</span></p> <p><span style=""color: black;"">The DAC is the Army's foundation for data-driven analytical decisions across the lifecycle to ensure overmatch for a lethal Army.&nbsp;DAC’s mission is to: </span><u style=""color: black;"">Inform</u><span style=""color: black;""> Army modernization and readiness decisions with objective </span><u style=""color: black;"">Analysis</u><span style=""color: black;""> enabled through </span><u style=""color: black;"">Tool</u><span style=""color: black;""> development and </span><u style=""color: black;"">Data</u><span style=""color: black;""> curation.</span></p> <p><span style=""color: black;"">&nbsp;</span></p> <p><span style=""color: black;"">DAC partners across the national security enterprise to deliver fundamentally advantageous change that is rooted in the creation and exploitation of scientific knowledge.&nbsp;DAC accomplishes this mission by funding the areas of applied research (budget activity 6.2), as defined by 32 CFR 22.105, advanced technology development (budget activity 6.3), and advanced component development and prototypes (budget activity 6.4).</span></p> <p><span style=""color: black;"">&nbsp;</span></p> <p><span style=""color: black;"">Whitepapers for initial concept reviews and full proposals are sought from institutions of higher education, nonprofit organizations, state and local governments, foreign organizations, foreign public entities, and for-profit organizations (i.e. large and small businesses) for scientific research that supports the DAC mission. The DAC BAA generally conforms to the portfolio structured around research area based mission execution.&nbsp;Whitepapers and full proposals are expected to be for cutting-edge innovative research that could produce discoveries with a significant impact to enable new and improved Army technologies and related operational capabilities and related technologies. </span></p> <p><span style=""color: black;"">&nbsp;</span></p> <p><span style=""color: black;"">In an effort to provide DAC's research topics and related information in an easy to digest format, DAC has published the following public website listing all current DAC research topics:</span> <a href=""https://www.army.mil/article/261533"" target=""_blank"">https://www.army.mil/article/261533</a><span style=""color: black;"">, hereafter referenced as the DAC BAA topics website. DAC focuses on executing in-house research programs but supplements our efforts with support from the broader technology base and Academia. DAC funds a modest amount of extramural research in certain specific areas, and those areas are described on the DAC BAA topics website.&nbsp;Changes to these topics will be made using this website on an as needed basis.&nbsp;A change to the DAC BAA topics website is not an amendment to this BAA and will not be posted on </span><a href=""https://www.grants.gov/"" target=""_blank"">https://www.grants.gov/</a><span style=""color: black;""> and </span><a href=""https://sam.gov/"" target=""_blank"">https://sam.gov/</a><span style=""color: black;"">.&nbsp;A change to this document, the BAA itself, is an amendment and will be posted on </span><a href=""https://www.grants.gov/"" target=""_blank"">https://www.grants.gov/</a><span style=""color: black;""> and </span><a href=""https://sam.gov/"" target=""_blank"">https://sam.gov/</a><span style=""color: black;"">.&nbsp;DAC will maintain a daily static snapshot of the DAC BAA topics website to ensure submissions are aligned with listed research topics on the day of submission.</span></p> <p><span style=""color: black;"">&nbsp;</span></p> <p><span style=""color: black;"">Interested parties are encouraged to continually browse the DAC BAA topics website for white paper and proposal topics that DAC desires to explore. These specific research topics should be viewed as suggestive, rather than limiting.&nbsp;DAC is always interested in considering other innovative research concepts of relevance to the Army if those concepts align with DAC's mission.&nbsp;Please see Section II, Detailed Information about the Funding Opportunity, for more information on the DAC research topics advertised through this BAA.&nbsp;Interested parties should also review </span><a href=""https://www.grants.gov/"" target=""_blank"">https://www.grants.gov/</a><span style=""color: black;""> and </span><a href=""https://sam.gov/"" target=""_blank"">https://sam.gov/</a><span style=""color: black;""> to obtain the latest version of the BAA for whitepaper and proposal submission requirements.&nbsp;&nbsp;</span></p>",Unclear,No,Food and nutrition security,Unknown,No,Unknown,NA,NA,NA,NA,NA,NA,NA,NA
HQ003423NFOEASD01,NDEP STEM Open NFO,"<p><strong><em><u>This is an open NFO, applicants may apply to this posting or subsequent amendments for specific STEM activities. See the Related Documents tab for the full NFO, and amendments announcing new funding opportunities.</u></em></strong></p> <p><br></p> <p>The Department of War (DoW) Office of the Under Secretary of War for Research and Engineering (OUSW(R&amp;E)) seeks innovative applications on mechanisms to implement and research the effectiveness of STEM education, outreach, and/or workforce initiative programs, here onto referred as STEM activities.</p> <p><br></p> <p>In response to this NFO, the Department intends to release amendments and solicitations, such as Industry Days, Opportunity Days, etc., detailing funding opportunities through award(s) in STEM activities. These activities include, but are not limited to:</p> <p><br></p> <ol> <li>STEM Education and Outreach</li> <li>Support for STEM Education at Two-Year Institutions/Community Colleges (2YI/CCs)</li> <li>Manufacturing Engineering Education Program</li> <li>Education and Workforce Development aligned to the DoW Critical Technology Areas</li> <li>STEM Scholarship Programs</li> <li>Strategic Partnerships</li> <li>Program Evaluations, Assessments, Data Analytics and Visualizations</li> <li>Other NDEP Congressional Initiatives and Programs</li> </ol> <p><br></p> <p>As funding becomes available, NFO amendments or Industry Day/Opportunity Day announcements detailing opening and closing dates for topics of interest will be posted. In response, applicants may be asked for a mandatory white paper submission, emailed to <a target=""_blank"">osw.ndep.dowstem@mail.mil</a>. Refer to the amendment for formatting the email subject line. Use of the white paper is intended to determine which efforts are of merit preparatory to submission of a full application as described in Section IV. Applicants will be selected from the white paper submissions to be invited by the Government via email to submit a full application on Grants.gov for evaluation and possible award consideration. White papers that fail to address the areas listed in the Program Description of the NFO amendment or Industry Day/Opportunity Day announcement will not be evaluated and will not receive an invitation to submit a full technical application.</p> <p><br></p> <p>White paper submissions will only be accepted in response to active NFO amendments or Industry Day/Opportunity Day announcements. In addition to the submission requirements outlined in Section IV, all responses should address items in the specific NFO amendment or Industry Day/Opportunity Day announcement.</p>",Unclear,No,Health and direct-care workforce,Unknown,No,Unknown,NA,NA,NA,NA,NA,NA,NA,NA
HT942526MRPTSA,DoW Melanoma Research Program Team Science Award,"<p><strong>Summary: </strong>The fiscal year 2026 (FY26) Melanoma Research Program (MRP) Team Science Award supports a broad range of hypothesis-driven, multidisciplinary studies that have a short-term goal of advancing the state of the science in melanoma research and/or patient care. Team science is a synergistic effort that harnesses techniques, approaches and perspectives from multiple disciplines and/or therapeutic areas to address complex, multi-dimensional problems that will impact patient outcomes.</p> <p><strong>Distinctive Features:</strong></p> <p><strong>·&nbsp;&nbsp;&nbsp;&nbsp;&nbsp;&nbsp;&nbsp;&nbsp;This funding mechanism requires multiple Principal Investigators (PIs). At least two and up to three PIs should partner to jointly design and execute <em>a single research project</em></strong>; multi-institutional partnerships are encouraged. If recommended for funding, each PI will be named on separate awards to the recipient organization(s).</p> <p><span style=""color: black;"">·&nbsp;&nbsp;&nbsp;&nbsp;&nbsp;&nbsp;&nbsp;&nbsp;</span><strong>Consumer Collaboration Option: </strong>Investigators are encouraged, but not required, to form collaborative relationships with the <u style=""color: blue;"">melanoma consumer community</u><span style=""color: blue;""> </span><span style=""color: black;"">to maximize the impact and translatability of the research for the benefit of the intended community(ies).</span></p> <p><strong>·&nbsp;&nbsp;&nbsp;&nbsp;&nbsp;&nbsp;&nbsp;&nbsp;After submitting the required pre-application, <em>investigators must receive an invitation to submit a full application</em></strong>.</p> <ul> <li><span style=""color: black;"">&nbsp;&nbsp;&nbsp;&nbsp;&nbsp;&nbsp;</span>Only the Initiating PI will submit a pre-application. All PIs <strong><em>must </em></strong>submit full applications. The <u style=""color: blue;"">Partnering PI(s)’s application</u><span style=""color: blue;""> </span><span style=""color: black;"">is an abbreviated package specific to their proposed research effort.</span></li> </ul> <p><br></p>",No,No,No keyword match,Unknown,No,Unknown,NA,NA,NA,NA,NA,NA,NA,NA
HT942526TBIPHRPHSRA,"DoW Traumatic Brain Injury and Psychological Health, Health Services Research Award","<p><strong>Summary:</strong> The fiscal year 2026 (FY26) Traumatic Brain Injury and Psychological Health Research Program (TBIPHRP) Health Services Research Award (HSRA) intends to fund high-impact research that bridges the gap between research, practice and policy by building real-world evidence on how interventions, clinical practices/guidelines, or policies can be deployed to targeted populations at the appropriate time. In order to meet this intent, the mechanism supports health services research approaches.<strong style=""color: rgb(0, 176, 80);""><em> </em></strong></p> <p><strong>Distinctive Features:</strong><strong style=""color: red;""> </strong></p> <p>·&nbsp;&nbsp;&nbsp;&nbsp;&nbsp;&nbsp;&nbsp;&nbsp;The HSRA will support health services research approaches that include comparative effectiveness research; implementation of interventions, diagnostics and clinical practices/guidelines; and validation of data science insights.</p> <p>·&nbsp;&nbsp;&nbsp;&nbsp;&nbsp;&nbsp;&nbsp;&nbsp;Applications must include <a href=""https://ebrap.org/eBRAP/public/gai.htm?version=CD26_01#_Definition_List:~:text=considered%20clinical%20trials.-,Clinical%20Research%3A,-For%20the%20purposes"" target=""_blank"">clinical research</a> or <a href=""https://ebrap.org/eBRAP/public/gai.htm?version=CD26_01#_Definition_List:~:text=or%20hardware%20procurement.-,Clinical%20Trial%3A,-As%20defined%20in"" target=""_blank"">clinical trials</a>. Prospective or retrospective clinical research or clinical trials involving human subjects, human subject data/records, and human anatomical substances are allowed.</p> <p>·&nbsp;&nbsp;&nbsp;&nbsp;&nbsp;&nbsp;&nbsp;&nbsp;Preliminary data are required.</p> <p>·&nbsp;&nbsp;&nbsp;&nbsp;&nbsp;&nbsp;&nbsp;&nbsp;Basic, preclinical and animal research are prohibited.</p> <p>·&nbsp;&nbsp;&nbsp;&nbsp;&nbsp;&nbsp;&nbsp;&nbsp;For research prospectively enrolling human subjects, inclusion of community-based participatory research (CBPR) approaches is required.<strong> </strong></p> <p>·&nbsp;&nbsp;&nbsp;&nbsp;&nbsp;&nbsp;&nbsp;&nbsp;<strong>Early-Career Investigator Partnering Option</strong>: This option accommodates two Principal Investigators (PIs), one of which is an Early-Career Investigator. If recommended for funding, each PI will receive a separate award.</p> <p><br></p> <p><br></p>",No,Yes,Behavioral health and crisis,Unknown,No,Unknown,NA,NA,NA,NA,NA,NA,NA,NA
HT942526MBRPPCRA,"DoW Military Burn, Patient-Centered Research Award","<p><strong>Summary:</strong> Despite significant research investment in combat-relevant burn care, a disparity exists between newly discovered knowledge in burn care and its implementation into clinical practice across the distributed operational battlespace. The fiscal year 2026 (FY26) Military Burn Research Program (MBRP) Patient-Centered Research Award (PCRA) seeks to bridge the gap between research, practice, and policy by developing a knowledge base that provides clinically useful findings about how interventions, clinical practices, guidelines, tools, and policies can be deployed to burn patients in an austere, resource-limited, military operational environment.</p><p><strong>Distinctive Features:</strong><strong style=""color: red;""> </strong></p><p>·&nbsp;&nbsp;&nbsp;&nbsp;&nbsp;&nbsp;&nbsp;&nbsp;This award mechanism <strong><em>must support clinical research or clinical trials but cannot support preclinical or animal research</em>.</strong> Applications may propose prospective or retrospective research involving human subjects or human subject data.</p><p>·&nbsp;&nbsp;&nbsp;&nbsp;&nbsp;&nbsp;&nbsp;&nbsp;<strong><em>New for FY26: </em></strong>The FY26 PCRA offers a Mentorship Option at a higher funding level to support a synergistic relationship between an experienced researcher (Mentor) and one to two junior researchers (Mentees). The dual purpose of this award is to fund a primary research study addressing a critical gap in combat burn care while simultaneously fostering the development of the next generation of military burn research leaders.</p><p><br></p><p><br></p>",No,Yes,Child and family well-being,Social Services,No,Unknown,NA,NA,NA,NA,NA,NA,NA,NA
HT942526VRPCTA,"DoW Vision, Clinical Trial Award","<p><strong>Summary:</strong> The fiscal year 2026 (FY26) Vision Research Program (VRP) Clinical Trial Award (CTA) supports the rapid implementation of <a href=""https://ebrap.org/eBRAP/public/gai.htm?version=CD26_01#_Definition_List:~:text=or%20hardware%20procurement.-,Clinical%20Trial%3A,-As%20defined%20in"" target=""_blank"">clinical trials</a> with the potential to have a significant impact on the treatment or management of service-connected eye injury and visual dysfunction. Research must align with at least one of the <a href=""https://militaryhealth-my.sharepoint-mil.us/personal/teresa_m_parkerreeser_civ_health_mil/Documents/Documents/FY%202026/VRP/HT942526VRPCTA_GG.docx#Focus_Area"" target=""_blank"">FY26 VRP Focus Areas</a>. <strong style=""color: rgb(0, 176, 80);""><em>&nbsp;</em></strong></p> <p><strong>Distinctive Features: </strong></p> <p>·&nbsp;&nbsp;&nbsp;&nbsp;&nbsp;&nbsp;&nbsp;For interventions that require Investigational New Drug (IND)/Investigational Device Exemption (IDE) or equivalent regulatory authorizations for clinical testing, the IND/IDE application or equivalent <strong>must be submitted to the relevant </strong><a href=""https://militaryhealth-my.sharepoint-mil.us/personal/teresa_m_parkerreeser_civ_health_mil/Documents/Documents/FY%202026/VRP/HT942526VRPCTA_GG.docx#RegulatoryAgency"" target=""_blank""><strong>Regulatory Agency</strong></a><strong> by the CTA application submission deadline.</strong> In addition,<strong> applicants must provide documentation of communication from the Regulatory Agency indicating that the IND/IDE or equivalent is active/safe to proceed by March&nbsp;1, 2027, in order for the CTA application to be considered for funding.<em> </em></strong>Refer to <a href=""https://militaryhealth-my.sharepoint-mil.us/personal/teresa_m_parkerreeser_civ_health_mil/Documents/Documents/FY%202026/VRP/HT942526VRPCTA_GG.docx#Attach9_RegStrategy"" target=""_blank"">Attachment&nbsp;7: Regulatory Strategy</a> for further details.</p> <p>·&nbsp;&nbsp;&nbsp;&nbsp;&nbsp;&nbsp;&nbsp;Scored<strong> </strong><a href=""https://militaryhealth-my.sharepoint-mil.us/personal/teresa_m_parkerreeser_civ_health_mil/Documents/Documents/FY%202026/VRP/HT942526VRPCTA_GG.docx#Peer_Review"" target=""_blank""><strong>peer review criteria</strong></a> include Clinical Impact; Research Strategy and Feasibility; Recruitment, Accrual, Retention; Regulatory Strategy and Transition Plan; Statistical Plan and Data Analysis; Ethical Considerations; Personnel and Communication.</p> <p>·&nbsp;&nbsp;&nbsp;&nbsp;&nbsp;&nbsp;&nbsp;<a href=""https://militaryhealth-my.sharepoint-mil.us/personal/teresa_m_parkerreeser_civ_health_mil/Documents/Documents/FY%202026/VRP/HT942526VRPCTA_GG.docx#Programmatic_Review"" target=""_blank""><strong>Programmatic review criteria</strong></a> include adherence to the intent of the CTA, contribution to program portfolio, relative impact and relevance to military health.</p> <p><br></p> <p><a href=""https://cdmrp.health.mil/pubs/press/2026/vrppreann "" target=""_blank"">https://cdmrp.health.mil/pubs/press/2026/vrppreann </a></p>",No,Yes,Health and direct-care workforce,Unknown,No,Unknown,NA,NA,NA,NA,NA,NA,NA,NA
HT942526DMDRPIDA,"DoW Duchenne Muscular Dystrophy, Idea Development Award","<p><strong>Summary: </strong>The fiscal year 2026 (FY26) Duchenne Muscular Dystrophy Research Program (DMDRP) Idea Development Award (IDA) promotes new ideas that are still in the early stages of development and have the potential to yield impactful data and new avenues of investigation. This award supports impactful, high-risk/high-reward research that could lead to critical discoveries or major advancements that will accelerate progress in improving outcomes for individuals with Duchenne muscular dystrophy (DMD) in the near term. Applications should include a well-formulated, testable hypothesis based on strong scientific rationale. <strong><em>The DMDRP strongly encourages research projects investigating therapies designed to demonstrate efficacy cross the life span, including infants, toddlers and nonambulatory individuals.</em></strong></p><p><br></p><p><strong><em>Distinctive Features: The FY26 DMDRP IDA mechanism offers three eligibility career categories:</em></strong></p><p>• The <u>Established Investigator</u> category is for independent investigators at all academic levels, or equivalent</p><p><br></p><p>• The <u>New Investigator – Early-Stage</u> category is for independent investigators early in their careers (i.e., within 10 years of their first faculty appointment or equivalent). Applicants in this category will be reviewed separately from Established Investigators.</p><p><br></p><p>• The <u>New Investigator – Transitioning</u> category is for independent investigators at all academic levels, or equivalent, in an area other than muscular dystrophy who are seeking to transition to a career in DMD, thereby bringing their expertise to the field. Applicants in this category will be reviewed separately from Established Investigators.</p><p><br></p><p>Preliminary data relevant to DMD that supports the feasibility of the research hypotheses and research approaches are <strong><em>required </em></strong>for all applications. Clinical trials or clinical trial aims are not allowed.</p>",No,Yes,"Maternal, infant, reproductive health",Unknown,No,Unknown,NA,NA,NA,NA,NA,NA,NA,NA
HT942526PRCRPIPA,"DoW, Peer Reviewed Cancer, Impact Award","<p>Summary: The fiscal year 2026 (FY26) Peer Reviewed Cancer Research Program (PRCRP) Impact Award supports mature research that will have a near-term impact on clinical cancer care in one of the congressionally directed FY26 PRCRP Topic Areas. Applicants must consider how the research project will lead to the advancement of knowledge in cancer research, patient care and/or treatment options in the Military Health System (MHS).</p><p><br></p><p>Distinctive Features:</p><p>• Applications must include preliminary data to support feasibility of the study.</p><p>• Projects must have strong potential to result in a near-term impact in cancer.</p><p>• The funding mechanism allows clinical trials.</p><p>• This funding mechanism allows for a single Principal Investigator (PI), or two partnering PIs referred to as the Initiating PI and the Partnering PI. Only the Initiating PI will submit a pre-application, but both PIs will need to submit full applications. The Partnering PI’s application is an abbreviated package specific to their distinct portion of the research project. Be advised, both applications for a research project may be withdrawn if the initiating or partnering application is rejected or administratively withdrawn.</p>",No,Yes,No keyword match,Unknown,No,Unknown,NA,NA,NA,NA,NA,NA,NA,NA
ETA-UI-2024-01,Unemployment Insurance Integrity Center of Excellence Operations,"<p>The Employment and Training Administration (ETA) intends to award a cooperative agreement to the Center for Employment Security Education and Research (CESER) for continued operations of the Unemployment Insurance (UI) Integrity Center of Excellence (Integrity Center).&nbsp;&nbsp;&nbsp;</p><p>&nbsp;</p><p>The Further Consolidated Appropriations Act, 2024 (Public Law 118-47) provides “… <em>$9,000,000 for continued support of the Unemployment Insurance Integrity Center of Excellence</em>… .” as part of the Department’s appropriation for State Unemployment Insurance and Employment Service Operations.&nbsp; The UI Integrity Center has been operated by the National Association of State Workforce Agencies’ (NASWA)/CESER since Fiscal Year 2017.&nbsp; CESER is a 501(c)(3) entity incorporated in August 1994 as an education and research arm of the NASWA, which is a national organization of state administrators of the publicly-funded state workforce system and is a leading provider of information technology, education, and research support focused exclusively on UI and workforce development initiatives and activities.&nbsp;&nbsp;&nbsp;</p><p>&nbsp;</p><p>The primary mission of the UI Integrity Center is to provide training and technical assistance to states to improve UI program integrity; develop and disseminate UI program integrity resources&nbsp; and promote innovative new tools and products that are transferable and scalable for all states to prevent UI improper payments and enhance fraud prevention solutions; and enable rapid alerts to states on new improper payment practices and fraud schemes as they are identified.&nbsp;</p><p><br></p>",Unclear,No,Health and direct-care workforce,Unknown,No,Unknown,NA,NA,NA,NA,NA,NA,NA,NA
FOA-ILAB-26-44,Freedom Shield: Global Forced Labor Import Prohibition Initiative,"<p>This is a Notice of Intent/Forecast only. The Bureau of International Labor Affairs (ILAB), DOL intends to award <strong>two</strong> (2) cooperative agreements (<strong>$18 million,</strong> total costs subject to the availability of Federal funds) to fund technical assistance projects with the objective of advancing U.S. trade priorities by building accountability in key trade partner countries to implement and effectively enforce a prohibition on imports made wholly or in part with forced labor. These projects will leverage labor commitments in trade agreements, including Agreements on Reciprocal Trade (ARTs), to address gaps in forced labor enforcement that create unfair competition for American workers and producers. Up to $11 million will be awarded for a project to be implemented in four (4) Latin American countries and up to $7 million will be awarded for a project to be implemented in two (2) Asian countries. Applicants may apply to just one or each of the Latin America and Asia cooperative agreements; however, multiple applications from an organization for either the Latin America or the Asia cooperative agreement are not allowed. </p><p>The project objective is to advance U.S. trade priorities by building accountability in key trade partner countries to implement and effectively enforce a prohibition on imports made wholly or in part with forced labor.&nbsp;</p><p>Outcome(s)</p><ul><li>Project outcomes will be developed by the applicant.</li></ul><p><br></p><p><em>Questions regarding this Funding Opportunity Announcement (FOA) Forecast may be emailed to OGM_ILAB@dol.gov; however, please note there is limited information that may be shared with the public, as this FOA is currently under development.&nbsp;We encourage prospective applicants and interested parties to use the Grants.gov subscription option to register for future updates provided for this particular FOA.</em></p>",Unclear,No,No keyword match,Unknown,Yes,Unknown,NA,NA,NA,NA,NA,NA,NA,NA
FOA-BS-2026-1,Brookwood-Sago Mine Safety Grants,"<p>The U.S. Department of Labor (DOL, the Department, or we), Mine Safety and Health Administration (MSHA or the Agency), is providing notice of the availability of up to $250,000 in grant funds for education and training programs to help the mining community identify, avoid, and prevent unsafe and unhealthy working conditions in and around mines.</p><p>The program uses grant funds to establish and implement education and training programs, to create training materials and programs, or both. Section 14 of the Mine Improvement and New Emergency Response Act of 2006 (MINER Act) requires the Secretary of Labor (Secretary) to give priority to mine safety demonstrations and pilot projects with broad applicability. The MINER Act also mandates that the Secretary emphasize programs and materials that target miners in smaller mines, including training mine operators and miners about new MSHA standards, high-risk activities, and other identified safety hazards.</p><p>Applicants may be states, territories and tribal governments (including the District of Columbia, the Commonwealth of Puerto Rico, the Virgin Islands, American Samoa, Guam, the Commonwealth of the Northern Mariana Islands, and Federally recognized tribes) and public or private nonprofit entities. Eligible entities may apply for funding independently or in partnership with other eligible organizations. For partnerships, a lead organization must be identified.</p><p>Faith-based organizations are encouraged to apply, as are any eligible organizations, subject to any applicable constitutional, statutory, and regulatory protections and requirements. Those that meet the eligibility requirements may receive awards under this funding opportunity. DOL will not, in the selection of recipients and administration of the grant, discriminate on the basis of an organization’s religious character, affiliation, exercise, or lack thereof, or on the basis of conduct that would not be considered grounds to favor or disfavor a similarly situated secular organization.</p><p>A faith-based organization that participates in this program will retain its independence from the Government and may continue to carry out its mission consistent with religious freedom and conscience protections in Federal law.</p><p>MSHA may award up to five grants. An applicant may submit multiple applications, and MSHA will select the applications that are most advantageous in meeting the goals of this program.</p><p>MSHA’s focus for these grants is effective emergency response and recovery training in various types of mine conditions. MSHA is interested in programs that focus on training miners on workplace safety, including training miners and employers about new MSHA standards, high-risk activities, or hazards identified by MSHA.</p><p>Special attention will be given to programs that target miners at new, newly opened, and smaller mines, or create training and compliance assistance programs to assist new operators.</p>",Possible,No,Opioid and substance use,Emergency Management,Yes,Unknown,NA,NA,NA,NA,NA,NA,NA,NA
FOA-ILAB-26-43,Fostering the Future Together: Empowering Youth for a Safe Digital World,<p>Questions regarding this Funding Opportunity Announcement (FOA) may be emailed to OGM_ILAB@dol.gov. </p><p><br></p><p>We encourage prospective applicants and interested parties to use the Grants.gov subscription option to register for future updates provided for this particular FOA.</p>,Unclear,No,Child and family well-being,Social Services,Yes,Unknown,NA,NA,NA,NA,NA,NA,NA,NA
VPL-01-23,Announcement of Stand Down Grants,"<p>The U.S. Department of Labor’s (DOL) Veterans’ Employment and Training Service (VETS) supports local Stand Down events that assist veterans experiencing homelessness by providing a wide range of employment, social, and health services.</p><p><br></p><p>Stand Down is a military term referring to an opportunity to achieve a brief respite from combat. Troops assemble in a base camp to receive new clothing, hot food, support services, and a relative degree of safety before returning to combat action. A DOL VETS-funded Stand Down event serves a similar purpose; however, it is intended for veterans experiencing or at-risk of homelessness. The critical services provided at these events are often the catalyst that enables those individuals to reenter the workforce.</p><p>&nbsp;</p><p>VETS awards these noncompetitive grants on a first-come, first-served basis to support one-day or multi-day events at up to $7,000 or $10,000, respectively. They are collaborative events coordinated between VA, DOL, other federal, state, and local government agencies and community-based organizations providing services and supplies to veterans experiencing and at risk of homelessness. In the event of a federal disaster declaration, VETS will accept applications up to $50,000 to conduct Stand Down events in the impacted areas.</p><p><br></p><p>VETS awards Stand Down grants subject to the availability of federal funding. All costs incurred by the award recipient prior to the period of performance start date identified in the Notice of Award issued by the Department are incurred at the recipient’s own expense.</p><p>&nbsp;</p><p><br></p>",Unclear,No,Health and direct-care workforce,Emergency Management,Yes,Unknown,NA,NA,NA,NA,NA,NA,NA,NA
ETA-TEGL-09-24-CH1,Updated National Dislocated Worker Grant Program Guidance and Application Information,"If you have difficulty accessing the full announcement electronically, please contact Jenifer McEnery (DOL-ETA-DWG@dol.gov).",Yes,No,Opioid and substance use,Emergency Management,Yes,Unknown,NA,NA,NA,NA,NA,NA,NA,NA
DOT-HASS-FY26-DIIG,FY26 US DOT Drone Infrastructure Inspection Grants (DIIG) Program,"<p>The Drone Infrastructure Inspection Grants (DIIG) Program will provide grants to eligible government entities to facilitate the use of small Unmanned Aircraft Systems (UAS), referred to herein as drones, in critical infrastructure inspection. The objective is to increase the widespread adoption of drones and relevant technologies in support of more efficient Inspection, Operation, Construction, Maintenance, and Repair (IOCMR) of critical infrastructure to improve worker safety related to critical infrastructure projects. The program is established by Section 912 of Public Law 118-63 and Public Law 119-75. Eligible uses of grant funds include purchasing, leasing, or enhancing drone systems; contracting for services when internal expertise is lacking in the government entities; and supporting program management for these systems and operations. The DIIG Program prioritizes projects that create and utilize innovative drone inspection technologies and systems, address inspection data management and data platform interoperability, and streamline inspection workflows and processes while accounting for the complexities inherent in multi-jurisdictional regions. Total available funds of $9,000,000 in the DIIG Program (Fiscal Year 2026) are to be awarded on a competitive basis. In selecting applications, the Department will prioritize projects carried out in a variety of communities and projects that address safety risks in the IOCMR of critical infrastructure.</p><p><br></p><p>The Federal share of the total project cost may not exceed 50 percent.</p><p>·&nbsp;&nbsp;&nbsp;&nbsp;&nbsp;A lead applicant may request an increase in the Federal share up to 75 percent.</p><p>·&nbsp;&nbsp;&nbsp;&nbsp;&nbsp;A request for an increased Federal share must be submitted in writing as part of the application.</p><p>·&nbsp;&nbsp;&nbsp;&nbsp;&nbsp;The request must demonstrate that additional Federal assistance is necessary to facilitate acceptance and full use of the grant, such as by alleviating economic hardship, meeting additional workforce needs, or other appropriate reasons determined by the Department.</p><p><br></p><p>Applications from private companies, nonprofit organizations, institutions of higher education, and other non-governmental entities are not eligible unless such entities participate only as contractors, vendors, or other non-applicant partners to an eligible governmental entity.</p>",Possible,No,Health and direct-care workforce,Unknown,Yes,Unknown,NA,NA,NA,NA,NA,NA,NA,NA
693JJ92023,State Electronic Crash Data Collection,"<p><strong>Estimated Total Program Funding $250,000,000</strong></p> <p><strong>﻿Additional Information on Eligibility</strong>: State crash data owners and custodians for each of the 50 States, the District of Columbia; the Commonwealth of Puerto Rico; the United States Virgin Islands; Guam; American Samoa; the Commonwealth of the Northern Mariana Islands; and the Secretary of the Interior, acting on behalf of an Indian Tribe. If there are multiple entities within a State responsible for the statewide crash data repository, the State should coordinate and appoint one point of contact for the grant application.</p> <p><br></p> <p><strong>Agency Name</strong>:&nbsp;National Highway Traffic Safety Administration (NHTSA)</p> <p><strong>Description</strong>:&nbsp;&nbsp;&nbsp;&nbsp;&nbsp;&nbsp;State Electronic Crash Data Collection Program Grant</p> <p>The National Highway Traffic Safety Administration’s National Center for Statistics and Analysis intends to award discretionary grants for the modernization of States’ crash data collection systems. These grants are for States to establish or upgrade and standardize their crash data systems to enable electronic data collection, intra-State sharing, and electronic transfer of their crash data to NHTSA in a standardized format using the <strong><em>Information Exchange Package Documentation (IEPD)</em></strong> data transfer protocol.</p> <p>NHTSA has a history of working with States to make crash data available to the public to support highway safety. These grants will increase the number of States providing timely, standardized electronic crash data to NHTSA to support NHTSA data systems, including the Fatality Analysis Reporting System (FARS), the Crash Reporting Sampling System (CRSS), and the Crash Investigation Sampling System (CISS). The crash data received will enable NHTSA to analyze motor vehicle crash data, identify developing trends, and develop strategies and interventions to prevent and mitigate crash injury severity.&nbsp;NHTSA will make this State crash data accessible to the public.&nbsp;</p> <p>Grant recipients will be required to contribute at least twenty (20) percent of State funds for eligible activity costs. States can use the funds for equipment to upgrade a centralized statewide crash data repository; adopt electronic crash reporting by law enforcement agencies; and increase alignment of State crash data with the forthcoming Model Minimum Uniform Crash Criteria (MMUCC) Sixth Edition.&nbsp;Recipients will also certify that they will electronically transfer crash data to NHTSA beginning no later than five years from the effective date of award.</p> <p>This Notice is being published to allow potential applicants enough time to develop a plan to implement full electronic data transfer to NHTSA by no later than five years after the grant is awarded.&nbsp;The plan should describe the project, tasks, and steps that will enable electronic transfer of State crash data to NHTSA.&nbsp;This notification of funding opportunity (NOFO) is currently under development.&nbsp;We encourage prospective applicants to use the Grants.gov subscription option to register for future updates provided for this opportunity.</p> <p><br></p> <p><strong>Link to Additional Information</strong>:</p> <p>States are encouraged to review the guidance, tools, and technical assistance provided by NHTSA for modernizing their crash data collection systems. The <a href=""https://crashstats.nhtsa.dot.gov/Api/Public/ViewPublication/813217"" target=""_blank"">Guide to Updating State Crash Data Systems (DOT HS 813 217)</a> was published to provide guidance and promote noteworthy practices to States. The <a href=""https://crashstats.nhtsa.dot.gov/Api/Public/ViewPublication/812601"" target=""_blank"">Traffic Records Program Assessment Advisory, 2018 Edition (DOT HS 821 601)</a> provides a description of the ideal crash system.</p>",Yes,No,No keyword match,Unknown,Yes,Unknown,NA,NA,NA,NA,NA,NA,NA,NA
FM-MCG-27-001,Development of Fiscal Year 2027 Commercial Vehicle Safety Plans to Support National Safety Goals,"The Motor Carrier Safety Assistance Program (MCSAP) is a Federal formula grant program that provides financial assistance to States, and U.S. Territories to reduce the number and severity of crashes, injuries, and fatalities and hazardous material incidents involving commercial motor vehicles.",Yes,No,Disaster recovery and resilience,Unknown,No,Unknown,NA,NA,NA,NA,NA,NA,NA,NA
NHTSA-693JJ926R000024-FY26,Innovative Traffic Safety Enforcement (ITSE) Grant Program,"<p>While the agency will consider innovative enhancements to existing countermeasures, the goal is to develop evidence-based projects that are scalable and transferable for use by State and local law enforcement agencies.&nbsp;</p><p><br></p><p>The primary intent of this of the ITSE Grant Program is to 1) develop innovative traffic safety enforcement programs that demonstrate effectiveness by reducing the number of motor vehicle crashes due to one or more of the subject risky driving behaviors; and 2) ensure the traffic safety enforcement programs are repeatable and scalable for use by law enforcement throughout the United States. In addition to those goals, the Department seeks to fund projects that advance the priorities of this Administration as described in DOT’s mission statement and across executive orders.</p>",Possible,No,No keyword match,Unknown,No,Unknown,NA,NA,NA,NA,NA,NA,NA,NA
FTA-2026-011-TPM-LWNO,Fiscal Year 2026 Competitive Funding Opportunity: Low or No Emission Program,"<p>The Federal Transit Administration (FTA) announces the availability of approximately $589 million in competitive grants under the Low or No Emission Grant Program (Low-No Program) for the purchase or lease of low-emission and zero-emission transit buses, including acquisition, construction, and leasing of required supporting facilities. Synopses and full announcement will be posted on Grants.gov as opportunity FTA-2026-011-TPM-LWNO. Proposals must be submitted electronically through Grants.gov website by 11:59 PM Eastern Time September 21, 2026.</p>",Yes,No,Rural access and telehealth,Unknown,No,Unknown,NA,NA,NA,NA,NA,NA,NA,NA
TRIBALSAFETY-OSTR24,Tribal Transportation Safety Strategy Pilot Program,"<p>he U.S. Department of Transportation’s Office of the Assistant Secretary for Research and Technology (OST-R) is announcing a Notice of Funding Opportunity (NOFO) for the Tribal Transportation Safety Strategy Pilot Program. This three-year cooperative agreement is designed to address the critical public safety crisis in Tribal communities, as American Indian and Alaska Native populations experience traffic fatality rates more than twice the national average.</p><p><br></p><p>The primary objective of this program is to research, identify innovations, and develop a next-generation Tribal Transportation Strategic Safety Plan. The selected applicant will develop a comprehensive toolbox of training, analysis tools specifically geared toward decision making when historical crash data is not readily available, and risk-based safety planning guidelines. The project will culminate in a pilot program with at least one Federally recognized Tribal community that has a high traffic fatality rate, and will include the implementation of a temporary, low-cost safety infrastructure demonstration project.</p>",Yes,No,Behavioral health and crisis,Behavioral Health,Yes,Unknown,NA,NA,NA,NA,NA,NA,NA,NA
FR-SEC-26-001,FY26 Transportation Emergency Response Training,"This grant will fund training for emergency responders, emergency medical technicians, police/fire personnel, etc. of tank car nomenclature, railroad operations and other related matters useful to mitigate railroad emergencies.",Unclear,No,Disaster recovery and resilience,Emergency Management,No,Unknown,NA,NA,NA,NA,NA,NA,NA,NA
FAA-COE-JAMS,Joint Center of Excellence for Advanced Materials Research,"<p>The Joint Center of Excellence (COE) for Advanced Materials (JAMS) was established in January 2004 to assist in ensuring the safe and reliable application of com­posites and advanced materials to commercial aircraft. The Center is a joint effort of the Center of Excel­lence for Composite and Advanced Materials (CECAM) led by Wich­ita State University and the Center of Excellence for Advanced Mate­rials in Transport Aircraft Struc­tures (AMTAS) led by the Univer­sity of Washington. The COE is a leader in international coordina­tion of research, development, and standardization for structures con­structed from these new materials.</p><p><br></p><p>The goal of this joint cen­ter is to create a cost-sharing academic, in­dustrial, and governmental part­nership. The members are forging a union between the public sector, the private sector and academic in­stitutions to create a world-class capability to identify solutions for existing and potential advanced materials and structures issues.</p><p><br></p><p>The focus of this partnership is the research, engineering and de­velopment of information used to assure safety and standardize cer­tification of existing and emerg­ing structural applications of com­posites and advanced materials. Specifically, projects include the evaluation of past applications, performance of applied research and the development of standard engineering practices.&nbsp;This Joint Center of Excellence, working with industry and government, also plays an important role in technology transfer, training, and continuing education for the aircraft industry and regulators.</p><p><br></p><p><strong>Research Areas:</strong></p><ul><li>Damage Tolerance of Advanced Composite Structures</li><li>Durability of Adhesively Bonded Joints (Composite and Hybrid)</li><li>Metal &amp; Non-Metal Based Additive Manufacturing Technologies</li><li>Crashworthiness of Composite Airframes and Seating Systems</li><li>Environmental and Aging Effects on In- Service Composite Structures</li><li>Lightning Strikes on Composite Airframes</li><li>New material systems and innovative production technologies</li><li>Maintenance and Inspection of Composite Structures&nbsp;</li></ul>",Unclear,No,Food and nutrition security,Aging,No,Unknown,NA,NA,NA,NA,NA,NA,NA,NA
FR-CCD-24-023,"FY24 Little Rock Port Authority Transload Yard, AR",Little Rock Port Authority Transload Yard,Unclear,No,No keyword match,Unknown,No,Unknown,NA,NA,NA,NA,NA,NA,NA,NA
20-01,FAA Aviation Research Grants Program,"<p>The FAA hereby announces its continuing interest in receiving applications for aviation research grants and cooperative agreements to pursue the long-term growth and short-term technical needs of civil aviation, under this funding opportunity. Eligibility of applicants for the award of an aviation research grant varies depending on the nature of the proposer's organization, as well as the character of the research being proposed. In general, colleges, universities, and other non- profit research institutions under Section 501(c)(3) of Title 26 of United States Code, are eligible to apply for an aviation research grant.</p><p>&nbsp;</p><p>The FAA Aviation Research Grants Program encourages and supports innovative, advanced research of potential benefit to the long-term growth of civil aviation and commercial space transportation. The pursuit of basic and applied research in scientific and engineering disciplines that have the potential to further knowledge and understanding on a broad front of emerging technologies is crucial to the realization of this goal. The intent is to encourage applied</p><p>research and development to enhance technology assimilation, transfer, and development in the FAA. The FAA Aviation Research Grants Program does not require the immediate application to Research and Development (R&amp;D) programs, although this may occur in some cases. The FAA encourages the</p><p>submission of proposals that embrace the entire spectrum of physical, chemical, biological, medical, psychological, mathematical, and engineering sciences.</p><p>&nbsp;</p><p>The following list illustrates topics of interest to those who may consider applying for a grant under this funding opportunity:</p><p>&nbsp;</p><p>1.&nbsp;&nbsp;&nbsp;&nbsp;&nbsp;&nbsp;Capacity and Air Traffic Control Technology</p><p>2.&nbsp;&nbsp;&nbsp;&nbsp;&nbsp;&nbsp;Communications, Navigation, and Surveillance</p><p>3.&nbsp;&nbsp;&nbsp;&nbsp;&nbsp;&nbsp;Aviation Weather</p><p>4.&nbsp;&nbsp;&nbsp;&nbsp;&nbsp;&nbsp;Airports</p><p>5.&nbsp;&nbsp;&nbsp;&nbsp;&nbsp;&nbsp;Aircraft Safety Technology</p><p>6.&nbsp;&nbsp;&nbsp;&nbsp;&nbsp;&nbsp;Human Factors and Aviation Medicine</p><p>7.&nbsp;&nbsp;&nbsp;&nbsp;&nbsp;&nbsp;Systems Science/Operations Research</p><p>&nbsp;</p><p>For more information, please carefully review FAA Notice of Funding Opportunity 20-01, and any supporting attachments.</p>",No,Yes,No keyword match,Unknown,No,Unknown,NA,NA,NA,NA,NA,NA,NA,NA
EDA-DEN-TA-DRO-2021-2006850,Denver FY 2021 – FY 2023 EDA Planning and Local Technical Assistance,"<p><strong style=""color: rgb(230, 0, 0);"">UPDATED NOTICE - PLEASE READ: April 6, 2023</strong></p> <p>EDA is excited to announce the launch of its new grants management platform: the <strong>Economic Development Grants Experience (EDGE).</strong> EDGE was developed to streamline the application and grants management process by implementing a <strong>single platform</strong> with increased transparency, improved user experience, higher data quality, and more efficiency throughout the entire grant lifecycle.</p> <p>&nbsp;</p> <p><strong>As of April 6th, 2023,</strong> applications can no longer be submitted on Grants.gov, and will ONLY be accepted through EDGE. To apply in EDGE, please go to: <a href=""https://sfgrants.eda.gov"" target=""_blank"">sfgrants.eda.gov</a>. More information on how to apply is provided in the full NOFO.</p> <p>&nbsp;</p> <p><strong><u>PARTNERSHIP PLANNING program instructions: Please note that applicants will be invited to submit applications through EDGE for the Partnership Planning program.&nbsp;For more information, please reach out to your EDA point of contact.</u></strong></p> <p><br></p> <p><br></p> <p><strong>Program Description:</strong></p> <p>EDA makes planning and local technical assistance investments to support economic development, foster job creation, and attract private investment in economically distressed areas of the United States.</p> <p><br></p> <p>Under the Planning program, EDA makes Partnership Planning, Short-Term Planning, and State Planning awards to eligible recipients to create and implement regional economic development plans designed to build capacity and guide the economic prosperity and resiliency of an area or region. More specifically, EDA makes Partnership Planning investments to designated planning organizations (i.e., District Organizations) serving EDA-designated Economic Development Districts and to Indian Tribes to facilitate the development, implementation, revision, or replacement of Comprehensive Economic Development Strategies (CEDS), which articulate and prioritize the strategic economic goals of recipients’ respective regions. EDA also makes Short-Term and State Planning awards for economic development planning activities that guide the eventual creation and retention of high-quality jobs, particularly for the unemployed and underemployed in the Nation’s most economically distressed regions.</p> <p><br></p> <p>Under the Local Technical Assistance program, EDA makes awards to strengthen the capacity of local or State organizations, institutions of higher education, and other eligible entities to undertake and promote effective economic development programs through projects such as feasibility studies, impact analyses, disaster resiliency plans, and project planning.</p> <p><br></p> <p><span style=""color: rgb(230, 0, 0);"">**Please note: While the published Notice of Funding Opportunity (available under ""Related Documents"") states that the ED900A form and the SF424B form are both required&nbsp;for a complete application, these forms are no longer required and have therefore been removed from the package template.</span></p> <p><br></p>",Possible,No,Child and family well-being,Cross-division,No,Unknown,NA,NA,NA,NA,NA,NA,NA,NA
NOAA-NMFS-AK-2026-33268,2026 Alaska Marine Education and Training Mini-Grant Program,"<p>This announcement supports Executive Order 14276, Restoring America’s Seafood Competitiveness, by soliciting projects that support: workforce development for marine-related professions in marine science, aquaculture/mariculture, and maritime operations; enhancing seafood safety and management through training in seafood best practices, marketing, and fishery management; technological innovation in fishing practices; outreach and education for consumers on quality and sustainability of wild caught fish or products farmed through aquaculture/mariculture; enhanced regionally-specific management of fishery resources based on local knowledge; and strengthening the seafood supply chain through partnerships with industry, researchers, and community organizations to build relationships that increase the sustainability and competitiveness of the marine community in Alaska. Proposed projects must be conducted in Alaska.&nbsp;</p>",Possible,No,Health and direct-care workforce,Unknown,Yes,Unknown,NA,NA,NA,NA,NA,NA,NA,NA
NOAA-NWS-2024-28059,FY 2024 – 2026 - Broad Agency Announcement (BAA),"<p>This notice is not a mechanism to fund existing NWS awards. The purpose of this notice is to request applications for special projects and programs associated with NWS's strategic plan and mission goals, as well as to provide the general public with information and guidelines on how NWS will select applications and administer discretionary Federal assistance under this Broad Agency Announcement (BAA). Each NOAA Line Office that supports financial assistance (National Marine Fisheries Service, National Ocean Service, National Weather Service, Office of Atmospheric Research, Office of Education, and National Environmental Satellite Data Information Service) has a separate BAA found in Grants.gov, so applicants should submit their proposal to the BAA for the Line Office that best fits their proposal. A description of NOAA Line Offices is found at&nbsp;https://www.corporateservices.noaa.gov/public/lineoffices.html and&nbsp;&nbsp;&nbsp;https://www.noaa.gov/office-education and applicants may contact the Agency Contacts in Section VII. below for more information. If you submit the same proposal to more than Line Office, mention this in your proposal and notify the relevant contacts in Section VII. so that NOAA may coordinate internally.&nbsp;&nbsp;</p>",Possible,No,No keyword match,Unknown,Yes,Unknown,NA,NA,NA,NA,NA,NA,NA,NA
NOAA-OAR-CPO-2012-2003041,Climate Program Office for FY 2012,"Changing climate confronts society with significant economic, health, safety, and national security challenges. NOAA advances scientific and technical programs to help society cope with, and adapt to, today's variations in climate and to prepare for tomorrow's. Toward this end, the agency conducts and supports climate research, observations, modeling, information management, assessments, interdisciplinary decision support research, outreach, education, and stakeholder partnership development. These investments are key to NOAA's mission of ""Science, Service, and Stewardship"" and are guided by the agency's vision to create and sustain enhanced resilience in ecosystems, communities, and economies, as described in NOAA's Next Generation Strategic Plan (NGSP) . Fostering climate adaptation and mitigation, and, specifically, the development of an informed society anticipating and responding to climate and its impacts - is one of the primary pathways through which NOAA plans to advance its mission. The NGSP outlines NOAA's five-year climate objectives: 1) Improved scientific understanding of the changing climate system and its impacts; 2) Assessments of current and future states of the climate system that identify potential impacts and inform science, service, and stewardship decisions; 3) Mitigation and adaptation choices supported by sustained, reliable, and timely climate services; and 4) A climate-literate public that understands its vulnerabilities to a changing climate and makes informed decisions. NOAA works in partnership with Federal, academic, private, and international research entities, and places a substantial emphasis on productive partnerships and interactions with decision makers and other stakeholders.Within this context, NOAA's Climate Program Office (CPO) manages competitive research programs conducted in regions across the United States, at national and international scales, and globally. The CPO also provides strategic guidance and oversight for the agency's climate science and services programs and helps to integrate capabilities from across the agency to provide enhanced services to its constituents. Achieving the first of the NGSP climate objectives, an improved scientific understanding of the changing climate system and its impacts, requires a number of core capabilities be supported. These core capabilities can be broadly categorized to include: (a) understanding and modeling, (b) observing systems, data stewardship, and climate monitoring, (c) predictions and projections, and (d) integrated service development and decision support.These core capabilities, in turn, will focus initially on the following societal challenges identified in the NGSP as early evidence of progress to be made by NOAA in providing sustained, reliable, and timely climate services:* Climate Impacts on Water Resources* Coasts and Climate Resilience* Sustainability of Marine Ecosystems* Changes in Extremes of Weather and Climate* Information for Mitigating Climate ChangeEach of the Competitions announced in this Federal Funding Opportunity addresses one or more of these core capabilities or societal challenges. It is expected that applications submitted in response to this Opportunity will identify their relevance to NOAA's climate science and services by indicating which core capabilities and/or societal challenges will be addressed by the proposed work. Application abstracts must include a paragraph describing the work's relevance to the NGSP's long-term goal of climate adaptation and mitigation as well as to the Competition that is being targeted.In FY 2012, we estimate that $15.5 million will be available for approximately 60 new awards pending budget appropriations. It is anticipated that most awards will be at a funding level between $50,000 and $200,000 per year, with some exceptions for larger awards. Investigators are highly encouraged to visit the CPO website http://www.cpo.noaa.gov/index.jsp?pg=/opportunities/opp_index.jsp&opp=2012/program_elements.jsphttp://www.noaa.gov/ngsp",Unclear,No,Child and family well-being,Cross-division,Yes,Unknown,NA,NA,NA,NA,NA,NA,NA,NA
EDA-DISASTER-2025,EDA FY25 Disaster Supplemental,"<p><span style=""color: rgb(19, 54, 92);"">Through this Disaster NOFO, EDA will award investments in regions experiencing severe economic distress or other economic harm resulting from hurricanes, wildfires, tornadoes, floods, and other natural disasters occurring in calendar years 2023 and 2024. EDA’s goal under this NOFO is to assist communities recovering from a disaster by realizing opportunities to recover and change the economic trajectory of the community for the better. In other words, EDA funding seeks to help communities recover and set them on a path to exceed their previous pre-disaster baseline. EDA seeks projects that are responsive to community needs post-disaster by engaging all aspects of the community, with special focus on private industry partners. </span></p> <p><br></p> <p><span style=""color: rgb(19, 54, 92);"">This Disaster NOFO provides funding through three pathways:</span></p> <p><br></p> <p><span style=""color: rgb(19, 54, 92);"">Readiness Path – Standalone non-construction projects designed to increase a community’s readiness to apply for or implement disaster recovery funding from private and public sources including, but not limited to, future EDA NOFOs and the Implementation or Industry Transformation Paths under this NOFO. Projects will fund strategy development, capacity building, and/or predevelopment costs necessary for future recovery projects.</span></p> <p><br></p> <p><span style=""color: rgb(19, 54, 92);"">Implementation Path – Standalone construction or non-construction projects designed to address the economic challenges faced by a community recovering from a natural disaster and improve economic trajectories beyond pre-disaster economic conditions.</span></p> <p><br></p> <p><span style=""color: rgb(19, 54, 92);"">Industry Transformation Path – Led by a coalition of regional stakeholders, a portfolio of large-scale, multicomponent construction and non-construction projects designed to fundamentally transform the economic trajectory of a region through the development or acceleration of an industry.</span></p>",Unclear,No,Disaster recovery and resilience,Cross-division,Yes,Unknown,NA,NA,NA,NA,NA,NA,NA,NA
NOAA-OAR-SG-2027-32433,Fiscal Year 2027 National Sea Grant College Program Dean John A. Knauss Marine Policy Fellowship,"<p><span style=""background-color: transparent;"">The National Sea Grant College Program was enacted by the U.S. Congress in 1966 (amended in 2020, Public Law 116-221) to support leveraged federal and state partnerships that harness the intellectual capacity of the nation’s universities and research institutions to solve problems and generate opportunities in coastal communities.</span></p> <p><br></p> <p><span style=""background-color: transparent;"">This notice announces that applications may be submitted for the 2027 National Sea Grant College Program Dean John A. Knauss Marine Policy Fellowship (Sea Grant Knauss Fellowship Program). Pending the availability of federal funding, the National Sea Grant College Program (Sea Grant) anticipates funding not less than 35 applications. Application packages will each propose a total of $97,200 in funding. A detailed breakdown of this funding is described in Sections II.A and III.F of this announcement.</span></p> <p><br></p> <p><span style=""background-color: transparent;"">Student applicants are strongly encouraged to reach out to the Sea Grant program in their state/territory at least one to two months before the state application deadline to receive application support and provide notification of intent to apply. Following student application submission, the student should allow sufficient time to schedule an interview with the eligible Sea Grant program at the program’s request.</span></p> <p><br></p> <p><span style=""background-color: transparent;"">Applicant organizations must complete and maintain three registrations to be eligible to apply for or receive an award. These registrations include</span><a href=""https://urldefense.com/v3/__https:/sam.gov/content/home__;!!FiG2giev53vN!6sxfF1sAvFOjycyhk2fdYVMXfZUYW1Ds_UXVaciBtzYJKo3z8ULHyQvQg4Ofc9vYVkBUxe6XLOLToDr9jML3HFOGrg$"" target=""_blank"" style=""background-color: transparent; color: rgb(7, 130, 193);""> <u>SAM.gov</u></a><span style=""background-color: transparent;"">, </span><a href=""https://urldefense.com/v3/__https:/www.grants.gov/web/grants/home.html__;!!FiG2giev53vN!6sxfF1sAvFOjycyhk2fdYVMXfZUYW1Ds_UXVaciBtzYJKo3z8ULHyQvQg4Ofc9vYVkBUxe6XLOLToDr9jMLXTbXHRA$"" target=""_blank"" style=""background-color: transparent; color: rgb(7, 130, 193);""><u>Grants.gov,</u></a><span style=""background-color: transparent;""> and </span><a href=""https://urldefense.com/v3/__https:/www.era.nih.gov/eracommons-timeline.htm__;!!FiG2giev53vN!6sxfF1sAvFOjycyhk2fdYVMXfZUYW1Ds_UXVaciBtzYJKo3z8ULHyQvQg4Ofc9vYVkBUxe6XLOLToDr9jMKhmRSrhg$"" target=""_blank"" style=""background-color: transparent; color: rgb(7, 130, 193);""><u>eRA Commons</u></a><span style=""background-color: transparent;"">. All registrations must be completed before submitting the application. </span><u style=""background-color: transparent;"">The complete registration process for all three systems can take 4 to 6 weeks, so applicants should begin this activity as soon as possible.</u><span style=""background-color: transparent;""> If an eligible applicant does not have access to the internet, please contact the Agency Contacts listed in Section VII for submission instructions. NOAA has created a guide to aid applicants in formatting application packages to eRA, linked </span><a href=""https://seagrant.noaa.gov/wp-content/uploads/2024/10/NOAA-NEW-Application-Process-1.pdf"" target=""_blank"" style=""background-color: transparent; color: rgb(7, 130, 193);""><u>here</u></a><span style=""background-color: transparent;"">.</span></p> <p><br></p> <p><span style=""background-color: transparent;"">Prior to registering with eRA Commons, applicant organizations must first obtain a Unique Entity Identifier (UEI) from SAM.gov, if needed (refer to Section IV. Applications and Submission Information, Section C). Organizations can register with eRA Commons in tandem with completing their full SAM and Grants.gov registrations; however, all registrations must be in place by the time of application submission. eRA Commons requires organizations to identify at least one Signing Official (SO) and at least one Program Director/Principal Investigator (PD/PI) account to submit an application.</span></p> <p><br></p> <p><span style=""background-color: transparent;"">This document sets out requirements for submitting to NOAA-OAR-SG-2027-32433</span></p>",No,No,No keyword match,Unknown,No,Unknown,NA,NA,NA,NA,NA,NA,NA,NA
2026-NTIA-TBCP,Tribal Broadband Connectivity Program,"<p>NTIA is soliciting applications for funds remaining under the Tribal Broadband Connectivity Program (TBCP), authorized by the Consolidated Appropriations Act, 2021, Division N, Title IX, Section 905(c), Public Law 116-260, 134 Stat. 1182 (Dec. 27, 2020) (Act), as amended by the Infrastructure Investment and Jobs Act, Division F, Title II, Section 60201, Public Law 117-58, 135 Stat. 429 (Nov. 15, 2021) (IIJA) (codified at 47 U.S.C. §1705). TBCP provides funding for grants to Eligible Entities to expand access to and adoption of: (i) broadband service on Tribal Land; or (ii) programs that promote remote learning, telework, or telehealth resources.</p>",Unclear,No,Rural access and telehealth,Unknown,Yes,Unknown,NA,NA,NA,NA,NA,NA,NA,NA
2025-NIST-MSE-01,Measurement Science and Engineering (MSE) Research Grant Programs,"<p>To support activities that develop, expand, strengthen, or sustain NIST partnership programs and/or support the conduct of research or a recipient's portion of collaborative research in a variety of areas including, but not limited to: Metrology; <span style=""color: windowtext;"">S</span>tandards; <span style=""color: windowtext;"">N</span>anotechnology; <span style=""color: windowtext;"">A</span>rtificial <span style=""color: windowtext;"">I</span>ntelligence; <span style=""color: windowtext;"">A</span>dvanced <span style=""color: windowtext;"">C</span>ommunications; <span style=""color: windowtext;"">A</span>dvanced <span style=""color: windowtext;"">M</span>anufacturing; <span style=""color: windowtext;"">P</span>romotion of U.S. innovation and industrial competitiveness; <span style=""color: windowtext;"">M</span>easurements in <span style=""color: windowtext;"">S</span>ciences; <span style=""color: windowtext;"">N</span>eutron <span style=""color: windowtext;"">R</span>esearch; and enhancing coordination of the U.S. <span style=""color: windowtext;"">S</span>tandards <span style=""color: windowtext;"">S</span>ystem with government and private sector organizations.</p>",No,Yes,No keyword match,Unknown,No,Unknown,NA,NA,NA,NA,NA,NA,NA,NA
ED-GRANTS-080626-004,"Institute of Education Sciences (IES): National Center for Education Research (NCER): Using Longitudinal Data to Support State Education Policymaking, Assistance Listing Number (ALN) 84.305S","<p><span style=""color: rgb(0, 0, 0);"">Through this grant program, IES supports state agencies’ use of their statewide longitudinal data systems (SLDSs) to provide evidence for their own program and policy decisions, and those of their local education agencies regarding increasing learners’ access to high-quality education and increased academic achievement.</span></p> <p><br></p> <p><span style=""color: rgb(51, 51, 51);"">Assistance Listing Number (ALN) 84.305S.</span></p>",Yes,No,No keyword match,Unknown,No,Unknown,NA,NA,NA,NA,NA,NA,NA,NA
DE-FOA-0003612,The Genesis Mission: Transforming Science and Energy with AI,"<p><span style=""color: black;"">The DOE Office of Science (SC), Office of Critical Minerals and Energy Innovation (CMEI), Office of Environmental Management (EM), Office of Nuclear Energy (NE), Office of Electricity (OE), and Hydrocarbons and Geothermal Office (HGEO) hereby announce interest in receiving applications from interdisciplinary teams addressing the </span><a href=""https://www.energy.gov/documents/genesis-mission-science-and-technology-challenges?utm_medium=email&amp;utm_source=govdelivery"" target=""_blank"">Genesis Mission National Science and Technology Challenges</a><span style=""color: black;""> to accelerate scientific discovery and research and development (R&amp;D) workflows using novel artificial intelligence (AI) models and frameworks.&nbsp;By achieving AI advantage, these teams will advance the DOE's mission and ensure America’s security and prosperity by addressing energy, environmental, and nuclear challenges through science and technology.&nbsp;Teams are encouraged to leverage the extensive scientific and data resources of the DOE/National Nuclear Security Administration (NNSA), the National Laboratories, U.S. industry, and academia.&nbsp;The resulting AI models and workflows, if successful, may be integrated into the American Science Cloud.</span></p> <p><span style=""color: black;"">&nbsp;</span></p> <p><span style=""color: black;"">DOE is soliciting new FY26 Phase I small team and Phase II large team applications in the following topic areas:&nbsp;advanced manufacturing, biotechnology, critical materials, nuclear fission, nuclear fusion, quantum information science, semiconductors and microelectronics, discovery science, and energy (see specific focus areas in </span>Section III<span style=""color: black;""> Program Descriptions).</span></p> <p><span style=""color: black;"">&nbsp;</span></p> <p><span style=""color: black;"">In addition, this RFA will remain available to allow the recipients of FY26 Phase I awards to apply for larger team Phase II awards.&nbsp;In a few weeks, DOE plans to amend the RFA to clarify the LOI and application guidelines for FY26 Phase II awards.&nbsp;In FY27, DOE plans to amend the RFA or to issue an alternative funding opportunity to update the topic and focus areas to allow a second competition of Phase I small team applications and Phase II large team applications.</span></p>",Unclear,No,No keyword match,Unknown,No,Unknown,NA,NA,NA,NA,NA,NA,NA,NA
DE-SOL-0008318,RFI - DOE Infrastructure Work Scope Development,"<p>DOE is seeking information, comments, feedback, and recommendations from interested parties to determine what capabilities supporting research, training and technology demonstration are of highest interest to the nuclear energy research community.All responses are to be made at NEUP.gov per the attached instructions.</p>",Possible,No,No keyword match,Unknown,No,Unknown,NA,NA,NA,NA,NA,NA,NA,NA
DE-FOA-0002265,University Nuclear Leadership Program– Scholarship and Fellowship Support,"<p><strong>A. STATEMENT OF OBJECTIVES</strong></p><p>This Funding Opportunity Announcement (FOA) is to award multiple cooperative agreements to accredited United States (U.S.) two- and four-year colleges and universities (Institutions of Higher Education (IHEs)) to receive and administer scholarship and fellowship funding—provided through the University Nuclear Leadership Program (UNLP) and as administered by the Department of Energy, Office of Nuclear Energy (DOE-NE)—on behalf of selected students attending these U.S. IHEs. The selection of students to receive scholarships and fellowships through the program will occur via a separate DOE-NE process.</p><p><br></p><p><strong>A.1 BACKGROUND AND OBJECTIVES</strong></p><p>UNLP works to attract qualified nuclear science and engineering students (NS&amp;E) to nuclear energy professions by providing undergraduate level scholarships and graduate level fellowships. The scholarships and fellowships are focused on two-, four-year, and graduate programs in science and engineering disciplines related to nuclear energy such as nuclear engineering, mechanical engineering, electrical engineering, chemistry, health physics, nuclear materials science, radiochemistry, applied nuclear physics, nuclear policy, radiation protection technology, nuclear power technology, nuclear maintenance technology, nuclear engineering technology, computer science, cybersecurity, nuclear safety, nuclear operations, mechanical and electrical maintenance, and radiation protection.</p><p><br></p><p>NE’s mission is to advance nuclear energy science and technology to meet U.S. energy, environmental, and economic needs. NE has identified the following goals to address challenges in the nuclear energy sector, help realize the potential of advanced technology, and leverage the unique role of the government in spurring innovation:</p><p><br></p><p>• Keep existing U.S. nuclear reactors operating</p><p>• Deploy new nuclear reactors</p><p>• Secure and sustain our nuclear fuel cycle</p><p>• Expand international nuclear energy cooperation</p><p><br></p><p>Collectively, all NE-sponsored activities support the Department’s priorities to combat the climate crisis, create clean energy jobs with the free and fair chance to join a union and bargain collectively, and promote equity and environmental justice by delivering innovative clean energy technologies for nuclear energy systems.</p><p><br></p><p>UNLP supports NE’s Nuclear Energy University Program (NEUP), which enables outstanding, cutting-edge, and innovative research at U.S. IHEs through the following:</p><p><br></p><p>• Integrating research and development (R&amp;D) at U.S. IHEs, national laboratories, and industry to revitalize nuclear education and support NE’s Programs</p><p>• Attracting the brightest students to the nuclear professions and supporting the nation’s intellectual capital in science and engineering disciplines</p><p>• Improving U.S. IHE’s infrastructure for conducting R&amp;D and educating students</p><p>• Facilitating knowledge transfer to the next generation of workers</p><p><br></p><p>Educating undergraduate and graduate students in NS&amp;E will:</p><p><br></p><p>• Support the ongoing need for personnel who can develop and maintain the nation’s nuclear power technology</p><p>• Enhance the R&amp;D capabilities of U.S. IHEs</p><p>• Fulfill national demand for highly trained scientists and engineers to work in NS&amp;E areas</p><p><br></p><p><br></p>",No,No,Behavioral health and crisis,Behavioral Health,No,Unknown,NA,NA,NA,NA,NA,NA,NA,NA
DE-FOA-0003467,SEEDING CRITICAL ADVANCES FOR LEADING ENERGY TECHNOLOGIES WITH UNTAPPED POTENTIAL (SCALEUP) READY,"<p>The purpose of this modification is to clarify the meaning of the Program Policy Factors in Section V.C.</p> <p><br></p> <p>To obtain a copy of the Notice of Funding Opportunity (NOFO) please go to the ARPA-E website at https://arpa-e-foa.energy.gov.&nbsp;To apply to this NOFO, Applicants must register with and submit application materials through ARPA-E eXCHANGE (<a href=""https://arpa-e-foa.energy.gov/Registration.aspx"" target=""_blank"">https://arpa-e-foa.energy.gov/Registration.aspx</a>).&nbsp;For detailed guidance on using ARPA-E eXCHANGE, please refer to the ARPA-E eXCHANGE User Guide (https://arpa-e-foa.energy.gov/Manuals.aspx).&nbsp;ARPA-E will not review or consider concept papers submitted through other means. For problems with ARPA-E eXCHANGE, email ExchangeHelp@hq.doe.gov (with NOFO name and number in the subject line).</p> <p>Questions about this NOFO? Check the Frequently Asked Questions available at <a href=""http://arpa-e.energy.gov/faq"" target=""_blank"">http://arpa-e.energy.gov/faq</a>.&nbsp;For questions that have not already been answered, email ARPA-E-CO@hq.doe.gov.&nbsp;&nbsp;</p> <p><br></p> <p>AGENCY OVERVIEW</p> <p>The Advanced Research Projects Agency – Energy (ARPA-E), an organization within the Department of Energy (DOE), is chartered by Congress in the America COMPETES Act of 2007 (P.L. 110-69), as amended by the America COMPETES Reauthorization Act of 2010 (P.L. 111-358), as further amended by the Energy Act of 2020 (P.L. 116-260):</p> <p>“(A) to enhance the economic and energy security of the United States through the development of energy technologies that—</p> <p>(i) reduce imports of energy from foreign sources;</p> <p>(ii) reduce energy-related emissions, including greenhouse gases;</p> <p>(iii) improve the energy efficiency of all economic sectors;</p> <p>(iv) provide transformative solutions to improve the management, clean-up, and disposal of radioactive waste and spent nuclear fuel; and</p> <p>(v) improve the resilience, reliability, and security of infrastructure to produce, deliver, and store energy; and</p> <p>(B) to ensure that the United States maintains a technological lead in developing and deploying advanced energy technologies.”</p> <p>ARPA-E issues this Notice of Funding Opportunity (NOFO) under its authorizing statute codified at 42 U.S.C. § 16538. The NOFO and any cooperative agreements or grants made under this NOFO are subject to 2 C.F.R. Part 200 as supplemented by 2 C.F.R. Part 910.</p> <p>ARPA-E funds research on, and the development of, transformative science and technology solutions to address the energy and environmental missions of the Department. The agency focuses on technologies that can be meaningfully advanced with a modest investment over a defined period of time in order to catalyze the translation from scientific discovery to early-stage technology. For the latest news and information about ARPA-E, its programs and the research projects currently supported, see: http://arpa-e.energy.gov/.</p> <p>ARPA-E funds transformational research. Existing energy technologies generally progress on established “learning curves” where refinements to a technology and the economies of scale that accrue as manufacturing and distribution develop drive improvements to the cost/performance metric in a gradual fashion. This continual improvement of a technology is important to its increased commercial deployment and is appropriately the focus of the private sector or the applied technology offices within DOE. In contrast, ARPA-E supports transformative research that has the potential to create fundamentally new learning curves. ARPA-E technology projects typically start with cost/performance estimates well above the level of an incumbent technology. Given the high risk inherent in these projects, many will fail to progress, but some may succeed in generating a new learning curve with a projected cost/performance metric that is significantly better than that of the incumbent technology. ARPA-E will provide support at the highest funding level only for submissions with significant technology risk, aggressive timetables, and careful management and mitigation of the associated risks.</p> <p>ARPA-E funds technology with the potential to be disruptive in the marketplace. The mere creation of a new learning curve does not ensure market penetration. Rather, the ultimate value of a technology is determined by the marketplace, and impactful technologies ultimately become disruptive – that is, they are widely adopted and displace existing technologies from the marketplace or create entirely new markets. ARPA-E understands that definitive proof of market disruption takes time, particularly for energy technologies. Therefore, ARPA-E funds the development of technologies that, if technically successful, have clear disruptive potential, e.g., by demonstrating capability for manufacturing at competitive cost and deployment at scale.</p> <p>ARPA-E funds applied research and development (R&amp;D). The Office of Management and Budget defines “applied research” as an “original investigation undertaken in order to acquire new knowledge…directed primarily towards a specific practical aim or objective” and defines “experimental development” as “creative and systematic work, drawing on knowledge gained from research and practical experience, which is directed at producing new products or processes or improving existing products or processes.”0F1 Applicants interested in receiving financial assistance for basic research (defined by the Office of Management and Budget as “experimental or theoretical work undertaken primarily to acquire new knowledge of the underlying foundations of phenomena and observable facts”)1 should contact the DOE’s Office of Science (http://science.energy.gov/). Office of Science national scientific user facilities (http://science.energy.gov/user-facilities/) are open to all researchers, including ARPA-E Applicants and awardees. These facilities provide advanced tools of modern science including accelerators, colliders, supercomputers, light sources and neutron sources, as well as facilities for studying the nanoworld, the environment, and the atmosphere. Projects focused on early-stage R&amp;D for the improvement of technology along defined roadmaps may be more appropriate for support through the DOE applied energy offices including: the Office of Energy Efficiency and Renewable Energy (http://www.eere.energy.gov/), the Office of Fossil Energy and Carbon Management (https://www.energy.gov/fecm/office-fossil-energy-and-carbon-management), the Office of Nuclear Energy (http://www.energy.gov/ne/office-nuclear-energy), and the Office of Electricity (https://www.energy.gov/oe/office-electricity).</p> <p>ARPA-E encourages submissions stemming from ideas that still require proof-of-concept R&amp;D efforts as well as those for which some proof-of-concept demonstration already exists. Submissions can propose a project with the end deliverable being an extremely creative, but partial solution.</p> <p>PROGRAM OVERVIEW</p> <p>The Seeding Critical Advances for Leading Energy technologies with Untapped Potential (SCALEUP) Ready program provides a vital mechanism for the support of innovative energy R&amp;D that complements ARPA-E’s primary focus on early-stage transformational energy technologies that require proof of concept.</p> <p>Technologies that achieve substantial technical advancement under ARPA-E support may still face significant technical and commercial challenges upon completion of an award's funding period, and thus are at risk of being stranded in their development path once ARPA-E funding ends. Experience across ARPA-E’s diverse energy portfolios, and input from a wide range of investors and industry stakeholders, indicate that pre-commercial scaling projects are critical to establish practical performance and cost parameters. These pre-commercial scaling projects aim to 1) translate the performance achieved at bench scale to commercially scalable versions of the technology, 2) integrate the technology with broader systems, 3) provide extended performance data, and 4) validate the manufacturability and reliability of new energy technologies. Successful scaling projects should enable industry stakeholders to justify the substantial commitments of financial resources, personnel, manufacturing facilities, and materials necessary to subsequently deploy the technologies at a commercial scale.</p> <p>SCALEUP Ready seeks to scale the most promising technologies previously funded by ARPA-E. The possibility of ARPA-E-funded technologies becoming stranded along their development pathways leaves substantial intellectual property developed with American taxpayer dollars vulnerable to adoption by foreign competitors, who capture it for continued development and economic benefit overseas. This harms national competitiveness, as U.S. industries often fall behind on the development, scaling, and manufacturing of technologies necessary to compete in rapidly evolving global energy markets. Thus, projects selected for SCALEUP Ready will meet ARPA-E’s statutory goals by “accelerating transformational technological advances in areas that industry by itself is not likely to undertake because of technical and financial uncertainty.""</p>",Unclear,No,Disaster recovery and resilience,Emergency Management,No,Yes,NA,NA,NA,NA,NA,NA,NA,NA
DE-FOA-0003662,NOI: PROSPECT Program: Providing Opportunities for Specialized Education in Critical Technologies,"The U.S Department of Energy (DOE)’s Office of Critical Minerals and Energy Innovation (CMEI) intends to establish, on behalf of the Analysis and Strategy Office (ASO), the PROSPECT Program—Providing Opportunities for Specialized Education in Critical Technologies—and anticipates investing up to $100 million, subject to the availability of appropriated funds, to strengthen the nation's educational capacity in critical minerals and materials.¿ The activities under this anticipated PROSPECT Program support collaborative approaches that strengthen educational pathways across the entire critical minerals and materials value chain—from mineral resource development and extraction through processing, manufacturing, recycling, and related supply chain activities. Specifically, the planned PROSPECT Program would build on existing investments in critical minerals and materials research, development, demonstration, and deployment by ensuring that the United States has the highly skilled workforce needed to support continued innovation and growth across the domestic supply chain.¿ Through collaboration among academia, industry, national laboratories, and other partners, the program is expected to help develop a durable talent pipeline that strengthens U.S. economic competitiveness, energy security, and national security. This Notice of Intent (NOI) is issued so that interested parties are aware of CMEI’s intention to establish this PROSPECT Program in the near term. All the information contained in this NOI is subject to change. CMEI will not respond to questions concerning this NOI. Complete information, including the full Notice of Intent, can be found on the DOE CMEI Funding Opportunities website: https://eere-exchange.energy.gov/.",Unclear,No,Health and direct-care workforce,Unknown,No,Unknown,NA,NA,NA,NA,NA,NA,NA,NA
FOA-ALL,Sequestration Information,Notice,Unclear,No,No keyword match,Unknown,No,Unknown,NA,NA,NA,NA,NA,NA,NA,NA
DE-FOA-0003627,Improved Oil and Gas Recovery and Produced Water Management Technologies,"Modification 000003: The purpose of this modification is to revise NOFO Part 1. Section I.A.1 is revised to correct the Topic Area 1b cost share to 20% and Section IV.C.2 is revised to delete the Environmental Considerations Summary and Environmental Impact Volume from the Summary of Application Requirements table. This Notice of Funding Opportunity (NOFO) will seek proposals for specific research and development (R&D) projects to improve recovery efficiency from unconventional oil and natural gas reservoirs and to advance technologies for the treatment of flowback and produced water from oil and natural gas production operations. Despite increasing energy for demand, recovery efficiency for oil and natural gas from unconventional reservoirs can average less than 10 percent. This NOFO will enable rapid field deployment of a variety of novel technologies and processes related to improving primary and enhanced recovery with the goal of significantly improving resource recovery and accelerating industry uptake. This NOFO will also support the field testing and validation of water treatment technologies of produced water from oil and natural gas production operations to avoid deep well injection and potential issues with induced seismicity and interaction with underground sources of drinking water.",Unclear,No,Opioid and substance use,Unknown,Yes,Unknown,NA,NA,NA,NA,NA,NA,NA,NA
HSG-2600-DC-0033,Comprehensive Housing Counseling (CHC) and the Housing Counseling Training (HCT) NOFO (FY2026),"<p>The purpose of HUD’s Housing Counseling Grant Program is to provide funds to HUD-approved housing counseling agencies that provide counseling and advice to tenants and homeowners, with respect to property maintenance, financial management and literacy, and other matters as may be appropriate to assist program clients in improving their housing conditions, meeting their financial needs, and fulfilling the responsibilities of tenancy or homeownership. This NOFO plays an integral role in helping individuals and families obtain housing and stay in their homes through sustainable homeownership or affordable rental housing. Housing counseling agencies are an important safeguard in the prevention of housing scams and discrimination and serve as an important gateway to local, state, federal and private housing assistance and resources.</p>",Possible,No,No keyword match,Unknown,No,Unknown,NA,NA,NA,NA,NA,NA,NA,NA
PIH-2600-DC-0084,Family Unification Program (FUP) Multi-Year NOFO,"<p>The Family Unification Program (FUP) public housing authorities (PHAs) to partner with public child welfare agencies (PCWAs) to provide Housing Choice Voucher (HCV) assistance to two primary groups:</p><p>1. <strong>Families</strong>: Those for whom the lack of adequate housing is a primary factor in the imminent placement of a child (or children) in out-of-home care, or a delay in the discharge of a child to the family from out-of-home care.</p><p>2. <strong>Youth</strong>: Individuals<strong> </strong>at least 18 years old and not more than 24 years old (who have not reached their 25th&nbsp;birthday) who:</p><ul><li>Left foster care, or will leave foster care within 180 days, in accordance with a transition plan described in Section 475(5)(H) of the Social Security Act.&nbsp;</li><li>Are homeless or are at risk of becoming homeless at age 16 or older.</li></ul><p><strong>Voucher Duration</strong>:&nbsp;</p><ol><li><strong>Families</strong>: No time limit.</li><li><strong>Youth</strong>: Limited to 36 months (subject to Fostering Stable Housing Opportunities (FSHO) extensions)</li></ol><p><strong>FHSO Extensions</strong>:</p><p>Under Section 103 of Division Q of the Consolidated Appropriations Act, 2021 (Public Law: 116-260), FUP youth may receive an extension of the 36-month limit for up to an <strong>additional 24 months </strong>if they meet specific requirements.&nbsp;&nbsp;</p><ul><li><strong>Applicability</strong>: FSHO applies to FUP youth who first leased (or lease) a unit <u>after</u> December 27, 2020. This includes youth assisted with funding under this NOFO.&nbsp;&nbsp;</li><li><strong>Reference</strong>: See <a href=""https://www.federalregister.gov/documents/2022/01/24/2022-01285/implementation-of-the-fostering-stable-housing-opportunities-amendments"">FSHO implementation notice (87 FR 3570)</a>.&nbsp;</li></ul><p>&nbsp;</p>",Unclear,No,Child and family well-being,Social Services,No,Unknown,NA,NA,NA,NA,NA,NA,NA,NA
PIH-2600-DC-0014,Jobs Plus NOFO for FY2026,"<p>The subject line of the email message should be, “FY26 Jobs Plus NOFO.”</p>",Unclear,No,No keyword match,Unknown,Yes,Unknown,NA,NA,NA,NA,NA,NA,NA,NA
LHC-2600-DC-0044,Healthy Homes Production Grant Program,"The Healthy Homes Production Program (HHP) is part of HUD""s overall Healthy Homes Initiative launched in 1999. The program takes a comprehensive approach to addressing multiple childhood diseases and injuries in the home by focusing on housing-related hazards in a coordinated fashion, rather than addressing a single hazard at a time. The program builds upon HUD""s successful Lead Hazard Control programs to expand the Department""s efforts to address a variety of high-priority environmental health and safety hazards. Applicants receiving a Healthy Homes Production award under this NOFO will be expected to accomplish the following objectives:a. Maximize both the number of vulnerable residents protected from housing-related environmental health and safety hazards and the number of housing units where these hazards are controlled;b. Identify and remediate housing-related health and safety hazards in privately owned, low-income rental and/or owner-occupied housing, especially in units and/or buildings where families with children, older adults 62 years and older, or families with persons with disabilities reside;c. Promote cost-effective and efficient healthy home methods and approaches that can be replicated and sustained;d. Support public education and outreach that furthers the goal of protecting children and other vulnerable populations from housing-related health and safety hazards;e. Build local capacity to operate sustainable programs that will prevent and control housing-related environmental health and safety hazards in low- and very low-income residences, and develop a professional workforce that is trained in healthy homes assessment and principles;f. Promote integration of this grant program with housing rehabilitation, property maintenance, weatherization, healthy homes initiatives, local lead-based paint hazard control programs, health and safety programs, and energy efficiency improvement activities and programs;g. Build and enhance partner resources to develop the most cost-effective methods for identifying and controlling key housing-related environmental health and safety hazards;h. Promote collaboration, data sharing, and targeting between health and housing departments;i. Ensure to the greatest extent feasible that job training, employment, contracting, and other economic opportunities generated by this grant will be directed to low- and very-low-income persons, particularly those who are recipients of government assistance for housing, and to businesses that provide economic opportunities to low- and very low-income persons in the area in which the project is located. For more information, see 24 CFR 135 (Section 3).",Possible,No,Behavioral health and crisis,Cross-division,No,Unknown,NA,NA,NA,NA,NA,NA,NA,NA
LHC-2600-DC-0013,Lead Hazard Reduction Grant Program,"The purpose of the Lead Hazard Reduction (LHR) Grant Program is to maximize the number of children under the age of six protected from lead poisoning by assisting states, Native American Tribes, cities, counties/parishes, or other units of local government in undertaking comprehensive programs to identify and control lead-based paint hazards in eligible privately-owned rental or owner-occupied housing, which must be target housing. In addition, there is Healthy Homes Supplemental funding available that is intended to enhance the lead-based paint hazard control activities by comprehensively identifying and addressing other housing hazards that affect occupant health in homes with lead-based paint hazards being treated under the grant.",Possible,No,Child and family well-being,Unknown,No,Unknown,NA,NA,NA,NA,NA,NA,NA,NA
LHC-2600-DC-0069,Older Adults Home Modification Grant Program,"The overall purpose of the Older Adult Home Modification Program (OAHMP) is to assist experienced nonprofit organizations, state and local governments, and public housing authorities in undertaking comprehensive programs that make safety and functional home modification repairs and renovations to meet the needs of low-income seniors. The goal of the home modification program is to enable low-income elderly persons to remain in their homes through low-cost, low barrier, high impact home modifications to reduce older adults"" risk of falling, improve general safety, increase accessibility, and to improve their functional abilities in their home. This will enable older adults to remain in their homes, that is, to ""age in place,"" rather than move to nursing homes or other assisted care facilities.",Possible,No,Health and direct-care workforce,Aging,No,Unknown,NA,NA,NA,NA,NA,NA,NA,NA
OFH-2600-DC-021A,Fair Housing Initiatives Program - Education and Outreach Initiative,"Congress in 1988 established the Fair Housing Initiatives Program (FHIP) with a purpose of providing funding to entities to work alongside HUD to ""prevent or eliminate discriminatory housing practices"" 42 USC § 3616a(a). FHIP provides funds to eligible organizations through competitive grants. under several initiatives.The overarching purpose of the FHIP Education and Outreach Initiative (EOI) is to educate the public, housing providers and other stakeholders about their rights and obligations under provisions of fair housing laws, through the development, implementation, carrying out and coordinating or education and outreach programs. 42 USC § 3616a(d)(1); 24 CFR 125.301(a).The National Media Campaign component (EOI-NMC) is ""designed to provide a centralized, coordinated effort for the development and dissemination of fair housing media products."" 42 USC § 3616a(d)(1). A portion of NMC funds are specifically meant to increase participation in the annual national fair housing month. Under a cooperative agreement, HUD will exercise the right to approve, and have substantial involvement in, all proposed deliverables, as well as the Work Plan or Statement of Work (SOW).The General Component (EOI-GC) is designed to carry out projects programs that prevent or eliminate discriminatory housing practices by establishing or supporting regional, local, and community- based education and outreach activities, events, and programs. For grants and cooperative agreements, HUD will conduct monitoring reviews, request quarterly reports, and approve all proposed deliverables as documented in the applicant's Work Plan or SOW. Most EOI funds are awarded under grant agreements. However, national funds are awarded under cooperative agreements managed by Headquarters since the awards have a nationwide impact and therefore require more complex and frequent oversight as well as Departmental approval of deliverables.",Yes,No,Behavioral health and crisis,Unknown,No,Unknown,NA,NA,NA,NA,NA,NA,NA,NA
PIH-ROSS-26-001,ROSS Rapid Response Program,"The ROSS Rapid Response Program (RRP) awards one-time assistance via a cost-reimbursable grant for service coordination and limited direct services for residents of HUD-assisted housing. The RRP utilizes a simplified application process to promote local leadership and flexibility in addressing urgent social needs caused by unanticipated emergencies. Examples of these emergencies can include but are not limited to: • Natural disasters (e.g., wildfires or hurricanes) • Public health crises (e.g., gun violence, community-level contamination or environmental hazards) • Economic disruptions (e.g., closure of a major employment center that employs residents at the target site)",Unclear,No,Child and family well-being,Cross-division,Yes,Unknown,NA,NA,NA,NA,NA,NA,NA,NA
LHC-2600-DC-0032,Lead-Safe and Healthy Homes Financing Demonstration,"This Notice of Funding Opportunity (NOFO) announces up to $10 million to support a National Fund Manager (NFM) to design and manage a Lead-Safe and Healthy Homes Financing Demonstration (the Fund). The Fund will be a national platform to pool public and private capital to accelerate the reduction of residential lead exposure, particularly childhood lead poisoning, and improve housing-related health conditions in low-income communities (""lead-safe and healthy homes activities"").While HUD and EPA programs have addressed lead and other environmental hazards in many homes, progress remains slow relative to the scale of need. For example, since 1993, HUD has remediated lead hazards in over 230,000 low-income housing units, but tens of millions of U.S. households continue to face risk from lead and additional residential environmental stressors. Expanding access to private capital alongside public funding is critical to increasing the pace and scale of remediation.Traditional home repair financing remains difficult to access due to strict underwriting, high denial rates, and lender risk concerns, leaving many older homes in disrepair. The Fund will build upon successful local models that combine public and private resources and expand this approach nationally by aggregating capital and supporting local financing programs.The NFM will be responsible for leveraging the initial $10 million in public funds to raise private capital investments, structuring financing mechanisms, and providing technical assistance to support the Fund's operations. The NFM will also be responsible for the distribution of the funds through eligible activities by using no more than $1 million of the federal award for administrative activities, while deploying the remaining capital through loans, grants, and other financial products that flow to state, regional, and local governments and nonprofit organizations selected by the NFM. The NFM will select and enter into agreements with organizations, which will in turn provide financing for conducting lead-safe and healthy homes activities in homes of low-income homeowners and homes owned by small landlords, in low-income communities. HUD will maintain oversight through review of Fund structure, performance, and compliance rather than by participating in investment selection decisions.The organizations selected for funding by the NFM will ensure that the financing conditions require use of appropriately qualified contractors, laboratories, and financial entities in accordance with applicable Federal, state, and local requirements and this NOFO. The NFM will establish and oversee compliance, reporting, and quality assurance processes to ensure that lead-safe and healthy homes activities are performed and financed in accordance with program requirements.",Unclear,No,Disaster recovery and resilience,Aging,No,Unknown,NA,NA,NA,NA,NA,NA,NA,NA
FR-6900-N-74,Application Instructions for the Indian Community Development Block Grant (ICDBG) Imminent Threat (IT) Program,This Notice provides Tribes with program requirements and instructions on how to apply for Indian Community Development Block Grant (ICDBG) Imminent Threat (IT) funding. This Notice also increases ceilings for ICDBG-IT grants. How to Submit Your Application:You must email your ICDBG-IT application to: ONAP-ICDBG@hud.gov Also send a copy to your ONAP Area Office.Important: Do not submit your ICDBG-IT application through Grants.gov. Applications sent through Grants.gov will not be accepted.,Yes,No,No keyword match,Unknown,Yes,Unknown,NA,NA,NA,NA,NA,NA,NA,NA
O-BJA-2026-172697,BJA FY 2026 The Kevin and Avonte Program: Reducing Injury and Death of Missing Individuals with Dementia and Developmental Disabilities,"This is a notice of funding opportunity (NOFO) for the BJA FY 2026 Kevin and Avonte Program: Reducing Injury and Death of Missing Individuals with Dementia and Developmental Disabilities. This opportunity supports public safety efforts to reduce deaths and injuries of individuals with forms of dementia, such as Alzheimer’s disease, or developmental disabilities, such as autism, who, due to their condition, wander from safe environments. This program provides funding to law enforcement, other public safety agencies, and health care agencies to implement locative technologies that track missing individuals. It also provides funding to such agencies and partnering nonprofit organizations to develop or operate programs to prevent wandering, increase safety for vulnerable individuals, and facilitate rescues.",Possible,No,Behavioral health and crisis,Behavioral Health,Yes,Unknown,NA,NA,NA,NA,NA,NA,NA,NA
O-BJA-2026-172661,BJA FY 2026 Daniel Anderl Judicial Security and Privacy Program,"This is a notice of funding opportunity (NOFO) for the BJA FY 2026 Daniel Anderl Judicial Security and Privacy Program. This opportunity supports states and units of local government, including tribal governments that perform law enforcement functions, in creating and expanding efforts to protect the safety and security of federal judges by preventing the release of covered information about at-risk individuals and their immediate family members to ensure federal judges are able to administer justice fairly without fear of personal reprisal from individuals affected by the decisions they make in the course of carrying out their public duties. Many federal judges' personal information resides in state and local government records, databases, and registries that are publicly accessible and searchable and outside federal control. Grants to state and local entities support federal-state-local partnerships to protect federal judicial officers and their families. Funds awarded under this grant program must be used exclusively for protecting federal judges and their immediate family members as defined in statute. Applicants that have existing judicial protection programs should clearly delineate how grant funds will be used solely for federal judges and describe cost allocation methodologies to ensure appropriate separation of expenses. Expenses that also benefit other judges are acceptable, provided that any costs specific to state, local, or tribal judges are separately tracked and are not charged to this grant.",Possible,No,Child and family well-being,Unknown,Yes,Unknown,NA,NA,NA,NA,NA,NA,NA,NA
O-BJA-2026-172698,BJA FY 2026 Second Chance Act Improving Reentry Education and Employment Outcomes,"This is a notice of funding opportunity (NOFO) for BJA FY 2026 Second Chance Act (SCA) Improving Reentry Education and Employment Outcomes. This opportunity supports state, local, and tribal governments and community-based organizations to provide education and employment programs for adults and youth leaving prison and jail. The goal of the program is to improve academic and vocational/trade programs available to adults and youth in prisons and jails and expand workforce development and career pathways that result in improved job readiness, employment attainment, and retention, thereby improving employment prospects and reducing recidivism. Applicants may consider proposing projects that develop marketable skills, leverage technology, and build capacity to align with their local job market and engage in the digital economy.",Possible,No,Health and direct-care workforce,Unknown,Yes,Unknown,NA,NA,NA,NA,NA,NA,NA,NA
O-BJA-2026-172656,DOJ FY 2026 Bridging Immigration-Related Deficits Experienced Nationwide (“BIDEN”) Program Round 2,"This is a notice of funding opportunity (NOFO) for the Department of Justice’s (DOJ) FY 2026 Bridging Immigration-Related Deficits Experienced Nationwide (BIDEN) Program. This program, authorized under the BIDEN Reimbursement Fund established by the One Big Beautiful Bill Act, Public Law 119-21, Title X, Subtitle A, Part II (codified at 34 U.S.C. § 61101), provides funding for grants to eligible States, State agencies, and units of local government and tribal governments, pursuant to their existing statutory authorities to support the seven statutory purposes outlined in 34 U.S.C. § 61101: 1. Locating and apprehending aliens who have committed a crime under federal, state, or local law, in addition to being unlawfully present in the United States (hereafter referred to as “criminal illegal aliens”). 2. Collection and analysis of law enforcement investigative information within the United States to counter gang or other criminal activity. 3. Investigating and prosecuting (a) crimes committed by aliens within the United States; and (b) drug and human trafficking crimes committed within the United States. 4. Court operations related to the prosecution of (a) crimes committed by aliens; and (b) drug and human trafficking crimes. 5. Temporary criminal detention of aliens. 6. Transporting aliens described in paragraph (1) within the United States to locations related to the apprehension, detention, and prosecution of such aliens. 7. Vehicle maintenance, logistics, transportation, and other support provided to law enforcement agencies by a state agency to enhance the ability to locate and apprehend aliens who have committed crimes under federal, state, or local law, in addition to being unlawfully present in the United States. Awards from this program should be used to support significant participation in and support of Homeland Security Task Force (HSTF) activities, and other DOJ efforts to combat gangs, cartels, and other violent crime. Awards under this NOFO may support expenditures made by State agencies or units of local government for completed, ongoing, or new activities that occurred on or after January 20, 2021. This NOFO includes three funding categories: Category 1: Hiring • Sworn and Non-Sworn Law Enforcement Personnel—Funding can be used to hire or rehire full-time sworn career law enforcement officers/deputies and civilian/non-sworn personnel as outlined below: o Hire new full-time officers/deputies and full-time civilian/non-sworn personnel, including by filling existing officer/deputy vacancies that are no longer funded in your agency’s budget. o Rehire full-time officers/deputies and full-time civilian/non-sworn personnel who have been laid off by any jurisdiction as a result of state, local, or Bureau of Indian Affairs (BIA) budget reductions. The rehired officers/deputies must be rehired on or after the official award start date on the notice of award. o Rehire full-time officers/deputies and full-time civilian/non-sworn personnel who are (at the time of application) currently scheduled to be laid off by your jurisdiction on a specific future date as a result of state, local, or BIA budget reductions. Recipients will be required to continue funding the positions with local funding until the date(s) of the scheduled layoffs. Applicants may request funding for full-time officer/deputy salaries or a combination of officer and salaries of civilian/non-sworn. Funding will support salaries for up to three years of eligible positions to be expended within a five-year period of performance to accommodate time needed for recruitment and hiring. • Non-Law Enforcement Personnel—Funding can be used for the hiring, retention, and training of critical personnel across the full continuum of criminal justice operations for the purposes cited above. Examples of personnel could include but need not be limited to the following: forensic, investigative, analytical; prosecution and legal support; corrections, detention, and custodial; and transportation, security, and operations logistics. Funding may not be used for co-responders, interpreters, or translators. Category 2: Technology and Equipment—Funding can be used to purchase and support multi-year implementation, ongoing subscriptions, training, and maintenance of equipment and advanced technology to address critical resource gaps and enhance capacity to support criminal justice operations related to the purposes cited above. Note: If you apply for and receive funding for Unmanned Aerial Systems (UAS), body-worn cameras, body armor, and/or NIBIN machines, you will be required to submit equipment-specific certifications and other documentation as a condition of your award. Category 3: Construction of Temporary Detention Facilities for Criminal Illegal Aliens—Funding can be used for the following: • Major Construction Projects—Funding would support large-scale projects, including building temporary detention facilities to house criminal illegal aliens awaiting prosecution, immigration proceedings, or transfer to federal custody. • Substantial Renovation/Expansion/Modernization—Funding would support the expansion or modernization/targeted improvement of existing facilities, including bolstering detention infrastructure through addition of housing units, or renovation of existing facilities to meet current detention standards and significantly enhance capacity and operational functionality for temporary detention of aliens who have committed a crime in addition to being unlawfully present in the United States.",Yes,No,"Maternal, infant, reproductive health",Unknown,Yes,Unknown,NA,NA,NA,NA,NA,NA,NA,NA
O-BJA-2026-172701,BJA FY 2026 Local Law Enforcement Crime Gun Intelligence Center Integration Initiative,"This is a notice of funding opportunity (NOFO) for the FY 2026 Local Law Enforcement Crime Gun Intelligence Center (CGIC) Integration Initiative. In collaboration with DOJ’s Bureau of Alcohol, Tobacco, Firearms and Explosives (ATF), the Local Law Enforcement Crime Gun Intelligence Center Integration Initiative supports law enforcement agencies to establish and expand CGICs to address firearm-related crime. CGICs are an interagency collaboration focused on the timely collection, management, and analysis of crime gun evidence, such as cartridge casings and semiautomatic handguns, using ATF’s National Integrated Ballistic Information Network (NIBIN) and Electronic Tracing System (eTrace). This initiative assists local law enforcement in utilizing intelligence and technology, swiftly identifying crime guns and their sources, and effectively prosecuting perpetrators.",Possible,No,No keyword match,Unknown,Yes,Unknown,NA,NA,NA,NA,NA,NA,NA,NA
O-BJA-2026-172675,BJA FY 2026 Harold Rogers Prescription Drug Monitoring Program,"This is a notice of funding opportunity (NOFO) for the BJA FY2026 Harold Rogers Prescription Drug Monitoring Program (PDMP). This opportunity seeks to enhance the capacity of regulatory and law enforcement agencies and public health officials to collect and analyze controlled substance prescription data and other scheduled chemical products through a centralized database administered by an authorized agency. PDMPs help state and local governments to detect and prevent the diversion and abuse of pharmaceutically controlled substances such as opioids and other prescription drugs. The primary function of a PDMP is to facilitate the collection, analysis, and reporting of information on the prescribing, dispensing, and use of prescription drugs with a state, commonwealth, district, or territory. The goal of the Harold Rogers PDMP is to strengthen states’ and territories’ ability to maintain and enhance their existing PDMPs by accommodating local decision-making based on state laws and preferences and replicating promising practices. As part of supporting the enhancement of PDMPs, the Harold Rogers PDMP supports the integration of PDMP data with health information exchanges, electronic health records, or pharmacy dispensing systems, including engaging with tribal entities and rural areas where integration rates may be lower. This program helps to break the cycle of drug addiction and violence by reducing the demand, use, and the illegal trafficking of controlled substances.",Possible,No,Opioid and substance use,Cross-division,Yes,Unknown,NA,NA,NA,NA,NA,NA,NA,NA
O-OVC-2026-172691,"OVC FY26 Invited to Apply Antiterrorism and Emergency Assistance Program for Crime Victim Compensation and/or Assistance – Minneapolis, Minnesota (Crisis)","This is a notice of funding opportunity (NOFO) for the OVC FY 2026 Invited to Apply Antiterrorism and Emergency Assistance Program for Crime Victim Compensation and/or Assistance. This opportunity supports victims of mass violence and terrorism through the Antiterrorism Emergency Assistance Program (AEAP). Funding for this program comes from the Antiterrorism Emergency Reserve (the Emergency Reserve). Along with non-grant training and consultation services, there are four types of grants that may be combined into one application or awarded separately to entities OVC invites to apply for funding: crisis response, consequence management, criminal justice support, and crime victim compensation. The overall goal of AEAP is to provide supplemental support to criminal mass violence and terrorism victims. The overall objective is to increase access to programs designed to improve services, assistance (including victim compensation), and outcomes for victims of mass violence and terrorism. AEAP grants are a mechanism by which the Director of OVC may award supplemental crime victim compensation and assistance to eligible entities responding to acts of mass criminal violence or domestic terrorism. The event must be sufficiently large that the jurisdiction cannot provide needed services to victims of the incident with existing resources, while also supporting victims of other crimes, in a timely and comprehensive manner. OVC generally accesses AEAP funds only in response to incidents that are sufficiently large in scope for the locale, and typically only where there was an unpredictable, indiscriminate, or broad targeting of victims, or otherwise unique aspect to the crime. In most cases, OVC expects States and communities to plan for and address victim needs stemming from relatively more predictable instances of gang-related violence, domestic violence, and broader community gun violence, from existing VOCA resources.",Unclear,No,Behavioral health and crisis,Cross-division,No,Unknown,NA,NA,NA,NA,NA,NA,NA,NA
O-OVW-2026-172652,"OVW Fiscal Year 2026 Consolidated Grant Program to Assist Children and Youth Affected by and to Engage Men and Youth in Preventing Domestic Violence, Dating Violence, Sexual Assault, and Stalking","The Consolidated Grant Program to Assist Children and Youth Affected by and to Engage Men and Youth in Preventing Domestic Violence, Dating Violence, Sexual Assault, and Stalking (Consolidated Youth Grant Program) supports community-based efforts to develop or expand prevention, intervention, treatment, and response strategies addressing the needs of children and youth (ages 0-24) affected by domestic/dating violence, sexual assault, stalking, and sex trafficking. It also supports work with men and youth to prevent those crimes.",Unclear,No,Child and family well-being,Unknown,Yes,Unknown,NA,NA,NA,NA,NA,NA,NA,NA
O-BJA-2025-172672,BJA FY25 Forensic Ballistics and Higher Education Program,"This is a notice of funding opportunity (NOFO) for the BJA FY 2025 Forensic Ballistics and Higher Education Program. This program enables public and state-controlled institutions of higher education to partner with local law enforcement and the Bureau of Alcohol, Tobacco, Firearms and Explosives (ATF) to develop or build upon current specialized curricula that provide comprehensive forensic education in firearm ballistics and crime gun intelligence (CGI). Since foundational curricula in crime gun intelligence, National Integrated Ballistic Information Network (NIBIN) operations, and forensic ballistics have already been developed and piloted, this NOFO will support hands-on training for students to gain proficiency and competency in firearms evidence processing, ballistic analysis using NIBIN, CGI generation, and investigative methodologies that support criminal apprehension and conviction. The program will increase the pipeline of trained professionals entering the forensic science and law enforcement workforce while building sustainable partnerships between higher education and law enforcement agencies to combat violent gun crime. This funding opportunity will expand geographic reach and create replicable frameworks for national dissemination.",Unclear,No,Health and direct-care workforce,Unknown,No,Unknown,NA,NA,NA,NA,NA,NA,NA,NA
O-BJA-2026-172648,DOJ FY 2026 Invited to Apply - National Integrated Ballistic Information (NIBIN) Modernization Program,"The Office of Justice Programs (OJP) is committed to advancing work that furthers the U.S. Department of Justice’s (DOJ) mission to keep our country safe and secure and uphold the rule of law and protect the rights of American citizens. This NOFO is authorized under Public Law 119-21, Title X, Subtitle A, Part II, Section 100055 (codified at 34 U.S.C. § 61101), which provides funding to enhance capacity to locate and apprehend aliens who have committed crime(s) under Federal, State, or local law, in addition to being unlawfully present in the United States, investigate crimes committed by illegal aliens, counter gang and criminal activity including drug and human trafficking operations, support prosecutions, coordinate with federal immigration enforcement partners, and strengthen multi-jurisdictional responses to transnational criminal organizations threatening American communities. This grant program is a collaboration between the Bureau of Alcohol, Tobacco, Firearms and Explosives (ATF) and the Office of Justice Programs’ (OJP) Bureau of Justice Assistance (BJA) to provide state, local, and tribal law enforcement agencies with funding to acquire modern ballistic imaging equipment and implement crime gun intelligence best practices. This is an invitation to apply notice of funding opportunity (NOFO) for the FY 2026 National Integrated Ballistic Information Network (NIBIN) Modernization Program. This program will modernize NIBIN technology at 194 existing sites currently utilizing outdated technology. Grant funds will cover the cost of new NIBIN-compatible equipment and maintenance costs for five years.",Unclear,No,"Maternal, infant, reproductive health",Aging,Yes,Unknown,NA,NA,NA,NA,NA,NA,NA,NA
O-OVW-2026-172634,OVW Fiscal Year 2026 State and Territory Domestic Violence and Sexual Assault Coalitions Program,"The OVW State and Territory Domestic Violence and Sexual Assault Coalitions Program (Coalitions Program) supports the critical work of state and territory domestic violence and sexual assault coalitions and is a set-aside program under the OVW STOP Violence Against Women Formula Grant Program statute. These organizations play an important role in advancing the goal of ending domestic violence, dating violence, sexual assault, and stalking. This program also includes a statutory set-aside from the Sexual Assault Services Program (SASP) statute, specifically for state and territory sexual assault coalitions.",Yes,No,No keyword match,Unknown,No,Unknown,NA,NA,NA,NA,NA,NA,NA,NA
O-BJA-2026-172662,U.S. Department of Justice FY26 Coordinated Tribal Assistance Solicitation Notice of Funding Opportunity,"The Coordinated Tribal Assistance Solicitation (CTAS) responds to tribal leaders’ requests to improve and simplify the DOJ grant-making process. Since fiscal year (FY) 2010, DOJ has combined many of its tribal government-specific competitive funding opportunities into one notice of funding opportunity (NOFO) and requires only one application from each tribe or tribal consortium under CTAS. This approach provides federally recognized tribes and tribal consortia the opportunity to develop a comprehensive approach to public safety and victimization issues. The FY 2026 CTAS NOFO refers to the DOJ’s tribal government-specific competitive grant programs as purpose areas (PA). Applicants may select the PA(s) that best address their tribe’s concerns related to public safety, criminal and juvenile justice, substance use related crime(s) and access to treatment and recovery support, including Tribal healing to wellness courts, and the needs of victims and survivors of domestic violence, sexual assault, dating violence, and stalking. The DOJ components offering tribal government grant resources through this NOFO are listed below. Applicants should refer to the PA-specific information on focus areas, funding priorities, and allowable and unallowable costs to inform the development of their project design.",Unclear,No,Opioid and substance use,Behavioral Health,Yes,Unknown,NA,NA,NA,NA,NA,NA,NA,NA
PAS-TUNIS- APS FY2026,Annual Program Statement (APS) For Fiscal Year 2026,"<p><span style=""color: black;"">The Public Diplomacy Section (PDS) at U.S. Embassy Tunis invites</span> results-oriented proposals for programs <span style=""color: black;"">that foster economic opportunities for U.S. businesses and investors, </span>innovation collaboration, <span style=""color: black;"">showcase American leadership and excellence in science, technology, culture,&nbsp;the arts, sports, education, and English language, and strengthen ties between the United States and Tunisia in ways that make America safer, stronger, and more prosperous as we commemorate the 250</span>th<span style=""color: black;""> anniversary of U.S. independence (2026) and 230 years of U.S.-Tunisian friendship (2027).&nbsp;</span></p> <p>All proposed programs must include an American element or a connection with American expert(s), organization(s), or institutions in ways that promote increased understanding of U.S. policies, perspectives, and society and/or celebrate U.S. culture and values.&nbsp;</p> <p>Proposals that include programming outside Greater Tunis or across multiple governorates and/or promote increased collaboration and networking among alumni of U.S. government programs are encouraged.</p> <p><u>Examples of possible PD small grant proposals include, but are not limited to: </u></p> <p>• Subject-matter expert, academic, and professional lectures, seminars, and speaker programs that include U.S. speakers/experts.</p> <p>• Programs that connect U.S. companies with Tunisian partners, suppliers, and market opportunities, facilitate business-to-business networking and investment matchmaking, prepare Tunisian startups and established businesses to meet U.S. market standards, enter U.S. markets, and partner with U.S. investors.</p> <p>• Sports diplomacy, culinary diplomacy, art exhibitions, film festivals, theater, musical theater, musical performances and master classes.</p> <p>• Cultural heritage conservation and preservation programs, including through use of new and immersive technologies, such as virtual reality (VR) or augmented reality (AR) technology.</p> <p>• U.S.-Tunisian University-industry partnerships, including with research or technology parks, that generate mutually beneficial commercialization projects or that create opportunities for U.S. companies in STEM fields and emerging technologies and innovation.</p> <p>• Hackathons, STEM or Maker Space camps/competitions, or other related hands-on activities that showcase American leadership and excellence in innovation and STEM fields, including but not limited to space exploration, technologies with beneficial applications to daily life developed as a result of NASA initiatives, or that foster target audiences’ artificial intelligence (AI) adoption and readiness.</p> <p>• University and cultural institution linkages programs that include but are not limited to development and implementation of a course, joint PhD advising, or joint degree program, or the design and teaching of a jointly-led course that includes virtual or in-person instruction from a U.S. professor/expert in fields outlined under Excellence in Education and English Teaching priority outlined in this APS.&nbsp;</p> <p>• English language programs, including but not limited to teacher training and programs that share innovative American English teaching methodologies, specialized English courses to improve business opportunities and innovation collaboration with U.S. companies, investors, U.S.-Tunisian university-industry partnerships, and foster economic self-reliance among target audiences.</p> <p>• Podcasts.</p> <p>• Professional and academic exchanges and programs.</p> <p><br></p> <p>(Note: This funding cannot be used to support construction-related activities. End note.)&nbsp;</p> <p><br></p> <p><strong>Priority Program Areas and Strategic Themes:&nbsp;&nbsp;</strong>Proposals&nbsp;must&nbsp;focus on&nbsp;one of the&nbsp;five&nbsp;priority areas outlined below:&nbsp;&nbsp;</p> <ul> <li><strong>ECONOMIC PROSPERITY AND ENTREPRENEURSHIP:&nbsp;</strong>Initiatives that expand&nbsp;U.S.&nbsp;commercial&nbsp;and investment&nbsp;opportunities;&nbsp;strengthen&nbsp;U.S. ties&nbsp;with&nbsp;Tunisia’s&nbsp;entrepreneurship ecosystem;&nbsp;promote U.S. entrepreneurial values and practices;&nbsp;and/or&nbsp;share best practices of successful U.S. business partnerships, startups, and investors with the aim of&nbsp;creating&nbsp;economic opportunities for U.S. and Tunisian businesses and investors.&nbsp;&nbsp;</li> <li><strong>CELEBRATING AMERICA’S 250thANNIVERSARY&nbsp;AND U.S.-TUNISIAN ENDURING PARTNERSHIP:&nbsp;&nbsp;</strong>Initiatives, including innovative, small-scale programming and programming at our American Corners,&nbsp;that:&nbsp;&nbsp;</li> </ul> <p>1) celebrate U.S. scientific&nbsp;breakthroughs,&nbsp;innovation, economic dynamism, sport prowess, agricultural strength, national parks,&nbsp;tourism,&nbsp;public service, freedom of speech or press, and other&nbsp;ideas&nbsp;and partnerships that shaped America’s development&nbsp;during the 250th&nbsp;anniversary year of U.S. Independence&nbsp;(2026)&nbsp;and&nbsp;in honor of&nbsp;the 230th anniversary year of the 1797 treaty of friendship between the U.S. and Tunisia&nbsp;(2027);&nbsp;&nbsp;</p> <p>2)&nbsp;showcase and share&nbsp;American excellence in visual and performing arts, music,&nbsp;theater, film, and&nbsp;cultural heritage protection, including&nbsp;through&nbsp;artistic and cultural workshops, performances, exhibitions, or other activities, including community service initiatives that bring together Americans and Tunisians&nbsp;during the 250th anniversary year of U.S.&nbsp;Independence&nbsp;(2026)&nbsp;and the 230th anniversary year of the 1797 treaty of friendship between the U.S. and Tunisia&nbsp;(2027);&nbsp;&nbsp;</p> <p>3)&nbsp;leverage&nbsp;people-to-people or institutional ties through sports or cultural diplomacy initiatives to&nbsp;increase the Tunisian public’s&nbsp;awareness and understanding of the history and benefits of the over two centuries of U.S.-Tunisian friendship, trade, and security cooperation.&nbsp;&nbsp;</p> <ul> <li><strong>INNOVATION AND COLLABORATION IN SCIENCE AND TECHNOLOGY:&nbsp;</strong>Initiatives that&nbsp;encourage&nbsp;artificial intelligence&nbsp;(AI)&nbsp;adoption and&nbsp;readiness&nbsp;in Tunisia&nbsp;through use of U.S.&nbsp;AI platforms and&nbsp;technologies;&nbsp;raise awareness and promote&nbsp;collaboration on projects related to the 2027 solar eclipse;&nbsp;and&nbsp;expand U.S. ties&nbsp;to&nbsp;Tunisia’s&nbsp;innovation ecosystem&nbsp;through&nbsp;research&nbsp;collaboration&nbsp;and&nbsp;university-industry&nbsp;partnerships, including&nbsp;research&nbsp;and technology&nbsp;parks,&nbsp;to generate&nbsp;mutually beneficial commercialization projects&nbsp;that create&nbsp;opportunities for U.S. companies&nbsp;in STEM fields (science, technology, engineering, and mathematics), including&nbsp;but not limited to&nbsp;cybersecurity, space, energy, water security, food security, smart agriculture, health technology, and AI.&nbsp;&nbsp;</li> <li><strong>MEGA DECADE OF SPORTS:&nbsp;</strong>Initiatives&nbsp;that leverage&nbsp;the&nbsp;U.S.-hosted&nbsp;2026 FIFA Men’s World Cup, 2028 Summer Olympics and Paralympics, and 2034 Winter Olympics and Paralympics, in ways that strengthen people-to-people&nbsp;ties between the United States and Tunisia, promote American values,&nbsp;and demonstrate&nbsp;U.S. economic strength,&nbsp;infrastructure, and&nbsp;excellence and leadership in sports and tourism.&nbsp;&nbsp;</li> <li><strong>Excellence in EDUCATION AND ENGLISH TEACHING</strong>:&nbsp;Initiatives that&nbsp;showcase American leadership and excellence in education and&nbsp;English&nbsp;teaching in public or private institutions;&nbsp;provide&nbsp;specialized&nbsp;English&nbsp;courses&nbsp;to&nbsp;improve opportunities with U.S. companies/investors&nbsp;for target audiences; and&nbsp;foster&nbsp;innovative&nbsp;collaboration between U.S. and Tunisian higher education institutions&nbsp;to enhance Tunisian participants’ understanding of U.S. culture, values, history, and policies,&nbsp;including in&nbsp;American studies,&nbsp;culture, and literature,&nbsp;freedom of speech,&nbsp;the&nbsp;arts and creative industries (film, music, design thinking, and cultural entrepreneurship),&nbsp;cultural heritage preservation,&nbsp;tourism and hospitality, municipal management,&nbsp;water and/or waste management,&nbsp;urban design,&nbsp;and STEM fields.&nbsp;&nbsp;&nbsp;</li> <li><br></li> </ul> <p><strong>Program and application details</strong>&nbsp;are available in the&nbsp;<a href=""https://tn.usembassy.gov/wp-content/uploads/sites/237/2026/04/PDS_TUNIS_APS-2026_2026-05-05_final.docx"" target=""_blank"" style=""color: rgb(0, 113, 188);"">TUNIS APS FY2026</a></p> <p><strong>Questions should be addressed to&nbsp;</strong><a href=""https://tn.usembassy.gov/notice-of-funding-opportunity-public-affairs-section-annual-program-statement-aps/PASTunisSmallGrants@state.gov"" target=""_blank"" style=""color: rgb(0, 113, 188);"">PASTunisSmallGrants@state.gov</a></p> <p><br></p>",Possible,No,Child and family well-being,Social Services,No,Unknown,NA,NA,NA,NA,NA,NA,NA,NA
AFCP20,AFCP 2020 Small Grants Competition,"<p>The Cultural Affairs Office of the U.S. Embassy in Cairo is now accepting project applications for the Ambassadors Fund for Cultural Preservation (AFCP) 2020 Small Grants Competition. AFCP small grants range from a floor of $10,000 to a maximum of $200,000 per project.</p> <p><strong>The deadline for submitting proposals is December 5, 2019.</strong>&nbsp;Guidelines for the Large Grant Competition will be published separately.</p> <p>&nbsp;</p> <p>All applications should be submitted electronically to <a target=""_blank"" style=""color: rgb(84, 141, 212);""><strong>CairoAFCP@state.gov</strong></a>. No hard copies will be accepted. Failure to include any of the required information results in the automatic exclusion of the proposal.</p> <p><br></p> <p><strong>INELIGIBLE PROJECT APPLICANTS: </strong></p> <p>AFCP does not award grants to individuals, commercial entities, or to embassies or past award recipients which have not fulfilled the reporting requirements of previous AFCP awards.</p> <p><strong>FUNDING AREAS:</strong></p> <p>The AFCP 2020 Small Grants Competition supports the preservation of cultural sites, cultural objects and collections, and forms of traditional cultural expression. Appropriate project activities may include:</p> <p>a) In the case of <strong>cultural sites</strong>: conservation of an ancient or historic building, preservation of an archaeological site, or documentation of cultural sites in a region for preservation purposes.</p> <p>b) In the case of <strong>cultural objects and collections</strong>: conservation needs assessments and treatment, inventory of a collection for conservation purposes, the creation of safe environments for storage or display of collections, or specialized training in the care and preservation of collections.</p> <p>c) In the case of <strong>forms of traditional cultural expression</strong>: documentation and audiovisual recording of traditional music, indigenous languages and dance forms for broad dissemination as the means of teaching and further preserving them, or support for training in the preservation of traditional applied arts or crafts in danger of extinction.</p> <p><strong> </strong></p> <p><strong>FUNDING PRIORITIES: </strong></p> <p>Applications for projects that do one or more of the following will receive additional consideration in FY 2020:</p> <p>A.&nbsp;&nbsp;&nbsp;Support U.S. treaty or bilateral agreement obligations.</p> <p>B.&nbsp;&nbsp;&nbsp;Support disaster risk reduction for cultural heritage in disaster-prone areas.</p> <p>C.&nbsp;&nbsp;&nbsp;Support post-disaster cultural heritage recovery.</p> <p>D.&nbsp;&nbsp;&nbsp;Preserve World Heritage sites.</p> <p>E.&nbsp;&nbsp;&nbsp;Partner, connect with or feed into other ECA programs.</p> <p><br></p> <p><strong>SITES AND OBJECTS THAT HAVE A RELIGIOUS CONNECTION: </strong></p> <p>The establishment clause of the U.S. Constitution permits the government to include religious objects and sites within an aid program under certain conditions. For example, an item with a religious connection (including a place of worship) may be the subject of a cultural preservation grant if the item derives its primary significance and is nominated solely on the basis of architectural, artistic, historical, or other cultural (not religious) criteria. ECA encourages embassies considering preservation projects with a religious connection to contact the AFCP Program Director.</p> <p><br></p> <p><strong>INELIGIBILE ACTIVITIES AND UNALLOWABLE COSTS: </strong></p> <p>AFCP does <u>NOT</u> support the following activities or costs, and applications involving any of the activities or costs below will be deemed ineligible:</p> <p>a)&nbsp;&nbsp;&nbsp;&nbsp;&nbsp;&nbsp;&nbsp;&nbsp;Preservation or purchase of privately or commercially owned cultural objects, collections, or real property, including those whose transfer from private or commercial to public ownership is envisioned, planned, or in process but not complete at the time of application</p> <p>b)&nbsp;&nbsp;&nbsp;&nbsp;&nbsp;&nbsp;&nbsp;&nbsp;Preservation of natural heritage (e.g., physical, biological, and geological formations, paleontological collections, habitats of threatened species of animals and plants, fossils )</p> <p>c)&nbsp;&nbsp;&nbsp;&nbsp;&nbsp;&nbsp;&nbsp;&nbsp;Preservation of hominid or human remains</p> <p>d)&nbsp;&nbsp;&nbsp;&nbsp;&nbsp;&nbsp;&nbsp;&nbsp;Preservation of news media (e.g., newspapers, newsreels, radio and TV programs)</p> <p>e)&nbsp;&nbsp;&nbsp;&nbsp;&nbsp;&nbsp;&nbsp;&nbsp;Preservation of published materials available elsewhere (e.g., books, periodicals)</p> <p>f)&nbsp;&nbsp;&nbsp;&nbsp;&nbsp;&nbsp;&nbsp;&nbsp;&nbsp;Development of curricula or educational materials for classroom use</p> <p>g)&nbsp;&nbsp;&nbsp;&nbsp;&nbsp;&nbsp;&nbsp;&nbsp;Archaeological excavations or exploratory surveys for research purposes</p> <p>h)&nbsp;&nbsp;&nbsp;&nbsp;&nbsp;&nbsp;&nbsp;&nbsp;Historical research, except in cases where the research is justifiable and integral to the success of the proposed project</p> <p>i)&nbsp;&nbsp;&nbsp;&nbsp;&nbsp;&nbsp;&nbsp;&nbsp;&nbsp;Acquisition or creation of new exhibits, objects, or collections for new or existing museums</p> <p>j)&nbsp;&nbsp;&nbsp;&nbsp;&nbsp;&nbsp;&nbsp;&nbsp;&nbsp;Construction of new buildings, building additions, or permanent coverings (over archaeological sites, for example)</p> <p>k)&nbsp;&nbsp;&nbsp;&nbsp;&nbsp;&nbsp;&nbsp;&nbsp;Commissions of new works of art or architecture for commemorative or economic development purposes</p> <p>l)&nbsp;&nbsp;&nbsp;&nbsp;&nbsp;&nbsp;&nbsp;&nbsp;&nbsp;Creation of new or the modern adaptation of existing traditional dances, songs, chants, musical compositions, plays, or other performances</p> <p>m)&nbsp;&nbsp;&nbsp;&nbsp;&nbsp;&nbsp;&nbsp;Creation of replicas or conjectural reconstructions of cultural objects or sites that no longer exist</p> <p>n)&nbsp;&nbsp;&nbsp;&nbsp;&nbsp;&nbsp;&nbsp;&nbsp;Relocation of cultural sites from one physical location to another</p> <p>o)&nbsp;&nbsp;&nbsp;&nbsp;&nbsp;&nbsp;&nbsp;&nbsp;Removal of cultural objects or elements of cultural sites from the country for any reason</p> <p>p)&nbsp;&nbsp;&nbsp;&nbsp;&nbsp;&nbsp;&nbsp;&nbsp;Digitization of cultural objects or collections, unless part of a larger, clearly defined conservation or documentation effort</p> <p>q)&nbsp;&nbsp;&nbsp;&nbsp;&nbsp;&nbsp;&nbsp;&nbsp;Conservation plans or other studies, unless they are one component of a larger project to implement the results of those studies</p> <p>r)&nbsp;&nbsp;&nbsp;&nbsp;&nbsp;&nbsp;&nbsp;&nbsp;&nbsp;Cash reserves, endowments, or revolving funds (funds must be expended within the award period [up to five years] and may not be used to create an endowment or revolving fund)</p> <p>s)&nbsp;&nbsp;&nbsp;&nbsp;&nbsp;&nbsp;&nbsp;&nbsp;Costs of fund-raising campaigns</p> <p>t)&nbsp;&nbsp;&nbsp;&nbsp;&nbsp;&nbsp;&nbsp;&nbsp;&nbsp;Contingency, unforeseen, or miscellaneous costs or fees</p> <p>u)&nbsp;&nbsp;&nbsp;&nbsp;&nbsp;&nbsp;&nbsp;&nbsp;Costs of work performed prior to announcement of the award unless allowable per 2 CFR 200.458 and approved by the Grants Officer</p> <p>v)&nbsp;&nbsp;&nbsp;&nbsp;&nbsp;&nbsp;&nbsp;&nbsp;International travel, except in cases where travel is justifiable and integral to the success of the proposed project</p> <p>w)&nbsp;&nbsp;&nbsp;&nbsp;&nbsp;&nbsp;&nbsp;Travel or study outside the host country for professional development</p> <p>x)&nbsp;&nbsp;&nbsp;&nbsp;&nbsp;&nbsp;&nbsp;&nbsp;Individual projects costing less than US $10,000 or more than $200,000</p> <p>y)&nbsp;&nbsp;&nbsp;&nbsp;&nbsp;&nbsp;&nbsp;&nbsp;Independent U.S. projects overseas</p> <p><strong>&nbsp;</strong></p> <p>Please download the the complete guidelines and requirements from the<a href=""https://eg.usembassy.gov/education-culture/afcp/"" target=""_blank""> Embassy's website</a></p>",Possible,No,Opioid and substance use,Emergency Management,No,Yes,NA,NA,NA,NA,NA,NA,NA,NA
4,APS 2022 PDS Italy,"<p>The United States Embassy is pleased to announce the 2022 Annual Program Statement (APS). The APS makes funding available for cultural and exchange programs that strengthen ties between the United States and Italy, highlight shared values, and promote bilateral cooperation. The APS is a best practice utilized by many U.S. embassies around the world to solicit proposals for funding via an open and transparent competition process.</p><p>The United States Embassy invites proposals from all qualified individuals and organizations. All programs must include a significant American cultural element and/or a connection with American experts, organizations or institutions in a specific field that will promote increased understanding of U.S. foreign policy and perspectives.&nbsp;<strong>The deadline for submission of proposals is March 31, 2022</strong>.</p><p><strong>***Please carefully read our Priority Program Areas and the Evaluation Criteria below: proposals which do not match our priorities will not be considered for funding.</strong></p><p>Please note that for the 2022 APS, the<strong>&nbsp;maximum request for funding will be $100,000. The U.S. Embassy may award smaller amounts than the full proposal, as deemed appropriate.</strong>&nbsp;The U.S. Embassy also strongly encourages&nbsp;<strong>proposals with cost-sharing</strong>.</p><p><strong>Priority Program Areas Are:</strong></p><ul><li><u>Prosperity</u>: Fostering empowerment, economic recovery, and shared prosperity through</li><li>STEM education and entrepreneurship;</li><li><u>Climate</u>: Addressing the climate crisis through U.S.-Italy partnerships</li><li><u>Democracy</u>: Strengthening and/or explaining democratic institutions, principles, and</li><li>norms and renewing trust in democracy, and combatting disinformation;</li><li><u>Shared Values</u>: Promoting diversity, equity, inclusion, and accessibility in support of</li><li>U.S.-Italy shared democratic values;</li><li><u>Security</u>: Advancing shared interests in the realm of security and transatlantic relations</li><li>between the United States and Italy;</li><li><u>Human Rights</u>: Innovatively promoting human rights through education and the arts;</li><li><u>American Studies</u>, to include university linkages.</li></ul><p><br></p>",Unclear,No,Behavioral health and crisis,Cross-division,No,Unknown,NA,NA,NA,NA,NA,NA,NA,NA
TIRCVEFY22,The Countering Violent Extremism Small Grants Program FY2022,"<p><strong style=""color: black;"">A. PROGRAM DESCRIPTION</strong></p> <p><strong style=""color: black;""> </strong><span style=""color: black;"">The U.S. Embassy in Tirana, Albania announces an open competition for organizations to submit applications for the Countering Violent Extremism Small Grants Program.&nbsp;Please follow all instructions below.</span></p> <p><strong>&nbsp;</strong></p> <p><strong style=""color: black;"">Priority Region:&nbsp;</strong><em style=""color: black;"">EUR/Albania</em></p> <p>&nbsp;</p> <p><strong style=""color: black;"">Program Objectives: </strong></p> <p><strong>&nbsp;</strong></p> <p><span style=""color: black;"">Program Objectives: </span></p> <p><span style=""color: black;"">The Countering Violent Extremism Small Grants Program, administered by the Public Affairs Section, is soliciting proposals from non-governmental organizations (NGOs) in Albania that create, develop, and foster countering and preventing violent extremism capacities and that build alert and cohesive communities. Multi-player approaches that bring together and coordinate the actions of central and local governments, civil society, religious communities, media, academia, private sector, and other stakeholders are encouraged. Some of the priority areas include:</span></p> <p>&nbsp;</p> <p><span style=""color: black;"">•&nbsp;&nbsp;&nbsp;&nbsp;&nbsp;&nbsp;&nbsp;&nbsp;&nbsp;&nbsp;Building safe and resilient communities to violent extremism</span></p> <p><span style=""color: black;"">•&nbsp;&nbsp;&nbsp;&nbsp;&nbsp;&nbsp;&nbsp;&nbsp;&nbsp;&nbsp;Promoting youth activism in preventing and countering violent extremism</span></p> <p><span style=""color: black;"">•&nbsp;&nbsp;&nbsp;&nbsp;&nbsp;&nbsp;&nbsp;&nbsp;&nbsp;&nbsp;Strengthening media professional capacities on reporting and promoting counter-extremism narratives capable of reaching target audiences</span></p> <p><span style=""color: black;"">•&nbsp;&nbsp;&nbsp;&nbsp;&nbsp;&nbsp;&nbsp;&nbsp;&nbsp;&nbsp;Re-integration of individuals and communities at risk of being radicalized enabling them to redirect their lives and become contributing members of their communities</span></p> <p>&nbsp;</p> <p><span style=""color: black;"">This program supports the Albanian Government’s national strategic priorities of community outreach and engagement, countering extremist propaganda while promoting democratic values, and developing long-term comprehensive CVE policies.</span></p>",Unclear,No,Child and family well-being,Social Services,No,Unknown,NA,NA,NA,NA,NA,NA,NA,NA
MAPUTO-PCO-FY22-01,PEPFAR Community Led Monitoring – Mozambique Relief Programs,"<p>&nbsp;<strong style=""color: black;"">U.S. DEPARTMENT OF STATE</strong></p> <p><strong style=""color: black;"">U.S. Embassy Maputo</strong></p> <p><strong style=""color: black;"">President’s Emergency Plan for AIDS Relief (</strong><strong>PEPFAR) Community Grants Program</strong></p> <p><strong><u>Notice of Funding Opportunity</u></strong></p> <p><strong>&nbsp;</strong></p> <p><strong><u>Section A.&nbsp;Funding Opportunity Program Description</u></strong></p> <p><strong style=""color: black;"">Assistance Instrument Type:&nbsp;&nbsp;&nbsp;&nbsp;&nbsp;&nbsp;&nbsp;</strong><span style=""color: black;"">Grant</span></p> <p><strong style=""color: black;"">Funding Opportunity Title:&nbsp;&nbsp;&nbsp;&nbsp;&nbsp;&nbsp;&nbsp;&nbsp;&nbsp;&nbsp;&nbsp;</strong><em style=""color: black;"">PEPFAR Community Led Monitoring – Mozambique </em></p> <p><strong style=""color: black;"">Funding Opportunity Number:&nbsp;&nbsp;&nbsp;&nbsp;&nbsp;</strong><em style=""color: black;"">MAPUTO-PCO-FY22-01</em></p> <p><strong style=""color: black;"">Assistance Number:&nbsp;&nbsp;</strong><strong style=""color: rgb(51, 51, 51);"">&nbsp;&nbsp;&nbsp;&nbsp;&nbsp;&nbsp;&nbsp;&nbsp;&nbsp;&nbsp;&nbsp;&nbsp;&nbsp;&nbsp;&nbsp;&nbsp;&nbsp;&nbsp;&nbsp;&nbsp;</strong><span style=""color: black;"">19.029 </span><em style=""color: black;"">-- The U.S. President's Emergency Plan for AIDS&nbsp;Relief Programs</em></p> <p><strong style=""color: black;"">Funding Amount:</strong> <em style=""color: black;"">25,000 USD</em></p> <p><strong style=""color: black;"">Number of Awards:&nbsp;</strong><span style=""color: black;"">&nbsp;&nbsp;&nbsp;&nbsp;&nbsp;&nbsp;&nbsp;&nbsp;&nbsp;&nbsp;&nbsp;&nbsp;&nbsp;&nbsp;&nbsp;&nbsp;&nbsp;&nbsp;&nbsp;&nbsp;&nbsp;&nbsp;24</span></p> <p><strong style=""color: black;"">Key Dates:</strong>&nbsp;&nbsp;&nbsp;&nbsp;&nbsp;&nbsp;&nbsp;&nbsp;&nbsp;&nbsp;&nbsp;&nbsp;&nbsp;&nbsp;&nbsp;&nbsp;&nbsp;&nbsp;&nbsp;&nbsp;&nbsp;&nbsp;&nbsp;&nbsp;&nbsp;&nbsp;&nbsp;&nbsp;&nbsp;&nbsp;&nbsp;&nbsp;&nbsp;&nbsp;&nbsp;&nbsp;&nbsp;<span style=""color: black;"">Applications must be submitted by 11:59PM on August 8th, 2021</span>&nbsp;&nbsp;&nbsp;&nbsp;</p> <p><br></p> <p>N<span style=""color: black;"">otification of project approval and award signing expected by September/October 2021. </span></p> <p><br></p> <p><strong style=""color: black;"">Eligibility Category:</strong>&nbsp;&nbsp;&nbsp;&nbsp;&nbsp;&nbsp;&nbsp;&nbsp;&nbsp;&nbsp;&nbsp;&nbsp;&nbsp;&nbsp;&nbsp;&nbsp;&nbsp;&nbsp;&nbsp;&nbsp;&nbsp;&nbsp;N<span style=""color: black;"">on-profit Mozambican Community Based organizations (CBOs) that are led by People Living With or Affected by HIV and&nbsp;&nbsp;</span> <span style=""color: black;"">networks of Key Populations&nbsp;</span></p> <p><br></p> <p><strong>Executive Summary:</strong></p> <p><span style=""color: black;"">The </span><em style=""color: black;"">U.S. Embassy in Mozambique/Bureau of Africa</em><span style=""color: black;""> at the U.S. Department of State (DOS) announces this Notice of Funding Opportunity (NOFO) for Community-Led Monitoring.</span></p> <p><span style=""color: black;"">A Grant for up to $25,000 U.S. Dollars (USD) in FY 2022 will be awarded for work that will support Community-Led Monitoring.&nbsp;The expected period of performance is 12 months.</span></p> <p><br></p> <p><strong style=""color: black;"">Geographic Region:&nbsp;</strong><em style=""color: red;"">&nbsp;</em></p> <p>Projects which may be funded will cover the following Geographic Regions:</p> <p><span style=""color: black;"">PEPFAR-supported HIV treatment sites in Maputo Province, Inhambane Province, Gaza Province, Nampula Province, Manica Province, Sofala Province.</span></p> <p><br></p> <p><strong style=""color: black;"">Note:</strong><span style=""color: black;""> Projects will be in these provinces with districts and health facility sites determined after </span>proposal <span style=""color: black;"">selection and in coordination with other donors and implementing partners. Funder will ensure that sites will not overlap with current organizations supporting community led monitoring activities at the same health facility or in the same communities.</span></p> <p><br></p> <p><strong style=""color: black;"">The selection committee will endeavor to fund organizations in each of the selected provinces.</strong><em style=""color: black;""> </em></p> <p><span style=""color: black;"">Should there not be a proposal submitted from one of the provinces listed above, the discretion will fall to the PEPFAR Coordination Office to determine which additional organizations to fund.</span><em style=""color: black;""> </em><span style=""color: black;""> </span></p> <p><span style=""color: black;""> </span></p> <p><strong style=""color: black;"">A.1. Background:</strong></p> <p><span style=""color: black;"">The President's Emergency Plan for AIDS Relief (PEPFAR) guidance for the Country Operational Plan for FY22 (COP 21) states that it is a minimum program requirement that HIV affected populations are provided continuous, quality, client-centered services, and that independent, routine, national community-led monitoring efforts to improve the accessibility and quality of services are part of the HIV response. Towards this end, the PEPFAR Coordination Office intends to finance Community-Based Organizations (CBOs) and other civil society groups to initiate, lead, and implement community-led monitoring (CLM). Community-led Monitoring is an accountability mechanism for the national HIV response, led and implemented by local community-led organizations of people living with HIV (PLHIV), networks of Key Populations (KPs), or other affected groups. These organizations will document the experiences of beneficiaries of HIV services in a routine and systematic manner, using data routinely collected from clinic users by trained, paid clinic monitors. These data will focus on the accessibility and quality of HIV services. These data will be analyzed by communities and used to develop community-led interventions at the facility, district, provincial and national levels to correct the problems uncovered by community-led monitoring, ultimately leading to improved HIV outcomes.</span></p> <p><br></p> <p><span style=""color: black;"">Technical assistance, including training on methods and tools as well as other needed support, will be provided to all recipient organizations.</span></p> <p><br></p> <p><strong style=""color: black;"">A.2. Program Objectives: </strong></p> <p><strong>Objectives and Expected Outcomes: </strong>The Recipient agrees to perform the program and meet the specific objectives below:</p> <ol> <li>Education on health-related rights for PLHIV;</li> <li>Listening, monitoring, and resolving complaints and concerns;</li> <li>Independent evidence-based advocacy based on findings from community-led monitoring.</li> </ol> <p><br></p> <p><strong>A.3. Expected Results</strong></p> <p><span style=""color: black;"">Expected results include the following:</span></p> <ul> <li>Improve the quality of services provided at the health facility;</li> <li>Create demand for humanized health services;</li> <li>Increase the proportion of PLHIV on treatment retained in ART at the health facility.</li> </ul> <p><br></p> <p><strong>&nbsp;A.4. Main Activities</strong></p> <p>To achieve the goals and expected results, the program should include the following:</p> <ul> <li>Implement 4 cycles of CLM, including quantitative and qualitative data collection (health facility observation and patient interviews, focus group discussions, individual testimonies and door to door interviews);</li> <li><span style=""color: black;"">Conduct community education sessions around health rights for PLHIV;</span></li> <li><span style=""color: black;"">Convene smaller groups to hear concerns/grievances regarding barriers to care and treatment;</span></li> <li>&nbsp;Participate in the health (community) and co-management (facility) committees;</li> <li><span style=""color: black;"">Collaborate with health facility staff to ensure presentation/discussion of grievances reported by patients and to seek resolution of grievances that meet the needs of patients and PLHIV; </span></li> </ul> <p><br></p> <p><strong>A.5. Performance Indicators</strong></p> <p>The following are required indicators.&nbsp;</p> <ul> <li>Output 1: Number of barriers/grievances identified per session</li> <li>Output 2: Number of actions taken, and the results obtained based on grievances identified</li> <li>Output 3:&nbsp;Reach to patients at the health facility (numbers of unique patients reached with sessions)</li> </ul> <p>Other indicators will be developed according to the national CLM program guidance, which is currently being finalized.</p> <p><br></p> <p><strong><u>Section B. Eligibility Information</u> </strong></p> <p><strong style=""color: black;"">B.1. Eligible Applicants </strong></p> <p><span style=""color: black;"">The PEPFAR Community Grants Office welcomes applications from: </span></p> <ul> <li><span style=""color: black;"">registered non-profit Mozambican organizations that are led by People Living With (Infected) or Affected by HIV focusing on Key Population groups (</span>f<span style=""color: black;"">emale </span>s<span style=""color: black;"">ex workers, </span>men who have sex with men<span style=""color: black;"">, </span>p<span style=""color: black;"">eople who inject drugs, and prisoners), youth (adolescent </span>boys and adolescent girls), young men,<span style=""color: black;""> and HIV+</span> individuals with disabilities. <span style=""color: black;"">&nbsp;</span></li> </ul> <p><span style=""color: black;"">The following organizations are NOT eligible to apply in response to this NOFO: </span></p> <ul> <li><span style=""color: black;"">For-profit and commercial firms;</span></li> <li>Civil Society Organizations that do not fall within the definition of community-led or KP-led organizations.</li> </ul> <p><br></p> <p><span style=""color: black;"">&nbsp;</span><strong style=""color: black;""><u>Section C. Application and Submission Information</u> </strong></p> <p><span style=""color: black;"">Applications must be submitted by 11:59PM on&nbsp;August 08th&nbsp;2021. </span>Please refer to the NOFO Guidance on <a href=""https://mz.usembassy.gov/our-relationship/pepfar-us-presidents-emergency-plan-for-aids-relief/pepfar-community-grants/"" target=""_blank""><u>https://mz.usembassy.gov/our-relationship/pepfar-us-presidents-emergency-plan-for-aids-relief/pepfar-community-grants/</u></a><u style=""color: black;""> </u>for further details on Application and Submission.</p> <p><strong style=""color: black;"">C.1. Content and Form of Application Submission&nbsp;</strong></p> <p><span style=""color: black;"">Any prospective applicant who has questions concerning the contents of this NOFO should submit them by email to maputopepfarcommunitygrants@state.gov.</span></p> <p><span style=""color: black;"">Proposals that do not meet the requirements of this announcement or fail to comply with the stated requirements will be ineligible.</span></p> <p><strong style=""color: black;"">Application must have the following format: </strong></p> <ul> <li><span style=""color: black;"">The proposal clearly addresses the goals and objectives of this funding opportunity;</span></li> <li><span style=""color: black;"">All documents are in English;</span></li> <li><span style=""color: black;"">All budgets are in U.S. dollars;</span></li> <li><span style=""color: black;"">All pages are numbered;</span></li> <li><span style=""color: black;"">All documents are formatted to A4 paper, and</span></li> <li><span style=""color: black;"">All Microsoft Word documents are single-spaced, 12-point Times New Roman font, with a minimum of 1-inch margins.</span></li> </ul> <p><span style=""color: black;"">Complete applications must include the following required documents listed below and proposals must be submitted using the attached template. You can also access the template </span><a href=""https://mz.usembassy.gov/our-relationship/pepfar-us-presidents-emergency-plan-for-aids-relief/pepfar-community-grants/"" target=""_blank""><u>https://mz.usembassy.gov/our-relationship/pepfar-us-presidents-emergency-plan-for-aids-relief/pepfar-community-grants/</u></a><u style=""color: black;""> </u></p> <p>1.<strong> Mandatory application forms that must be completed and signed:</strong></p> <p>&nbsp;&nbsp;&nbsp;*These include SF-424, SF424A, SF424B. Forms are available electronically via <a href=""http://www.grants.gov/"" target=""_blank""><u>www.grants.gov</u></a>.</p> <p>2.<strong> Summary Page:</strong> Cover sheet stating the applicant’s name and organization, and brief purpose of the program.</p> <p>3. <strong>Table of Contents</strong> that lists application contents and attachments.</p> <p>4<strong>. Proposal Narrative (10 pages maximum)</strong></p> <p>Please see the “Narrative Components” section below for details on the information to include in the proposal<strong>.</strong>&nbsp;<em>(The 10-page limit does not include the Summary Page, Table of Contents, Budget, Budget Narrative, Letter of Disclosure, Letters of Institutional Support, CVs, Official permission letters, SF-424s). </em>&nbsp;</p> <p><strong>&nbsp;</strong><strong style=""color: black;"">Narrative Components: </strong><span style=""color: black;"">the proposal must include the following information:</span></p> <p>a. Executive Summary</p> <p>b. Organizational Capacity and Past Performance</p> <p>c. Program Strategy</p> <p>d. Management Plan</p> <p>e. Program Partners</p> <p>f. Future Funding or Sustainability&nbsp;</p> <p><span style=""color: black;"">5. </span><strong style=""color: black;"">Summary Budget and Detailed Line-Item Budget </strong></p> <p><span style=""color: black;"">6.</span><strong style=""color: black;""> Budget Narrative</strong><span style=""color: black;""> </span></p> <p>7. <strong>Work Plan and Project Timeline:</strong>&nbsp;Refer to Guidance document on <a href=""https://mz.usembassy.gov/our-relationship/pepfar-us-presidents-emergency-plan-for-aids-relief/pepfar-community-grants/"" target=""_blank""><u>https://mz.usembassy.gov/our-relationship/pepfar-us-presidents-emergency-plan-for-aids-relief/pepfar-community-grants/</u></a> for Workplan and Project Timeline information which must be included.&nbsp;</p> <p><span style=""color: black;"">8.</span><strong style=""color: black;""> CV or resume of key personnel</strong><span style=""color: black;""> who are proposed for the program. </span></p> <ul> <li><span style=""color: black;"">Include names, titles, roles and experience/qualifications of key personnel involved in the program.&nbsp;What proportion of their time will be used in support of this program?&nbsp;</span></li> <li><span style=""color: black;"">Note the location where key staff will be based.&nbsp;</span></li> </ul> <p><span style=""color: black;"">9.</span><strong style=""color: black;""> Official permission letters</strong><span style=""color: black;"">, if required for program activities.</span>&nbsp;</p> <p><strong>C.2. Required Registrations:</strong></p> <p>All organizations applying for grants (except individuals) must obtain these registrations.&nbsp;All are free of charge:</p> <ul> <li>Unique entity identifier from Dun &amp; Bradstreet (DUNS number)</li> <li>NCAGE/CAGE code</li> <li><strong>www.SAM.gov registration </strong>&nbsp;</li> </ul> <p><strong style=""color: black;"">C.3. Funding Restrictions</strong></p> <p><strong style=""color: black;"">The following activities and costs are not covered under this announcement. </strong><span style=""color: black;"">Please refer to this link </span><a style=""color: black;"" href=""https://mz.usembassy.gov/our-relationship/pepfar-us-presidents-emergency-plan-for-aids-relief/pepfar-community-grants/"" target=""_blank""><u>https://mz.usembassy.gov/our-relationship/pepfar-us-presidents-emergency-plan-for-aids-relief/pepfar-community-grants/</u></a><span style=""color: black;""> for a full list of activities that are not funded under this funding announcement.&nbsp;</span></p> <ul> <li><span style=""color: black;"">Direct support or the appearance of direct support for any religious organization, to include repair or building of structures used for religious purposes;</span></li> <li><span style=""color: black;"">Duplication of services immediately available through municipal, provincial, or national government;</span></li> <li><span style=""color: black;"">Expenses made prior to the approval of a proposal or unreasonable expenditures will not be reimbursed;</span></li> <li><span style=""color: black;"">Charitable or development activities;</span></li> <li><span style=""color: black;"">Lobbying for specific legislation or projects;</span></li> <li><span style=""color: black;"">Projects intended primarily for the growth or institutional development of the organization;</span></li> <li><span style=""color: black;"">Projects seeking funds for personal use;</span></li> <li>Projects that require a participation fee.</li> </ul> <p><strong style=""color: black;"">C.4. Other Submission Requirements</strong></p> <p><strong>Attachments: Please download the attachments listed below on </strong><a href=""https://mz.usembassy.gov/our-relationship/pepfar-us-presidents-emergency-plan-for-aids-relief/pepfar-community-grants/"" target=""_blank""><u>https://mz.usembassy.gov/our-relationship/pepfar-us-presidents-emergency-plan-for-aids-relief/pepfar-community-grants/</u></a><u style=""color: black;""> </u></p> <p>Attachment 1: Budget Guidance and Template for New Awards (FY2021)</p> <p>Attachment 2: Budget Narrative Template – Sample Format</p> <p>Attachment 3: Proposal Template</p> <p><br></p> <p><br></p> <p><br></p>",Unclear,No,Disaster recovery and resilience,Emergency Management,Yes,Unknown,NA,NA,NA,NA,NA,NA,NA,NA
23-PHL-NOFO-EV,2023 Emerging Voices Small Grants Program,"<p><span style=""color: black;"">The U.S. Embassy&nbsp;in the Philippines’&nbsp;Public Affairs Section (PAS&nbsp;Philippines) of the U.S. Department of State is pleased to announce that&nbsp;we are considering proposals&nbsp;for&nbsp;the 2023 Emerging Voices (EV) Small Grants Program.&nbsp;Our funding goals, strategic themes, and processes for submitting grant proposals are all outlined in this notice.&nbsp;Please read carefully and follow all instructions.&nbsp;</span><strong style=""color: black;"">This notice is subject to the availability of funding.</strong></p> <p><br></p> <p><strong style=""color: black;"">PRIORITY PROGRAM AREAS</strong><span style=""color: black;"">&nbsp;</span></p> <p><strong>Food Security</strong></p> <p>·&nbsp;&nbsp;&nbsp;&nbsp;&nbsp;Increasing awareness and capacity to promote Food Security&nbsp;</p> <p>·&nbsp;&nbsp;&nbsp;&nbsp;&nbsp;Creating networks of Youth Leaders and advocates of Food Security&nbsp;</p> <p>·&nbsp;&nbsp;&nbsp;&nbsp;&nbsp;Addressing Food Security&nbsp;issues</p> <p><strong>Cybersecurity</strong></p> <p>·&nbsp;&nbsp;&nbsp;&nbsp;&nbsp;Advancing innovative approaches to combating Cybersecurity issues</p> <p>·&nbsp;&nbsp;&nbsp;&nbsp;&nbsp;Increasing awareness and capacity to promote Cybersecurity</p> <p>·&nbsp;&nbsp;&nbsp;&nbsp;&nbsp;Increasing youth participation in formulating policies on Cybersecurity</p> <p>·&nbsp;&nbsp;&nbsp;&nbsp;&nbsp;Creating networks of Youth Leaders and advocates of Cybersecurity</p> <p><br></p> <p>Please download the full announcement at the Related Documents Tab. Also, submissions are via email ONLY. </p>",Yes,No,Food and nutrition security,Unknown,No,Unknown,NA,NA,NA,NA,NA,NA,NA,NA
MAPUTO-PCO-20-001,Community Led Monitoring Intervention,"<p><strong style=""color: black;"">U.S. Embassy Maputo</strong></p> <p><strong style=""color: black;"">U.S. Department of State</strong></p> <p><strong>President’s Emergency Plan for AIDS Relief (</strong><strong style=""color: rgb(54, 54, 54); background-color: transparent;"">PEPFAR:)</strong></p> <p><strong>Community Grants Program</strong></p> <p><strong style=""color: black;"">&nbsp;</strong><strong style=""color: red;"">NOTICE OF FUNDING OPPORTUNITY (NOFO)</strong></p> <p><strong style=""color: black;"">&nbsp;</strong></p> <p><strong style=""color: black;"">Type of Solicitation: Open Competition</strong></p> <p><strong style=""color: black;"">&nbsp;</strong></p> <p><strong style=""color: black;"">Application deadline: </strong><strong>June 28, 2020</strong></p> <p><strong style=""color: black;"">&nbsp;</strong></p> <p><strong style=""color: black;"">Funding Flow: (Lowest Value: $</strong><strong>20,000</strong><strong style=""color: black;"">)</strong></p> <p><strong style=""color: black;"">&nbsp;</strong></p> <p><strong style=""color: black;"">Funding Ceiling Heights: (Highest Value: $</strong><strong>30,000</strong><strong style=""color: black;"">)</strong></p> <p><strong style=""color: black;"">&nbsp;</strong></p> <p><strong style=""color: black;"">Anticipated Number of Awards: 1</strong></p> <p><strong>&nbsp;</strong></p> <p><strong>Award Period: 6-9 months </strong></p> <p><strong style=""color: red;"">&nbsp;</strong></p> <p><strong style=""color: black;"">Project Description</strong></p> <p>The PEPFAR Community Grants Program is funded through the U.S. President’s Emergency Plan for Aids Relief (PEPFAR). One of the goals of PEPFAR in Mozambique is to support efforts to achieve HIV epidemic control through implementation of evidence-based interventions to drive progress in HIV prevention, care and treatment and ultimately, save lives</p> <p><span style=""color: black;"">&nbsp;</span></p> <p>Through the P<span style=""color: black;"">EPFAR Coordination </span>Office<span style=""color: black;"">, the U.S. Embassy in Maputo administers the </span></p> <p><span style=""color: black;"">Community Grants Program (formerly Small Grants)</span> <span style=""color: black;"">and is seeking proposals from registered</span></p> <p><span style=""color: black;"">community-based organizations whose mission and activities focuses on HIV programming.</span></p> <p><span style=""color: black;"">&nbsp;</span></p> <p><strong style=""color: black;"">Objectives</strong></p> <p><span style=""color: black;"">&nbsp;</span></p> <p><span style=""color: black;"">As PEPFAR continues to confront challenges with</span> retaining HIV+ individuals in care and treatment programs, our <span style=""color: black;"">collaboration with communities and patients is urgent and critical. Collaborating with community members that will identify barriers and enablers to accessing and utilizing HIV services will be key in im</span>proving retention in Mozambique, as will ensuring stigma and discrimination surrounding HIV is addressed. Organizations will be expected to carry out patient surveys and gather information on the patient experience at health facilities. This information will then be used to facilitate dialogue and advocacy for improvement. Training and technical assistance will be provided to organizations selected for this award.</p> <p><span style=""color: black;"">&nbsp;</span></p> <p><span style=""color: black;"">This NOFO </span>seeks<span style=""color: black;""> eligible organizations </span>to<span style=""color: black;""> train, support, equip and </span>compensate PLHIV to carry out routine monitoring of the quality of HIV treatment services<span style=""color: black;""> </span>received by patients at health facilities. We are looking for organizations that can help communities directly impacted by HIV to facilitate dialogue, based on patient experiences, that will help drive changes and improve HIV services in Mozambique.</p> <p>&nbsp;</p> <p><span style=""color: black;"">This mechanism will help PEPFAR</span> <span style=""color: black;"">programs, Public Health facilities and Local Government</span></p> <p><span style=""color: black;"">Institutions </span>to gain insights on <span style=""color: black;"">persistent problems</span> impacting the quality of care of HIV and identify s<span style=""color: black;"">olutions or enablers </span>that will<span style=""color: black;""> ensure that beneficiaries receive quality services and will encourage them to retain in care and adhere to their HIV treatment.&nbsp;</span></p> <p>&nbsp;</p> <p><span style=""color: black;"">Additional details on potential activities under these areas are provided in Section 4.</span></p> <p><br></p> <p><strong style=""color: black;"">1.&nbsp;&nbsp;&nbsp;&nbsp;FEDERAL AWARD APPLICATION INFORMATION</strong></p> <p><span style=""color: black;"">For all application documents, please ensure that all documents are in English and all costs are in U.S dollars. </span></p> <p><span style=""color: black;"">&nbsp;</span></p> <p><span style=""color: black;"">1.1&nbsp;&nbsp;&nbsp;&nbsp;&nbsp;Applicants should submit ONE project proposal that does not exceed TEN pages </span></p> <p><span style=""color: black;"">1.2&nbsp;&nbsp;&nbsp;&nbsp;&nbsp;All documents are 1.5 spacing, 12-point Times New Roman font </span></p> <p><span style=""color: black;"">1.3&nbsp;&nbsp;&nbsp;&nbsp;&nbsp;All pages are numbered including budgets and attachments</span></p> <p><span style=""color: black;"">1.4&nbsp;&nbsp;&nbsp;&nbsp;&nbsp;Each proposal MUST include also a one-page summary that includes </span>an Executive summary, outlining project goals, objectives, proposed cost and activities.</p> <p>&nbsp;</p> <p><strong style=""color: black;"">2.&nbsp;&nbsp;&nbsp;&nbsp;APPLICATION REQUIREMENTS</strong></p> <p>Complete application MUST include the following:</p> <p>&nbsp;</p> <p><span style=""color: black;"">2.1&nbsp;&nbsp;&nbsp;&nbsp;&nbsp;Completed and signed SF-424</span> <span style=""color: black;"">and SF-424B forms </span></p> <p><span style=""color: black;"">2.2&nbsp;&nbsp;&nbsp;&nbsp;&nbsp;Cover Page (not exceeding ONE page, word document) including a table with organization name, project title, target districts/location, name and contact information of the </span>organization’s primary point of contact</p> <p><span style=""color: black;"">2.3&nbsp;&nbsp;&nbsp;&nbsp;&nbsp;Table of Contents (not exceeding ONE page) listing all documents and </span>attachments<span style=""color: black;""> with numbers</span></p> <p><span style=""color: black;"">2.4&nbsp;&nbsp;&nbsp;&nbsp;&nbsp;Proposal Narrative (not exceeding </span>FIVE<span style=""color: black;""> pages). Please note the ten pages DOES NOT include the Cover Page, Executive Summary, Table of Contents, </span>Attachments<span style=""color: black;"">, Detailed budget, Budget Narrative, Audit or NICRA</span></p> <p><span style=""color: black;"">2.5&nbsp;&nbsp;&nbsp;&nbsp;&nbsp;Budget amount of funding request (excel workbook)</span>, <span style=""color: black;"">costs must be in U.S dollar not exceeding $</span>30,000</p> <p><span style=""color: black;"">2.6&nbsp;&nbsp;&nbsp;&nbsp;&nbsp;Expected measurable results</span> (not exceeding ONE page)</p> <p><span style=""color: black;"">2.7&nbsp;&nbsp;&nbsp;&nbsp;&nbsp;Budget Narrative (word document) that includes</span> <span style=""color: black;"">substantive explanations and justifications for each line item in the detailed budget (</span>not exceeding ONE page)</p> <p><span style=""color: black;"">2.8&nbsp;&nbsp;&nbsp;&nbsp;&nbsp;Your organization’s recent audit or 1-2 examples of </span>recent positive performance</p> <p><span style=""color: black;"">2.9&nbsp;&nbsp;&nbsp;&nbsp;&nbsp;1-page CV or resume of key personnel who are proposed for the program with their role description</span></p> <p><span style=""color: black;"">2.10&nbsp;&nbsp;Monitoring and evaluation narrative plan (not exceeding TWO pages, word document)</span></p> <p><span style=""color: black;"">2.11&nbsp;&nbsp;All organizations</span> must include their DUNS number on their proposal.</p> <p><br></p> <p><em>Applications that do not include the elements listed above will not be considered.</em></p> <p>&nbsp;</p> <p><strong>3.&nbsp;&nbsp;&nbsp;&nbsp;REQUIRED REGISTRATIONS</strong></p> <p><strong>&nbsp;</strong></p> <p>3.1&nbsp;&nbsp;All applicants must obtain the below registrations (all are free of charge). Below are links to each registration which must be completed.</p> <p><strong>&nbsp;</strong></p> <p>3.2&nbsp;&nbsp;All organizations must obtain a unique entity identifier from Dun &amp; Bradstreet (DUNS number) and note their DUNS number on their proposal.</p> <p>&nbsp;</p> <p>Please refer to <a style=""color: blue;"" href=""http://fedgov.dnb.com/webform"" target=""_blank""><u>http://fedgov.dnb.com/webform</u></a><span style=""color: blue;""> </span>(1.3.1.2. NCAGE/CAGE code)</p> <p>Please refer to:&nbsp;<a style=""color: blue;"" href=""https://eportal.nspa.nato.int/AC135Public/scage/CageList.aspx"" target=""_blank""><u>https://eportal.nspa.nato.int/AC135Public/scage/CageList.aspx</u></a><u style=""color: blue;""> </u></p> <p>SAM registration <a style=""color: blue;"" href=""https://www.sam.gov/"" target=""_blank""><u>https://www.sam.gov</u></a><u style=""color: blue;""> </u></p> <p><u style=""color: blue;"">&nbsp;</u></p> <p><em>NOTE: The process of obtaining a SAM.gov registration may take <u>4 weeks</u>. </em></p> <p>Please begin your registration as early as possible; registration is free.</p> <p><br></p> <p><em>&nbsp;</em></p> <p><strong style=""color: black;"">4.&nbsp;&nbsp;&nbsp;&nbsp;</strong><strong>ELIGIBILITY</strong><strong style=""color: black;""> AND FUNDING RESTRICTIONS</strong></p> <p><span style=""color: black;"">The PEPFAR Community Grants Office welcomes applications from registered non-profit Mozambican organizations that are led by People Living With (Infected) or Affected by HIV focusing on Key Population groups (</span>f<span style=""color: black;"">emale </span>s<span style=""color: black;"">ex workers, </span>men who have sex with men<span style=""color: black;"">, </span>p<span style=""color: black;"">eople who inject drugs, and prisoners), youth (adolescent </span>boys and adolescent girls), young men,<span style=""color: black;""> and HIV+</span> individuals with disabilities. <span style=""color: black;"">&nbsp;</span></p> <p><strong style=""color: black;"">&nbsp;</strong></p> <p><span style=""color: black;"">●&nbsp;&nbsp;&nbsp;&nbsp;&nbsp;&nbsp;&nbsp;All applicants must be a registered Non-Profit Organizations (NPOs) and have been in operation for at least one year to be eligible for funding. </span></p> <p><span style=""color: black;"">●&nbsp;&nbsp;&nbsp;&nbsp;&nbsp;&nbsp;&nbsp;Organizations must be able to demonstrate that they have adequate internal controls and financial monitoring procedures in place. </span></p> <p><span style=""color: black;"">●&nbsp;&nbsp;&nbsp;&nbsp;&nbsp;&nbsp;&nbsp;Organizations should demonstrate strong ties and support in the local community and with local governmental authorities. </span></p> <p>&nbsp;</p> <p>Each project accepted for funding will submit financial and narrative progress reports on a routine basis. Grantees will be instructed on the inputs required for financial and programmatic progress reports by the PEPFAR Coordination Office.</p> <p>&nbsp;</p> <p><strong style=""color: black;"">5.&nbsp;&nbsp;&nbsp;&nbsp;DEPARTMENT OF STATE FUNDING RESTRICTIONS</strong></p> <p><span style=""color: black;"">Per Department of State policy, funding cannot be used for the following purposes: </span></p> <p><span style=""color: black;"">●&nbsp;&nbsp;&nbsp;&nbsp;&nbsp;&nbsp;&nbsp;Construction of buildings; </span></p> <p><span style=""color: black;"">●&nbsp;&nbsp;&nbsp;&nbsp;&nbsp;&nbsp;&nbsp;Salary, rent, utilities or office furniture related to the organization applying for this funding; </span></p> <p><span style=""color: black;"">●&nbsp;&nbsp;&nbsp;&nbsp;&nbsp;&nbsp;&nbsp;Land purchase, security guards, motor vehicles (including motorcycles, but excluding bicycles), car insurance, motor vehicle repairs or upkeep; </span></p> <p><span style=""color: black;"">●&nbsp;&nbsp;&nbsp;&nbsp;&nbsp;&nbsp;&nbsp;Outside audits; </span></p> <p><span style=""color: black;"">●&nbsp;&nbsp;&nbsp;&nbsp;&nbsp;&nbsp;&nbsp;Purchase of alcoholic beverages; and</span></p> <p><span style=""color: black;"">●&nbsp;&nbsp;&nbsp;&nbsp;&nbsp;&nbsp;&nbsp;Activities contrary to the Protecting Life in Global Health Assistance Policy.</span></p> <p><strong>&nbsp;</strong></p> <p><strong style=""color: black;"">6.&nbsp;&nbsp;&nbsp;&nbsp;FUNDING ALLOCATION</strong></p> <p>Funding will be limited to a maximum of $30,0000 per implementation period for each project (minimum period of implementation is for six month).&nbsp;Funding is expected to be allocated in the districts listed below; applicants may only send a proposal focused on one of the chosen geographic area. Proposals that do not follow the guidelines above, categories described, and districts indicated will not be considered.</p> <p>&nbsp;</p> <p><strong style=""color: black;"">Geographic Priorization Area: </strong></p> <p><strong style=""color: black;"">Maputo Province (</strong><span style=""color: black;"">Matola, Boane, Magude, Manhiça, Marracuene, Matutuine, Moamba and Namaacha</span><strong style=""color: black;"">); </strong></p> <p><strong style=""color: black;"">Gaza (</strong><span style=""color: black;"">Bilene, Chibuto, Chockwe, Chonguene, Guijá, Limpopo, Mabalane, Mandlakaze, Mapai, Massingir and Xai-Xai)</span><strong style=""color: black;"">; and </strong></p> <p><strong style=""color: black;"">Inhambane (</strong><span style=""color: black;"">Funhalouro, Govuro, Homoine, Inhambane, Inharrime, Inhassoro, Jangamo, Mabote, Massinga, Maxixe, Morrumbene, Panda, Vilankulo and Zavala)</span><strong style=""color: black;"">.</strong></p> <p><strong style=""color: black;"">&nbsp;</strong></p> <p><strong style=""color: black;"">7.&nbsp;&nbsp;&nbsp;&nbsp;APPLICATION SUBMISSION PROCESS</strong></p> <p>Please use the below email address to submit your proposal and/or any questions:<strong style=""color: black;""> </strong><span style=""color: blue;"">MaputoPepfarCommunityGrants@state.gov</span></p> <p>&nbsp;</p> <p><strong style=""color: black;"">8.&nbsp;&nbsp;&nbsp;&nbsp;APPLICATION DEADLINE</strong></p> <p>All applications must be submitted on or before June 28, 2020. Applications received later than 11.59p.m. (Maputo time) on June 28, 2020 will not be considered. Due to the large number of proposals anticipated, only shortlisted organizations will be contacted.</p> <p>&nbsp;</p> <p>Thank you in advance for your participation.</p> <p><br></p>",Unclear,No,Health and direct-care workforce,Cross-division,Yes,Unknown,NA,NA,NA,NA,NA,NA,NA,NA
PAS-CB-600-21-PAS-0002,Paris Peace Agreements Report NOFO,"<p><strong style=""color: rgb(51, 51, 51); background-color: transparent;"">Project Objectives: </strong>The U.S. Embassy Phnom Penh invites proposals for think tanks or similar organizations to research and produce a comprehensive report, study, or documentary analyzing Cambodia’s progress to date in meeting the pledges set forth in the 1991 Paris Peace Agreements.&nbsp;The target publication date would be late October, to coincide with the 30th anniversary of the Agreements on October 23, 2021.</p> <p><span style=""color: rgb(51, 51, 51); background-color: transparent;""> </span></p> <p>The successful proposal would draw on a variety of sources, including interviews with participants in the 1980s and early 1990s peace process, the UNTAC mission in Cambodia from 1992-1993, current government officials, current or former journalists, outside experts and others.</p> <p><br></p> <p><strong style=""color: rgb(51, 51, 51); background-color: transparent;"">Participants and Audiences: </strong><span style=""color: rgb(51, 51, 51); background-color: transparent;"">This funding opportunity is available to organizations who are interested and have experience conducting research and producing substantive, high-quality reports on similar topics.&nbsp;The published report or product should target an international audience of foreign governments (including the Cambodian government), non-government organizations including human rights NGOs, academic experts focused on Southeast Asia, and media covering issues in Cambodia or Southeast Asia.</span></p> <p><br></p> <p><strong>Timeline: </strong>The grant will be issued by April 30, 2021.&nbsp;Projects should be carried out by October 31, 2021.</p> <p><span style=""color: rgb(51, 51, 51); background-color: transparent;""> </span></p> <p><strong>Coordination of Program Logistics and Content Development: </strong>Working closely with U.S. Embassy in Phnom Penh, the Recipient of this grant shall develop a robust analysis of the 1991 Paris Peace Accords, which includes recommendations for preserving the spirit of those agreements today.&nbsp;The Recipient will coordinate the format and distribution of the project’s outcome with the U.S. Embassy in Phnom Penh.</p> <p><br></p>",Unclear,No,No keyword match,Unknown,Yes,Unknown,NA,NA,NA,NA,NA,NA,NA,NA
PAS-CB-600-20-PAS-0003,Ambassadors Fund for Cultural Preservation Large Grants Program,"<p><strong style=""color: rgb(51, 51, 51);"">FUNDING AREAS - SPECIFIC TO THE AFCP 2019 ANNUAL COMPETITION&nbsp;</strong></p> <p><span style=""color: rgb(51, 51, 51);"">The AFCP Large Grant Program</span> supports the preservation of major ancient archaeological sites, historic buildings and monuments, and major museum collections that are accessible to the public and protected by law in the host country.&nbsp;Appropriate project activities may include:&nbsp;</p> <p>A.&nbsp;&nbsp;&nbsp;Preventive conservation (addressing conditions that damage or threaten the site)</p> <p>B.&nbsp;&nbsp;&nbsp;&nbsp;Stabilization (reducing the physical disturbance [settling, collapse, etc.] of a site)</p> <p>C.&nbsp;&nbsp;&nbsp;&nbsp;Conservation (addressing damage or deterioration to a collection or sites)</p> <p>D.&nbsp;&nbsp;&nbsp;Consolidation (connecting or reconnecting elements of a site)</p> <p>E.&nbsp;&nbsp;&nbsp;&nbsp;Anastylosis (reassembling a site from its original parts)</p> <p>F.&nbsp;&nbsp;&nbsp;&nbsp;&nbsp;Restoration (replacing missing elements to recreate the original appearance of a site, usually appropriate only with fine arts, decorative arts, and historic buildings)<strong style=""color: rgb(51, 51, 51);"">&nbsp;</strong></p> <p><strong style=""color: rgb(51, 51, 51);"">FUNDING PRIORITIES - </strong><strong>SPECIFIC TO THE AFCP 2018 ANNUAL COMPETITION</strong><strong style=""color: rgb(51, 51, 51);"">&nbsp;</strong></p> <p><span style=""color: rgb(51, 51, 51);"">Applications for projects that directly support one or more of the following will receive additional consideration in FY 2019: </span></p> <p><span style=""color: rgb(51, 51, 51);"">·&nbsp;&nbsp;&nbsp;&nbsp;&nbsp;&nbsp;&nbsp;&nbsp;</span> <span style=""color: rgb(51, 51, 51);"">U.S. treaty or bilateral agreement obligations, such as cultural property agreements; </span><strong style=""color: rgb(51, 51, 51);""> </strong></p> <p><span style=""color: rgb(51, 51, 51);"">·&nbsp;&nbsp;&nbsp;&nbsp;&nbsp;&nbsp;&nbsp;&nbsp;</span> <span style=""color: rgb(51, 51, 51);"">Disaster risk reduction for cultural heritage in seismically active and other disaster-prone areas; </span></p> <p><span style=""color: rgb(51, 51, 51);"">·&nbsp;&nbsp;&nbsp;&nbsp;&nbsp;&nbsp;&nbsp;&nbsp;</span> <span style=""color: rgb(51, 51, 51);"">Post-disaster cultural heritage recovery; </span></p> <p><span style=""color: rgb(51, 51, 51);"">·&nbsp;&nbsp;&nbsp;&nbsp;&nbsp;&nbsp;&nbsp;&nbsp;</span> <span style=""color: rgb(51, 51, 51);"">Preservation of inscribed World Heritage sites. </span><strong style=""color: rgb(51, 51, 51);""> </strong></p>",Unclear,No,Opioid and substance use,Emergency Management,No,Unknown,NA,NA,NA,NA,NA,NA,NA,NA
THEHAGUE-FY25-01,U.S. Embassy The Hague PD Annual Program Statement,"<p>ANNUAL PROGRAM STATEMENT</p><p>Funding Opportunity Title: U.S. Embassy The Hague PD Annual Program Statement</p><p>Funding Opportunity Number: PD-THEHAGUE-FY25-01</p><p>Deadline for Applications: November 15, 2024 (Additional review cycles with corresponding deadlines will be determined and announced in January 2025)</p><p>CFDA Number: 19.040 – Public Diplomacy Programs</p><p>CONTACT:</p><p>If you have any questions about the grant application process, please contact PD at: GrantsTheHague@state.gov.</p><p>IMPORTANT:</p><p>– Please note that only complete applications will be taken into consideration by the Grants Committee. An application is considered complete if the following guidelines are met:</p><p>• All required forms are attached;</p><p>1. Cover Sheet U.S. Embassy The Hague Small Grants Program</p><p>2. Mandatory application forms (download below)</p><p>3. Proposal Narrative</p><p>4. Budget Justification Narrative</p><p>• All documents are in English;</p><p>• All budgets are in U.S. dollars;</p><p>• All pages are numbered;</p><p>• Applicant has an active SAM.gov registration on the date of the application submission (not needed for individuals). Registration and renewal may take several weeks to complete; applicants are advised to start these tasks well before the deadline.</p><p>– The start date of the proposed program should not be less than 60 days after the application deadline.</p><p>Program Description. The U.S. Embassy The Hague’s Public Diplomacy Section (PD) is pleased to announce</p><p>funding is available through its Public Diplomacy Small Grants Program. This is an Annual Program Statement outlining our funding priorities, the strategic themes of focus, and the procedures for submitting requests for funding. Please carefully follow all instructions below.</p><p>Purpose of Small Grants: PD The Hague invites proposals for programs that strengthen ties between the United States and the Netherlands through programming that highlights shared values and promotes bilateral cooperation. All programs must include a U.S. component and/or American expert/s, organization/s, or institution/s in a specific field that will promote increased understanding of U.S. policy and perspectives among Dutch audiences.</p><p>Examples of PD Small Grants Program programs include, but are not limited to:</p><p>• Academic and professional lectures, seminars, and speaker programs;</p><p>• Artistic and cultural workshops, joint performances, and exhibitions;</p><p>• Professional, youth, and academic exchanges and programs;</p><p>• Radio, television, and social media programming or campaigns in support of the above objectives;</p><p>• Other creative ways to tell U.S. stories and connect U.S. and Dutch audiences.</p><p>Priority Program Areas:</p><p>Though all submitted projects will be reviewed, projects that advance one or more of the following priorities will be given preference:</p><p>• Reinforcing transatlantic security alliances (with a particular interest in applications related to the 2025 The Hague NATO Summit)</p><p>• Safeguarding democracy and combating disinformation</p><p>FEDERAL AWARD INFORMATION</p><p>Length of performance period: Up to 12 months</p><p>Award amounts: Awards typically range from $2,000 to $25,000 up to a maximum of $50,000</p><p>Total available funding: Approximately $150,000 for fiscal year 2025 (October 1, 2024 through September 30, 2025)</p><p>This notice is subject to the availability of funding.</p><p>Funding Instrument Type: Grant, Fixed Amount Award, or Cooperative Agreement.</p><p>Program Performance Period: Proposed programs should be completed in one year or less, unless there is a substantial justification for a longer period of performance.</p><p>ELIGIBILITY INFORMATION</p><p>Eligible Applicants The Public Diplomacy Section welcomes applications from both individuals and organizations based in the Netherlands or abroad. Registered not-for-profit organizations, including think tanks and civil society/non-governmental organizations, individuals, non-profit or educational institutions, and governmental institutions are eligible to apply. For-profit or commercial entities are not eligible to apply.</p><p>Cost Sharing or Matching Cost sharing and/or matching is not required.</p><p>Participants and Audiences The primary audience should be non-Americans within the Netherlands. Special consideration will be given to programs that reach youth and/or underserved communities and/or programs with geographic diversity within the Netherlands.</p><p>The following types of programs are not eligible for funding:</p><p>• Programs relating to partisan political activity;</p><p>• Charitable or development activities;</p><p>• Construction programs;</p><p>• Programs that support specific religious activities;</p><p>• Fund-raising campaigns;</p><p>• Lobbying for specific legislation or programs;</p><p>• Scientific research;</p><p>• Programs intended primarily for the growth or institutional development of the organization; or</p><p>• Programs that duplicate existing programs.</p><p>APPLICATION SUBMISSION INFORMATION AND FORMS</p><p>Content and Form of Application Submission Please follow all instructions below carefully. Proposals that do not meet the requirements of this announcement or fail to comply with the stated requirements will be ineligible.</p><p>Content of Application Please note that only complete applications will be taken into consideration by the Grants Committee. An application is considered complete if the following guidelines are met:</p><p>• All required forms are attached;</p><p>1. Mandatory application forms (download below)</p><p>2. Coversheet U.S. Embassy The Hague Small Grants Program</p><p>3. Proposal Narrative</p><p>4. Budget Justification Narrative</p><p>• All documents are in English;</p><p>• All budgets are in U.S. dollars;</p><p>• All pages are numbered;</p><p>• Applicant has an active www.sam.gov registration (not needed for individuals).</p><p>The following documents are required:</p><p>1. Summary Coversheet (Download here):</p><p>2. Mandatory application forms</p><p>• SF-424 (Application for Federal Assistance – organizations) or SF-424-I (Application for Federal Assistance – individuals)</p><p>• SF-424A (Budget Information for Non-Construction programs)</p><p>• SF-424B (Assurances for Non-Construction programs)</p><p>1. Proposal: The proposal should contain sufficient information that anyone not familiar with it would understand exactly what the applicant wants to do. You may use your own proposal format, but it must include all the items below.</p><p>• Proposal Summary: Short narrative that outlines the proposed program, including program objectives and anticipated impact.</p><p>• Introduction to the Organization or Individual applying: Description of past and present operations, showing ability to carry out the program, including information on all previous grants from the U.S. Embassy and/or U.S. government agencies.</p><p>• Problem Statement: Clear, concise, and well-supported statement of the problem to be addressed and why the proposed program is needed.</p><p>• Program Goals and Objectives: The “goals” describe what the program is intended to achieve. What aspect of the relationship between the United States and the Netherlands will be improved? The “objectives” refer to the intermediate accomplishments on the way to the goals. These should be achievable and measurable.</p><p>• Program Activities: Describe the program activities and how they will help achieve the objectives.</p><p>• Program Methods and Design: A description of how the program is expected to work to solve the stated problem and achieve the goal.</p><p>• Proposed Program Schedule: The proposed timeline for the program activities. Include the dates, times, and locations of planned activities and events.</p><p>• Program Partners: List the names and type of involvement of key partner organizations.</p><p>• Program Monitoring and Evaluation Plan: This is an important part of successful programs. Throughout the time frame of the grant, how will the activities be monitored to ensure they are happening in a timely manner, and how will the program be evaluated to make sure it is meeting the stated goals?</p><p>• Future Funding or Sustainability: Applicant’s plan for continuing the program beyond the grant period, or the availability of other resources, if applicable.</p><p>• Budget Justification Narrative: After filling out the SF-424A Budget (above), use a separate sheet of paper to describe each of the budget line items in detail. See section H. Other Information: Guidelines for Budget Submissions below for further information.</p><p>All application materials must be submitted by email to GrantsTheHague@state.gov</p><p>Required Registrations:</p><p>All organizations applying for grants (except individuals) must obtain these registrations. Registration and renewal may take several weeks and applicants are advised to start these</p><p>tasks well before the deadline. All initial registrations and subsequent renewals are always free of charge:</p><p>• www.SAM.gov registration, which will generate a UEI</p><p>• NCAGE/CAGE code</p><p>Any applicant with an exclusion in the System for Award Management (SAM) is not eligible to apply for an assistance award in accordance with the OMB guidelines at 2 CFR 180 that implement Executive Orders 12549 (3 CFR, 1986 Comp., p. 189) and 12689 (3 CFR, 1989 Comp., p. 235), “Debarment and Suspension.”</p><p>The Unique Entity Identifier (UEI) is one of the data elements mandated by Public Law 109-282, the Federal Funding Accountability and Transparency Act (FFATA), for all Federal awards. SAM.gov is the Federal government’s primary database for complying with FFATA reporting requirements. OMB designated SAM.gov as the central repository to facilitate applicant and recipient use of a single public website that consolidates data on all federal financial assistance. Applicants are required by law to register in SAM.gov.</p><p>Starting April 2022, the UEI will be assigned when an organization registers or renews its registration in SAM.gov at www.SAM.gov. To access SAM.gov, an organization is required to have a Login.gov account. Organizations can create an account at https://login.gov/ . As a reminder, organizations need to renew their SAM.gov registration annually and this process is free of charge.</p><p>Note: As of April 2022, a DUNS number is no longer required.</p><p>U.S.-based organizations: A CAGE code will be automatically assigned when the U.S. organizations registers in www.sam.gov . CAGE must be renewed every 5 years. Grantees may be asked for more information to be finalized and must comply with such requests for additional information.</p><p>Foreign-based organizations: Must apply for a NCAGE code before registering in SAM.gov. Click here to apply for a NCAGE code. NCAGE codes must be renewed every 5 years.</p><p>It is in the organization’s best interest to check if the CAGE or NCAGE code is active. Organizations are required to register or renew the CAGE or NCAGE code prior to registering or renewing www.sam.gov . Both registration and renewals for both CAGE and NCAGE can take up to 10 days. The organization’s legal address in NCAGE/CAGE must be identical to the address listed in SAM.gov . Even minor variations in the way the address is listed can cause significant delays.</p><p>SAM.gov requires all entities to renew their registration once per year in order to maintain an active registration status in SAM.gov. It is the responsibility of the applicant to ensure it has an active registration in SAM.gov.</p><p>If an organization plans to issue a sub-contract or sub-award, those sub-awardees must also have a unique entity identifier (UEI number). Those entities can register for a UEI only at SAM.gov.</p><p>If an organization does not have an active registration in SAM.gov prior to submitting an application, the application will be deemed ineligible. All organizations applying for grants (except individuals) must obtain these registrations, and the registrations are free of charge.</p><p>Submission Dates and Times</p><p>The Public Diplomacy Section will accept proposals on a rolling basis, and will convene the Grants Review Committee three times. The deadlines for submission are the following:</p><p>•November 15, 2024•TBD, 2025•TBD, 2025</p><p>Applications submitted at any time before the above-mentioned deadlines will be reviewed by the Grants Review Committee at the following committee meeting.</p><p>The Grants Committee aims to review all proposals within 30 days of the deadline, and applicants can expect a response within 60 days of the deadline.</p><p>Funding Restrictions</p><p>Costs for food and drinks can only be a minimal part of the budget (no more than 10 percent) and award funds cannot be used for alcoholic beverages.</p><p>FEDERAL AWARD ADMINISTRATION INFORMATION</p><p>Federal Award Notices The fixed amount award, grant award, or cooperative agreement will be written, signed, awarded, and administered by the Grant Officer. The assistance award agreement is the authorizing document and it will be provided to the recipient for review and signature by email. The recipient may only start incurring program expenses beginning on the start date shown on the grant award document signed by the Grant Officer.</p><p>If a proposal is selected for funding, the Department of State has no obligation to provide any additional future funding. Renewal of an award to increase funding or extend the period of performance is at the discretion of the Department of State.</p><p>Issuance of this NOFO does not constitute an award commitment on the part of the U.S. government, nor does it commit the U.S. government to pay for costs incurred in the preparation and submission of proposals. Further, the U.S. government reserves the right to reject any or all proposals received.</p><p>Administrative and National Policy Requirements Terms and Conditions: Before submitting an application, applicants should review all the terms and conditions and required certifications which will apply to this award, to ensure that they will be able to comply. These include: 2 CFR 200, 2 CFR 600, Certifications and Assurances, and the Department of State standard terms and conditions, all of which are available on the State Department’s website . Note the U.S. Flag branding and marking requirements in the standard terms and conditions.</p><p>Reporting Recipients will be required to report on the outcome of the project. The award document will specify the frequency of project reports.</p><p>OTHER INFORMATION:</p><p>Guidelines for Budget Justification</p><p>Personnel: Describe the wages, salaries, and benefits of temporary or permanent staff who will be working directly for the applicant on the program, and the percentage of their time that will be spent on the program.</p><p>Travel: Estimate the costs of travel, visas or entry permits, lodging, and per diem for this program. If the program involves international travel, include a brief statement of justification for that travel. Please note all Federal government financed international air transportation is required by 49 U.S.C. 40118, commonly referred to as the “Fly America Act,” to use U.S. air carrier service for all air travel and cargo transportation services. Applicants are advised to budget accordingly.</p><p>Equipment: Describe any machinery, furniture, or other personal property that is required for the program, which has a useful life of more than one year (or a life longer than the duration of the program), and costs at least $5,000 per unit.</p><p>Supplies: List and describe all items and materials, including any computer devices, that are needed for the program. If an item costs more than $5,000 per unit, then list the item in the budget under Equipment.</p><p>Contractual: Describe goods and services the applicant plans to acquire through a contract with a vendor. Also describe any sub-awards to non-profit partners that will help carry out the program activities.</p><p>Other Direct Costs: Describe other costs directly associated with the program, which do not fit in the other categories. For example, shipping costs for materials and equipment or applicable taxes. All “Other” or “Miscellaneous” expenses must be itemized and explained.</p><p>Indirect Costs: These are costs that cannot be linked directly to the program activities, such as overhead costs needed to help keep the organization operating. If your organization has a Negotiated Indirect Cost Rate (NICRA) and includes NICRA charges in the budget, attach a copy of your latest NICRA. Organizations that have never had a NICRA may request indirect costs of 10 percent of the modified total direct costs as defined in 2 CFR 200.68.</p><p>“Cost Sharing” refers to contributions from the organization or other entities other than the U.S. Embassy. It also includes in-kind contributions such as volunteers’ time and donated venues. Cost sharing is not required.</p><p>Alcoholic Beverages: Please note that award funds cannot be used for alcoholic beverages.</p><p>CONTACT:</p><p>If you have any questions about the grant application process, please contact GrantsTheHague@state.gov.</p><p>Note: Organizations are encouraged to review this NOFO carefully. The U.S. Department of State is available to respond to general inquiries, but cannot become directly involved as the organization prepares program proposals for submission. Once an application has been submitted, State Department officials and staff — both in the Department and at embassies overseas — may not discuss this competition with applicants until the entire proposal review process is completed.</p>",Unclear,No,Rural access and telehealth,Unknown,Yes,Yes,NA,NA,NA,NA,NA,NA,NA,NA
ESP22APS,Mission Spain Public Diplomacy 2022 Annual Program Statement,"<p><br></p> <p>The Public Diplomacy Section (PD Spain) of the U.S. Embassy Madrid and U.S. Consulate General Barcelona&nbsp;welcomes proposals for creative, engaging projects that line up with PD Spain’s main objectives. That includes:&nbsp;</p> <p>&nbsp;</p> <ol> <li><span style=""color: windowtext;"">Promote citizen participation in the fight against the </span><strong style=""color: windowtext;"">climate crisis</strong><span style=""color: windowtext;""> and facilitate better knowledge of the policies and actions of the United States in this area.&nbsp;</span></li> <li><span style=""color: windowtext;"">Ensure&nbsp;that Spanish and /or Andorran students know the United States as a destination for their training, for summer work programs and for learning English.&nbsp;</span></li> <li><span style=""color: windowtext;"">Promote</span><strong style=""color: windowtext;""> security and defense alliances</strong><span style=""color: windowtext;""> between the United States and Spain and the Atlantic Alliance (NATO).&nbsp;</span></li> <li><span style=""color: windowtext;"">Communicate the importance of Spain being the venue for the </span><strong style=""color: windowtext;"">2022 NATO Summit</strong><span style=""color: windowtext;"">, the role that Spain plays within NATO and the strategic concept of NATO&nbsp;in the near future.&nbsp;</span></li> <li><span style=""color: windowtext;"">Explain the value of initiatives dedicated to </span><strong style=""color: windowtext;"">women, peace and security</strong><span style=""color: windowtext;"">.&nbsp;</span></li> <li><span style=""color: windowtext;"">Support the areas of</span><strong style=""color: windowtext;""> entrepreneurship, innovation and STEM</strong><span style=""color: windowtext;""> to increase economic opportunities for young people in Spain and / or Andorra.&nbsp;</span></li> <li><span style=""color: windowtext;"">Increase knowledge about how to do business in the US and highlight the role of Spain and Andorra in the </span><strong style=""color: windowtext;"">global digital economy</strong><span style=""color: windowtext;"">.&nbsp;</span></li> <li><span style=""color: windowtext;"">Expand the reach of </span><strong style=""color: windowtext;"">media literacy</strong><span style=""color: windowtext;""> and support the media education programs of Spanish institutions with useful and accurate tools to increase understanding of false information and other tactics, to render misinformation campaigns targeting Spain ineffective.&nbsp;</span></li> <li><span style=""color: windowtext;"">Communicate about the common values that the United States, Spain and the EU share and about the promotion of respect for </span><strong style=""color: windowtext;"">human rights</strong><span style=""color: windowtext;"">, </span><strong style=""color: windowtext;"">democracy </strong><span style=""color: windowtext;"">and the need for </span><strong style=""color: windowtext;"">democratic changes </strong><span style=""color: windowtext;"">in places like Venezuela, Cuba and Nicaragua, the power of the law against impunity, privacy, international order based on common rules, and a fair playing field.&nbsp;</span></li> <li><span style=""color: windowtext;"">Encourage collaboration between Spanish and /or Andorran and American organizations that share the </span><strong style=""color: windowtext;"">defense of human rights</strong><span style=""color: windowtext;"">.&nbsp;</span></li> <li><span style=""color: windowtext;"">Explore topics such as the rights of LGBTQI + community, racism, sexism, and the rights of people with disabilities.&nbsp;</span></li> <li><strong style=""color: windowtext;"">Promote the rights and equality</strong><span style=""color: windowtext;""> of women, ethnic and religious minorities, the LGBTQI + community, refugees and migrants, people with disabilities and other&nbsp;marginalized&nbsp;populations in Spain and / or Andorra.&nbsp;</span></li> </ol> <p><u style=""color: windowtext;"">&nbsp;</u></p> <p><strong><u>All programs should ensure they promote diversity and inclusion.</u></strong><u>&nbsp;</u></p> <p>&nbsp;</p> <p>Please be aware that projects funded through this APS must include an American element. That could involve a connection or partnership between Spanish&nbsp;and/or Andorran&nbsp;and American organizations or institutions. For example,&nbsp;an American expert&nbsp;could&nbsp;take part, in person or virtually, in your project. Activities might highlight or examine shared values&nbsp;between Spain and/or Andorra and the United States, national interests, etc. You may incorporate a U.S. approach or method you have learned about to addressing an issue or challenge facing your community, institution, or profession.&nbsp;</p> <p>&nbsp;</p> <p>Grant activities may take any number of forms, including academic competitions, cross-border exchanges, conferences, workshops, courses, curriculum development, exhibits, hackathons or app development, online projects, mock trials or moot court competitions, simulations and role-playing activities (<em>e.g.</em>, Model Congress, Model United Nations), performances, or other activities.&nbsp;</p> <p>&nbsp;</p> <p>Project&nbsp;timelines&nbsp;should&nbsp;start no earlier than December 1, 2021,&nbsp;and&nbsp;start&nbsp;no later than September 30, 2022,&nbsp;with all activities being completed no later than&nbsp;December 2023.&nbsp;&nbsp;All activities and your evaluation or assessment of the project should be completed within 18 months&nbsp;of&nbsp;starting the project.&nbsp;</p> <p><br></p> <p><br></p>",Unclear,No,Behavioral health and crisis,Cross-division,No,Unknown,NA,NA,NA,NA,NA,NA,NA,NA
AMERICANSPACESGAMEON-2026,GameON – U.S.-Albania E-Sports and Innovation,"<strong style=""color: windowtext;""><em>1.&nbsp;&nbsp;Project Background, Goals, and Objectives</em></strong> <p>&nbsp;</p> <p>Albania's youth face a rapidly evolving digital economy that demands advanced technical skills, entrepreneurial mindsets, and exposure to international industry standards. &nbsp;Albanian interest in gaming – a global market forecasted to surpass $745 billion by 2030, in which the United States is leading – is high, presenting an opportunity to increase Albanian understanding of how U.S. economic strength and technological leadership support shared prosperity.&nbsp;By providing youth access to high-quality, structured training in coding, game design, and digital entrepreneurship, this program strengthens Albanian youths’ association between the United States and innovation, creativity, and opportunity; demonstrates the United States capacity to adapt and lead in a burgeoning tech market; and increases interest in U.S. products, technology, and brands.&nbsp;As a global, web-based arena for exchange, the gaming market also presents opportunities to promote digital freedom increases the durability and reach of U.S. narratives beyond official channels.&nbsp;This program will further those efforts by prioritizing American standards and values in online game development. </p> <p>&nbsp;</p> <p>Include information of past projects. How will this project build on previous efforts? What kinds of programming has the Mission and other partners funded in the past to address this problem? Which activities have worked well (best practices), and which activities have not (lessons learned)?&nbsp;</p> <p>&nbsp;</p> <p>This program capitalizes on a popular past U.S. Speaker Program on game development and an established network of partners in the local tech, business, and education community.&nbsp;It also complements ongoing programs in cybersecurity and AI training to promote American technology across an array of emerging fields.</p> <p>&nbsp;</p> <p><span style=""color: black;"">All activities must demonstrate strong connections to U.S. expertise, technology, and best practices, clearly explaining how these ties support program objectives and advance U.S. interests. &nbsp;Examples include: use of U.S.-developed game engines, coding platforms, and e-sports platforms; curriculum informed by U.S. industry standards and educational models; guest speakers or mentors from U.S. tech companies, universities, or entrepreneurial ecosystems, or alumni of the Department of State exchanges who serve as credible validators of American innovation; and exposure to U.S. startup methodologies and business frameworks. &nbsp;Proposals should articulate how these connections will deliver results-driven programming that builds lifelong skills, increases participants’ receptivity to U.S. technologies, expands demand for American products and services, and creates alumni networks that amplify U.S. leadership in the digital economy.</span></p> <p><strong>&nbsp;</strong></p> <p><strong style=""color: black;"">Project Audience:</strong><span style=""color: black;"">&nbsp;Youth aged 15-30, including high school and university students, young professionals, and aspiring tech entrepreneurs and creators interested in e‑sports, gaming, and digital innovation.</span></p> <p>&nbsp;</p> <p><strong style=""color: black;"">Project Goal:</strong><span style=""color: black;"">&nbsp;Strengthen Albania’s digital ecosystem by using U.S. technology, standards, and expertise to build practical skills in coding, game design, and digital entrepreneurship, while showcasing U.S. leadership in the digital economy through e‑sports and game development.</span></p> <p>&nbsp;</p> <p><strong style=""color: black;"">Project Objectives:&nbsp;</strong><span style=""color: black;"">The project should engage at least 100 participants per Corner in e-sports and game development that build practical tech skills, foster teamwork and entrepreneurship, and deepn understanding of U.S. leadership in the digital economy.&nbsp;</span></p> <p>&nbsp;</p> <p><span style=""color: black;"">At a minimum, projects should address the following objectives:</span></p> <p>·&nbsp;&nbsp;&nbsp;&nbsp;&nbsp;&nbsp;&nbsp;&nbsp;<em style=""color: black;"">Objective 1</em><span style=""color: black;""> – Applied Game and Interactive Media Skills</span></p> <p><span style=""color: black;"">Develop participants’ practical skills in coding, game design, basic UX/UI, and digital content creation, 3D printing, through project‑based learning that uses U.S. tools, platforms, and industry best practices. </span></p> <p>&nbsp;</p> <p>·&nbsp;&nbsp;&nbsp;&nbsp;&nbsp;&nbsp;&nbsp;&nbsp;<em style=""color: black;"">Objective 2</em><span style=""color: black;""> – Smart Digital Skills and Startup Mindset</span></p> <p><span style=""color: black;"">Strengthen participants’ digital skills to use game development to foster creative problem‑solving and innovation while introducing basic concepts of tech, innovation, entrepreneurship, project management, and monetization in the gaming and digital sectors.</span></p> <p>&nbsp;</p> <p>·&nbsp;&nbsp;&nbsp;&nbsp;&nbsp;&nbsp;&nbsp;&nbsp;<em style=""color: black;"">Objective 3</em><span style=""color: black;""> – Collaborative Competition and U.S. Tech Exposure</span></p> <p><span style=""color: black;"">Use e‑sports and team‑based projects to build collaboration, fair play, and leadership, while exposing participants to U.S. digital industry standards, role models, and opportunities.</span></p>",Unclear,No,Child and family well-being,Social Services,Yes,Unknown,NA,NA,NA,NA,NA,NA,NA,NA
PAS-JAKARTA-FY26-09,National Disaster Coverage Training for Indonesian Journalists,"<strong><em>1.&nbsp;&nbsp;Project Background, Goals, and Objectives</em></strong> <p><br></p> <p>Indonesia is one of the most disaster-prone nations on earth. Situated on the Pacific Ring of Fire and spanning more than 17,000 islands, the archipelago experiences an extraordinary frequency of natural hazards including earthquakes, volcanic eruptions, tsunamis, floods, and landslides affecting millions of people and causing billions of dollars in economic losses each year. North Sumatra, West Sumatra, and Central Sulawesi represent some of the highest-risk disaster zones in the country, sitting atop active fault lines, near active volcanoes, and along coastlines vulnerable to tsunamis and storm surge. North Sumatra and West Sumatra were hit by extreme weather at the end of 2025 that caused massive landslide and took the lives of hundreds of locals. Central Sulawesi was devastated by the 2018 Palu earthquake and tsunami, which killed more than 4,000 people.</p> <p>Despite this persistent threat environment, most journalists working in these regions lack formal training in the specialized skills required to cover disasters safely and effectively, including safety protocols for hazardous environments, crisis communication best practices, fact-checking and digital verification tools, coordination with emergency officials, and public safety information delivery. When disasters strike and journalists are unprepared, inaccurate reporting can impede evacuation and undermine public trust in emergency systems. The training will be conducted through workshops, field exercises, mentorship, and simulated disaster scenarios. <span style=""color: rgb(28, 33, 39);"">By strengthening the capacity of local journalists to report accurately and responsibly during crises, this initiative promotes a free, independent, and professional press and supports resilient, well-informed communities that are better equipped to withstand and recover from disasters, advancing the U.S. foreign policy goal of strengthening regional disaster response and security cooperation in the Indo-Pacific.</span></p> <p>&nbsp;</p> <p><strong style=""color: black;"">Project Audience(s): </strong></p> <p><strong>Primary Audience:</strong></p> <ul> <li>Journalists from print, broadcast, and digital media working in disaster-prone areas across Indonesia</li> <li>Newsroom editors and managers responsible for disaster coverage</li> <li>Participants must be Indonesian citizens or residents</li> </ul> <p><strong>Secondary Audience:</strong></p> <ul> <li>Emergency management officials and first responders (PMI, BNPB)</li> <li>Civil society communicators working on disaster preparedness</li> <li>Indonesian media organizations and journalism associations</li> <li>Local government officials responsible for public information during emergencies</li> </ul> <p><span style=""color: red;"">&nbsp;</span></p> <p><strong style=""color: black;"">Project Goal</strong></p> <p><span style=""color: rgb(28, 33, 39);"">A well-trained Indonesian press corps that can report accurately under emergent conditions strengthens public trust, supports government accountability, and creates the reliable information environment that the United States and regional partners depend on to coordinate effective humanitarian assistance. This project will contribute to a more stable information environment and improve national and regional disaster response coordination.</span></p> <p><span style=""color: rgb(28, 33, 39);"">A successful project would equip at least 150 Indonesian journalists with proficiency in accurate, ethical, and effective disaster reporting, including coverage of earthquakes, tsunamis, floods, landslides, and volcanic eruptions, as measured by pre- and post-training competency assessments. Participants would develop specialized skills in safety protocols for hazardous environments, crisis communication best practices, fact-checking and digital verification, and coordination with emergency officials. At least 75 trained media professionals would apply these skills to deliver critical public safety information during real disaster events. The project would generate multiplier effects by building a cohort of disaster-ready journalists capable of mentoring colleagues and elevating reporting standards across Indonesian newsrooms in the country’s highest-risk regions.</span></p> <p><br></p> <p><strong style=""color: black;"">Project Objectives:</strong><em style=""color: black;""> </em><span style=""color: black;"">The project objectives are the specific and measurable results PDS aims to achieve through this project. They describe necessary and pre-requisite changes required to move closer to achieving the project goal.</span></p> <p>·&nbsp;&nbsp;&nbsp;&nbsp;&nbsp;&nbsp;&nbsp;&nbsp;<span style=""color: black;"">Objective 1 – Equip a minimum of 150 Indonesian journalists from print, broadcast, and digital media across at least seven provinces with proficiency in disaster reporting, including safety protocols for hazardous environments, crisis communication best practices, fact-checking and digital verification tools, and coordination with emergency officials Pre- and post-training competency assessments will demonstrate skill improvement among at least 70 percent of participants.</span></p> <p>·&nbsp;&nbsp;&nbsp;&nbsp;&nbsp;&nbsp;&nbsp;&nbsp;<span style=""color: black;"">Objective 2 – Ensure at least 75 trained media professionals apply newly acquired disaster reporting skills to deliver accurate, timely, and credible public safety information during at least one real disaster event within the project period, as documented through published reports, broadcast coverage, or verified field activity records.</span></p> <p>·&nbsp;&nbsp;&nbsp;&nbsp;&nbsp;&nbsp;&nbsp;&nbsp;<span style=""color: black;"">Objective 3 – Build a cohort of disaster-ready journalists capable of mentoring colleagues, with at least 30 participants committing to formal or informal peer mentorship or in-newsroom training activities within six months of program completion, as measured by post-program follow-up surveys or documented mentorship agreements.</span></p> <p>&nbsp;</p> <strong><em>2.&nbsp;&nbsp;Substantial Involvement </em></strong> <p>This award will be a cooperative agreement.&nbsp;In consultation with the U.S. Embassy Jakarta, the award recipient must actively engage with and manage the details of the training as well as communication with participating Indonesian journalists and other collaborators/partners.</p> <p><br></p> <p><strong>U.S. Embassy Roles and Responsibilities:</strong></p> <p>Working closely with the award recipient, U.S. Embassy Jakarta will be involved in:</p> <ul> <li>Consultation on the development of the scheduled program</li> <li>Review and approval of training locations</li> <li>Participation in the selection of participants</li> <li>Review and approval of the agenda and content of activities (training modules, workshops, practical exercises, panel discussions, mentorship, etc.)</li> <li>Coordination with U.S. experts from ECA's U.S. Speaker Program roster</li> <li>Review and approval of social media, traditional media, and other publicity content</li> <li>Review and approval of final program materials, photos, and videos</li> </ul> <p><br></p> <p><strong>Recipient Roles and Responsibilities:</strong></p> <p>The award recipient is expected to:</p> <ul> <li>Develop, organize, and implement an open call for journalists and media professionals working in disaster-prone areas</li> <li>Manage a selection process in collaboration with PAS and other stakeholders</li> <li>Identify and select at least 200 participants representing a range of media outlets, geographic regions, and experience levels</li> <li>Source, organize, and manage experts to hold workshops, participate in panel discussions, and engage in mentorship and field practices</li> <li>Develop, organize, and manage comprehensive training modules covering safety protocols, technical skills, disaster science, ethical reporting, digital tools, fact-checking, interviewing techniques, and coordination with emergency officials</li> <li>Develop, coordinate, and oversee practical exercises including simulated disaster reporting scenarios, case study analysis, and field exercises</li> <li>Identify, coordinate, and manage venues for all training activities, including audio, visual, and sound system support</li> <li>Design and distribute digital and non-digital marketing and promotional materials</li> <li>Develop a comprehensive social media campaign plan for all activities</li> <li>Develop a resource library and best practices guide for disaster coverage</li> <li>Plan to expand public awareness and visibility beyond the program</li> <li>Provide all design files, photos, and videos of the program</li> <li>Provide a promotion-ready, U.S. Embassy approved photo album and video series after completion</li> <li>Maintain regular, transparent communication via email, phone, video conference calls, and face-to-face meetings with the grants officer, grants officer representative, and program officer throughout the period of performance</li> </ul> <p><strong style=""color: red;""><em>&nbsp;</em></strong></p>",Unclear,No,Disaster recovery and resilience,Cross-division,No,Unknown,NA,NA,NA,NA,NA,NA,NA,NA
DFOP0019659,Promoting Responsible Investment and Rights-Respecting Production Models,"This program will help responsible businesses counter unfair competition from production models relying on forced labor, worker exploitation, and other violations or abuses of internationally recognized labor rights. The program will also promote worker upskilling by working with leading foreign companies in critical industries to develop and strengthen private-sector workforce development practices and programs that support resilient, rights-respecting supply chains.",Unclear,No,Health and direct-care workforce,Unknown,No,Unknown,NA,NA,NA,NA,NA,NA,NA,NA
OFOP0003144,Enhancing Prison Population Management Through Expanded Probation in Tunisia,"The project will divert low-risk, first-time offenders to probation and community service, allowing Tunisia to focus its limited resources on high-threat criminals. Building upon previous INL support and Ministry of Justice buy in, this project will work to expand probation services to all 24 governorates through establishing probation offices in the last remaining four governorates and standardizing services nationwide; deliver training to criminal justice sector actors and community stakeholders; increase public awareness of the benefits of community service and probation for low-risk individuals; and standardize procedures, including through the use of information technology, to streamline the process.",Unclear,No,No keyword match,Unknown,No,Unknown,NA,NA,NA,NA,NA,NA,NA,NA
PDS-UKRAINE-FY26-02,Advancing Sports Diplomacy Through Adaptive Sports,"<p>The U.S. Department of State's U.S. Embassy Kyiv announces an open competition to implement a program to build Ukraine’s capacity to support wounded veterans through adaptive sports by leveraging American leadership, innovation, and expertise in sport.&nbsp;Capitalizing on President Trump's announcement of the Decade of Sports (2024–2034) and the United States' role as host of global sporting events – including the 2026 FIFA World Cup and the 2028 Olympic Games – this award harnesses the unifying power of American sport to advance rehabilitation, strengthen partnerships, and project American leadership.&nbsp;By strengthening institutional capacity to deliver long-term sports programs nationwide, the program will ultimately rehabilitate and reintegrate veterans living across Ukraine.&nbsp;Veterans will emerge with tools and networks needed to drive Ukraine's recovery solidifying the United States’ role as a leader in Ukraine.&nbsp;The successful program will deliver results through activities such as specialized athletic clinics, sports-focused English language programming, and/or adaptive sports tournaments.&nbsp;By demonstrating the benefits of American athletic models, the project will expand the reach of adaptive sports as a tool for rehabilitation and strengthen U.S.-Ukraine cooperation.</p>",Unclear,No,Opioid and substance use,Aging,No,Unknown,NA,NA,NA,NA,NA,NA,NA,NA
OFOP0001473,U.S. EMBASSY TO LIBYA PAS ANNUAL PROGRAM STATEMENT,"U.S. DEPARTMENT OF STATE U.S. EMBASSY TO LIBYA, PUBLIC AFFAIRS SECTION Notice of Funding Opportunity (NOFO) Funding Opportunity Title: U.S. Embassy to Libya PAS Annual Program Statement Funding Opportunity Number: PAS Tripoli FY2024 CFDA Number: 19.040 Public Diplomacy Programs Maximum for Each Award: $25,000 USD PROGRAM DESCRIPTION The U.S. Embassy Tripoli Public Affairs Section (PAS) is pleased to announce that funding is available through its Public Diplomacy Small Grants Program. This is an Annual Program Statement, outlining our funding priorities, the strategic themes we focus on, and the procedures for submitting requests for funding. Please carefully follow all instructions below. The objectives of the Public Diplomacy Grant Program are to build capacity and community, promote social good, and enhance mutual understanding between the people of Libya and the United States. The U.S. Embassy to Libya is seeking projects that: Capitalize on arts initiatives to increase unity, social cohesion, and reconciliation that deepen Libyan national identity and are consistent with U.S. values. Promote leadership, positive community engagement, volunteerism, entrepreneurship, and soft skills development among youth, women, and underserved communities. Increase Libyan youth capabilities to help them explore and develop technological solutions for social problems through Science, Technology, Engineering, Arts, and Math (STEAM) programs. Projects that address environmental challenges to mitigate the effects of climate change are highly encouraged. Note: Alumni of U.S. Government funded exchange programs are encouraged to apply. Initiatives that support diversity and inclusion of minority groups and link with U.S. universities or organizations are also welcome. Additional information on this link: https://ly.usembassy.gov/notice-of-funding-opportunity-nofo/",Unclear,No,Rural access and telehealth,Unknown,No,Unknown,NA,NA,NA,NA,NA,NA,NA,NA
VA-NCA-VLGP-FY2027,Veterans Legacy Grants Program,"<p><span style=""color: rgb(33, 33, 33);"">VLGP will provide grants to eligible entities for the purpose of conducting cemetery research related to national, State, or Tribal Veterans’ cemeteries; producing educational materials that teach about the history of Veterans interred in national, State, or Tribal Veterans’ cemeteries; and promoting community engagement with the histories of Veterans interred in national, State, or Tribal Veterans’ cemeteries. </span></p>",Possible,No,No keyword match,Unknown,Yes,Unknown,NA,NA,NA,NA,NA,NA,NA,NA
VA-GRANTS-112508-002,State Veterans Home Construction Grant Program,"<p><strong>Improving Oversight of Federal Grantmaking</strong>VA is required to ensure compliance with all applicable statutes, regulations, and Executive Orders when evaluating and awarding grants. In accordance with Executive Order 14332, Improving Oversight of Federal Grantmaking, aside from the evaluation criteria published in this announcement, VA has discretion to remove from consideration any applicant VA deems does not clearly advance the President's or VA's priorities.</p> <ul> <li>VA will not fund activities that use racial preference for eligibility criteria or promote gender ideology.</li> <li>VA will not fund activities that promote or facilitate violations of immigration laws or are sources of waste, fraud, or abuse.</li> <li>VA will not tolerate activity or conduct by grant recipients that constitute acts of moral turpitude, are scandalous, or bring the recipient, the project funded by this grant, or VA into public disrepute, contempt, or ridicule.</li> <li>These grants support the President's priority to increase the excellence of and options for care, benefits, and services for veterans, as demonstrated in&nbsp;<a href=""https://www.whitehouse.gov/presidential-actions/2025/08/improving-oversight-of-federal-grantmaking/"" target=""_blank"" style=""color: rgb(11, 108, 178);"">Executive Order 14332</a>.</li> </ul> <p><br></p> <p><strong>Program is subject to Public Law 117-58 Build America, Buy America Act. </strong>Recipients of an award of Federal financial assistance from a program for infrastructure are hereby notified that none of the funds provided under this award may be used for a project for infrastructure unless:(1) all iron and steel used in the project are produced in the United States--this means all manufacturing processes, from the initial melting stage through the application of coatings, occurred in the United States; (2) all manufactured products used in the project are produced in the United States—this means the manufactured product was manufactured in the United States; and the cost of the components of the manufactured product that are mined, produced, or manufactured in the United States is greater than 55 percent of the total cost of all components of the manufactured product, unless another standard for determining the minimum amount of domestic content of the manufactured product has been established under applicable law or regulation; and (3) all construction materials44 are manufactured in the United States—this means that all manufacturing processes for the construction material occurred in the United States. The Buy America preference only applies to articles, materials, and supplies that are consumed in, incorporated into, or affixed to an infrastructure project. As such, it does not apply to tools, equipment, and supplies, such as temporary scaffolding, brought to the construction site and removed at or before the completion of the infrastructure project. Nor does a Buy America preference apply to equipment and furnishings, such as movable chairs, desks, and portable computer equipment, that are used at or within the finished infrastructure project, but are not an integral part of the structure or permanently affixed to the infrastructure project.</p> <p><br></p> <p><br></p> <p>Grants are available to State and Tribal Governments for construction or renovations of State/Tribal owned and operated Veterans Extended Care Facilities. The Department of Veterans Affairs participation may not exceed 65% of the total project costs. Review governing regulation before submitting an application (38 CFR Part 59). If the state is submitting a&nbsp;<u>new</u>&nbsp;grant application, it must submit a&nbsp;<u>complete</u>&nbsp;initial application (Section A of the project checklist) on Grants.gov by April 15th in order to be eligible for listing on the Priority List for the next fiscal year. Once the&nbsp;<u>complete</u>&nbsp;initial application is retrieved from Grants.gov by Program Staff, the grant applicant will receive 1) an automated notification from Grants.gov confirming receipt by the Program and 2) an email from Program Staff indicating the application's FAI number and corresponding project page in MAX.gov for submission of subsequent items. Note that Grants.gov is used only once to submit a&nbsp;<u>new</u>&nbsp;grant application. Applicants must submit&nbsp;<u>complete </u>initial applications on&nbsp;Grants.gov&nbsp;in order to be considered. Please contact Program Staff prior to submission if you need assistance understanding the requirements pertaining to an initial grant application, or if you need general assistance. Renovation or Life Safety initial grant applications require items&nbsp;A.1.-A.7. in Section A of the project checklist. Grant applicants,&nbsp;<u>do not</u>&nbsp;submit items A.8.-.A.13 for Renovation of Life Safety grants.&nbsp;Adult Day Health Care, New Home Construction or Bed Replacement initial grant applications require all items in Section A (A.1.-A.13)&nbsp;of the project checklist.</p> <p><br></p> <p><strong><u>Required for ALL applications</u></strong></p> <ul> <li>&nbsp;A.1.A Project Scope&nbsp;</li> <li>A.1.B Form SF424</li> <li>A.1.C Form SF424D</li> <li>A.1.D Form SF424C</li> <li>A.1.E Budget Justification Worksheet&nbsp;(must align with SF424C budget form)</li> <li>A.2. Governor's designation of authorized state official and contact person</li> <li>A.3. Needs assessment&nbsp;(as outlined in VA Form 10-0388-1)</li> <li>A.4. State Clearinghouse Comments (E.O. 12372) single point of contact and compliance statement</li> <li>A.5. Schematics</li> <li>A.6.&nbsp;Signed Initial Application Certification VA&nbsp;Form 10-0388-1</li> <li>&nbsp;A.7. Safety citation/letter (Only Life Safety projects need to submit this).</li> </ul> <p><br></p> <p><strong><u>Required for Adult Day Health Care, Bed Replacement or New Construction - Items A1-A6 and the below items</u></strong></p> <ul> <li>A.8.&nbsp;Space program analysis&nbsp;(NHC use Form&nbsp;10-0388-3,&nbsp;ADHC use&nbsp;Form&nbsp;10-0388-4)&nbsp;</li> <li>A.9. Five-year capital plan for state's entire state home program</li> <li>A.10. Financial plan for state facility's first three years of operation</li> <li>A.11. Documentation that there is a&nbsp;reasonable&nbsp;basis to conclude that the facility when complete will be fully occupied</li> <li>A.12. Authorized state official's certification of the total number of state-operated nursing home and domiciliary beds and occupancy rate</li> <li>A.13. Authorized state official's certification that the number of state home beds does not exceed the requirement in 38 CFR 59.40 or justification for number of state home beds exceeding 38 CFR 59.40 based on travel distance</li> </ul> <p><br></p>",Possible,No,Health and direct-care workforce,Aging,Yes,Unknown,NA,NA,NA,NA,NA,NA,NA,NA
A20AC00017,Osage Nation Wildland Fire Response,<p>Award Notice ONLY - Osage Nation wildland fire response</p>,Unclear,No,No keyword match,Unknown,No,Unknown,NA,NA,NA,NA,NA,NA,NA,NA
L20AS00080,USDA/USDOI Joint Fire Science Program (JFSP),"<p><strong>GRANT OPPORTUNITY FORECAST</strong></p> <p><strong>USDA/USDOI Joint Fire Science Program (JFSP)</strong></p> <p><strong>Funding Opportunity Announcement (FOA):&nbsp;July – September 2020</strong></p> <p><strong>Potential Topics</strong></p> <p>March 2020</p> <p><br></p> <p><strong>Background</strong></p> <p>The interagency Joint Fire Science Program (JFSP) intends to request proposals through one or more formal Funding Opportunity Announcements (FOA) beginning approximately July 2020 and remaining open 60 days. The intent of this announcement is to provide an early alert to investigators interested in the topics listed below so that they can begin considering responsive ideas with potential partners and collaborators.</p> <p><br></p> <p>Investigators should recognize that final decisions regarding topic selection will not be made until Spring of 2020 and that final topic selection may differ from that posted here. One or more topics could be dropped or added, and the specific focus of individual topics may be altered. Investigators should recognize this uncertainty and not invest substantial time or resources working on proposals until the FOAs and their associated topics are formally posted.</p> <p><br></p> <p><strong><em>Investigators should not contact the JFSP Office or Governing Board members seeking further information on these topics. No further information will be released until the FOAs are formally posted.</em></strong></p> <p><br></p> <p><strong>&nbsp;Primary FOA</strong></p> <p><strong>A.</strong> <strong>Relative impacts of prescribed and wildland fire</strong></p> <p>Although the documented benefits of prescribed fire are numerous including habitat improvement and hazardous fuel reduction, there are drawbacks as well, such as reductions in air quality, which may impact human health. Prescribed fire is often implemented with the assumption that it will mitigate the effects of uncontrolled wildfire, because prescribed fire has been shown to reduce the intensity of subsequent wildfire under certain conditions. This is desirable because the impacts of wildfire are usually of a higher magnitude, larger in size and intensity, and pose a risk to public safety. To fully evaluate the trade-offs between prescribed fire programs and current wildfire impacts, an assessment framework is vital. Currently, there is little information on the spatial scale, frequency and spatial pattern at which prescribed fire begins to have an impact on subsequent wildfire extent, intensity and severity.&nbsp;As a result, JFSP is interested in proposals that improve our understanding of the relationship between prescribed fire programs and subsequent wildfire characteristics and this information is needed across a variety of vegetation types and regions.</p> <p><br></p> <p><strong> B.</strong> <strong>Types and distribution of ignitions and their relation to fire size and impacts</strong></p> <p>One approach to reducing the negative impacts of wildfire to social and ecological values is to reduce the occurrence of human-caused wildfire ignitions with targeted wildfire prevention strategies. Planning and implementing effective fire prevention strategies requires detailed knowledge of the temporal and spatial distribution of different wildfire ignition sources (e.g., arson, accidental, lightning) and factors that influence whether different ignition sources lead to development of large wildfires. As a result, JFSP is interested in proposals that evaluate driving factors for the spatial and temporal distribution of ignitions and the effectiveness of different fire prevention actions as they relate to different human-caused ignitions.</p> <p><br></p> <p><strong>C. Science in support of fuel treatment performance metrics</strong></p> <p>While it is relatively easy to document changes in fuels conditions following treatments at finer spatial scales, there is currently no objective framework to link fuel conditions to desired outcomes (e.g., reducing fire intensity and severity, improving fire suppression efficacy, reducing resource loss) at the landscape level. Such information is critical for developing cost-effective strategies to address the threats of wildfire. One possible strategy is to consider the evaluation of fuels treatment programs using a risk framework, where the probability and intensity of wildfire is considered in conjunction with valued resources. The development of a risk framework should assist agencies in measuring the extent and duration of risk reduction that could be achieved from a given fuel treatment. As a result, JFSP is interested in proposals that improve our understanding of the impacts of fuels treatments on fire suppression efficiency and protection of valued resources including the development of fuel treatment performance metrics at landscape scales.&nbsp;</p> <p><br></p> <p><strong>GRIN FOA - Graduate Research Innovation (GRIN) Award</strong></p> <p>In partnership with the Association for Fire Ecology, the Joint Fire Science Program (JFSP) will likely continue the Graduate Research Innovation (GRIN) program for current master and doctoral students in the field of wildland fire and related physical, biological, and social sciences. The purpose of these awards is to enhance student exposure to the management and policy relevance of their research. As a result, these awards will enable graduate students to conduct research that will supplement and enhance the quality, scope, or applicability of their thesis or dissertation to develop information and products useful to managers and decision-makers.</p> <p><br></p> <p>Proposals must describe new, unfunded work that extends ongoing or planned research that is the subject of a thesis or dissertation that has been approved by the graduate student’s advisory committee. Proposals must be directly related to the mission and goals of JFSP to be considered, and they must address management- or policy-related questions related to<span style=""color: black;""> one or more of the following general topic areas: fuels management and fire behavior, emissions and air quality, fire effects and post-fire recovery, relative impacts of prescribed fire versus wildfire, or human dimensions of fire.</span></p> <p><br></p> <p><strong style=""color: black;""><em>Note</em></strong><span style=""color: black;"">: The specific topics eligible for GRIN proposals identified in the FOA may differ from those listed above.</span></p> <p><br></p> <p><br></p>",Unclear,No,Opioid and substance use,Unknown,Yes,Yes,NA,NA,NA,NA,NA,NA,NA,NA
L26AS00064,FY26 Bureau of Land Management Youth Conservation Corps - Bureau wide,"The Headquarters Bureau of Land Management (BLM) offices have collaborated with Qualified Youth Corps, as authorized by the Public Lands Corps Act (PLC), to accomplish natural and cultural resource-focused projects for numerous years. This program""s projects provide opportunities to gain work experience in public lands and natural resources management. Through their BLM experience, youth gain an appreciation for public lands, learn about natural resource management careers, and become the next generation of public lands stewards. The BLM Youth Program helps the agency accomplish projects across all program areas in support of the BLM""s multiple-use mission. The BLM Youth Program partners with qualified youth corps through the Public Lands Corp (PLC) Program to engage individuals between the ages of 16 and 30 (inclusive) and veterans up to age 35 (inclusive), including tribal members. The PLC program mandates employing youth who are interested in working on natural and cultural resource projects that protect public lands.Projects available under the PLC Program are developed in collaboration with the State Youth Program Lead and District/Field Office project coordinators. The projects emphasize hands-on engagement in on-the-ground projects, skill development training, and mentorship opportunities for participants. These projects create jobs that strengthen America""s economy and foster relationships with youth corps organizations striving for balanced stewardship and use of public lands.Proposed projects within this funding opportunity notice will support the goals of the PLC Program and may also incorporate the goals of the Indian Youth Service Corps Program through outreach to Indian tribes and tribal-serving youth corps organizations. Projects will include the following:Enhancement of recreation opportunities through trail building, maintenance and restoration, and other improvements to visitor and recreation facilities (e.g. kiosks, campgrounds, signage etc.).Monitoring riparian area vegetation and hydrological functions, collecting soil and stream data as well as timber stand improvement projects for wildlife habitat and overall forest health.Habitat restoration and wildlife protection, including reduction of invasive species, tree planting, fence removal/installation, riparian area restoration, etc.Development and implementation of natural and cultural resource stewardship plans or educational materials for visitors.Studies such as resource inventories, historic or archival research, archaeological excavation or stabilization, oral histories, historic preservation, habitat surveys, etc.Preservation of cultural resources, including historic structures.Seed collection for restoration of lands affected by natural disastersReduction of wildfire risk to communities, watersheds, and other public land ecosystems.Production of materials and programs on natural, cultural, and/or paleontological resources, communication, education, and interpretation of natural and cultural resources.In-house projects, such as cartography, records management, realty or wildland fire support, must demonstrate a clear benefit to natural or cultural resources and include a field component of at least 120 hours.",Possible,No,Child and family well-being,Cross-division,Yes,Unknown,NA,NA,NA,NA,NA,NA,NA,NA
P26AS00146,Readiness and Recreation Initiative (RARI) – Recurring 5 Year Notice,"<p>This Notice of Funding Opportunity (NOFO) invites applications for the Readiness and Recreation Initiative (RARI), administered by the National Park Service (NPS). The purpose of the program is to: 1) provide outdoor recreation opportunities, and 2) promote or support compatible land uses and avoid incompatible development in areas in the vicinity of, or ecologically related to, a military installation or military airspace, and/or to maintain or enhance disaster resilience. RARI is a program within the Land and Water Conservation Fund (LWCF). State and Local Assistance Program. RARI funding is available in addition to traditional LWCF state formula grants and does not affect state apportionments. RARI operates in partnership with the Department of War (DOW) and seeks to leverage funding across departments to benefit the general public and military communities. RARI is dollar for dollar match, meaning it covers up to 50% of all project costs and applicants are responsible for funding the remaining 50% of project costs. However, for RARI projects, DOW Readiness and Environmental Protection Integration (REPI) funds are allowable to meet the LWCF Act's cost-share requirement (10 U.S.C. 2684a). Therefore, 100% of project costs could be funded through these two federal programs. To be eligible, proposed projects must: Include a land acquisition component. Be in a Readiness and Environmental Protection Integration (REPI) Partnership Opportunity Area or Sentinel Landscape. Have a Letter of Support from a Military Installation or Range commander.1 Additional LWCF requirements for the RARI program: Perpetuity Requirement - Projects assisted through RARI must be maintained and accessible exclusively for public outdoor recreation use in perpetuity. This applies to the assisted park or site in its entirety, not just the area assisted by the grant funds. Alignment with LWCF Law and Policy - As an LWCF program, RARI projects must align with the purposes and requirements of the LWCF Act and LWCF Manual. This includes meeting a priority need or goal identified in the Statewide Comprehensive Outdoor Recreation Plan (SCORP). Alignment with National Priorities – Projects must be responsive to Executive and National priorities, including those outlined in Executive Order 14313, ""Establishing the President's Make America Beautiful Again Commission"" and Secretarial Order 3442, ""Land and Water Conservation Fund Implementation by the U.S. Department of the Interior.""</p>",Yes,No,Disaster recovery and resilience,Cross-division,Yes,Unknown,NA,NA,NA,NA,NA,NA,NA,NA
F26AS00051,F26AS00051_FY 2026 Competitive State Wildlife Grant (C-SWG) Program_Funding Opportunity Announcement,"The Competitive State Wildlife Grant (C-SWG) Program provides Federal cost-sharing awards that help the State, Territory, and District of Columbia fish and wildlife agencies and their regional associations design and implement proactive conservation programs benefiting wildlife and their habitats. Proactive approaches to conservation help these recipients and their conservation partners avoid more prescriptive Federal regulatory requirements associated with species listing under the Endangered Species Act.The C-SWG Program prioritizes implementation of conservation actions described in the State and Territory Wildlife Action Plans (Plans). Projects must benefit one or more species of greatest conservation need or their habitats as identified in the Plans.This announcement provides complete information on preparing and submitting an application, including details on award tiers, partnership requirements, and the maximum Federal share of an award. The award tiers and related requirements are intended to encourage partnerships dedicated to cross-jurisdictional conservation efforts supporting landscape-scale conservation.",Possible,No,No keyword match,Unknown,No,Unknown,NA,NA,NA,NA,NA,NA,NA,NA
L26AS00045,FY26 Bureau of Land Management Wildlife Resource Management Program - Bureau wide,"The BLM Wildlife Program, including the Sage-Grouse Conservation Program, implements statutory authorities to address the management of wildlife resources on the public lands for the social and economic well-being of all Americans. Specific BLM Wildlife Program priorities include: 1. protection, maintenance, and development of wildlife habitat; 2. wildlife reintroduction and propagation; 3. field study programs involving wildlife; 4. law enforcement; 5. educational programs; 6. toxicity/mortality investigations and monitoring; 7. wildlife damage management; 8. management activities affecting wildlife and their habitat. The BLM Wildlife Program works with partner organizations to meet the goals above on national, regional, or state-scales by:Implementing management actions such as the implementation of grassland, shrubland, forest, riparian, and other plant community treatments that fulfill statutory and legal requirements, align with approved land use plans, and support habitat objectives for priority wildlife species, including upland game, waterfowl, big game, non-game, and watchable wildlife.Collaborating with state fish and wildlife agencies, and other partners, on efforts that conserve and restore habitats in priority winter ranges and migration corridors for elk, deer, and pronghorn on BLM-managed lands, in support of Secretary's Order 3362 ""Improving Habitat Quality in Western Big-Game Winter Range and Migration Corridors.""Collecting and analyzing monitoring and inventory data on priority species and habitats including terrestrial and aquatic plant communities, to assess status and trends, inform plan implementation, improve management effectiveness, and support Administration priorities.Enhancing efficiency by integrating and sharing coordinated wildlife and habitat monitoring data to streamline decision-making and management actions.Coordinating with state agencies and other partners to support recovery and augmentation of species identified in State Wildlife Action Plans through proactive, voluntary, on-the-ground collaborative conservation efforts.Collaborating with state agencies and other partners under the Sikes Act to develop and implement fish and wildlife conservation and habitat improvement projects, including grassland, shrubland, forest, riparian, and other plant community treatments.Developing and implementing activity plans and Habitat Management Plans (HMPs) in partnership with state agencies and other partners to address habitat needs for regionally important species, including big game, waterfowl, upland game, and non-game species. Providing wildlife habitat management training opportunities to support effective plan implementation, meet legal mandates, and advance agency and Administration priorities.The following Administration priorities are applicable to this program:Executive Order (EO) 13443, Facilitation of Hunting Heritage and Wildlife ConservationEO 14192 - Unleashing Prosperity Through DeregulationEO 14303 - Restoring Gold Standard ScienceEO 14225 - Immediate Expansion of American Timber Production EO 14313 - Establishing the President's Make America Beautiful Again CommissionSO 3356 - Hunting, Fishing, Recreational Shooting, and Wildlife Conservation Opportunities and Coordination with States, Tribes, and TerritoriesSO 3362 - Improving Habitat Quality in Western Big-Game Winter Range and Migration CorridorsSO 3421 - Achieving Prosperity through DeregulationSO 3447 - Expanding Hunting and Fishing Access, Removing Unnecessary Barriers, and Ensuring Consistency Across the Department of the Interior Lands and WatersOne Big Beautiful Act, H.R. 1, 119th Cong. (2025)",Possible,No,Opioid and substance use,Unknown,Yes,Unknown,NA,NA,NA,NA,NA,NA,NA,NA
L26AS00057,FY26 Bureau of Land Management Invasive and Noxious Plant Management - Bureau wide,"BLM Invasive and Noxious Plant Management Programs work to prevent, detect, inventory, control, and monitor weed populations on public lands.Invasive species cost the public millions of dollars in control and management each year and many invasive plants and noxious weeds are highly competitive and have the ability to permanently degrade our public lands.Noxious weeds and invasive species expansion are recognized as the single greatest threat to our native plant communities and the values they provide us.These native plant communities are essential for supporting wildlife habitat, watershed function, recreation opportunities, rural economies and working landscapes.Invasive plants and noxious weeds affect plant and animal communities on farms and ranches, and in parks, waters, forests, natural areas, and backyards in negative ways.Human activity such as trade, travel, and tourism have all increased substantially, escalating the speed and volume of species movement to unprecedented levels.Increased site vulnerability from wildfires that are more frequent and other disturbances is an ongoing challenge to maintaining the integrity of our native plant communities.Noxious weeds are particularly aggressive plants legally designated by states as being injurious to public health, the environment or the economy.Invasive species and noxious weeds adversely affect overall recreational opportunities on public land i.e., hunting, fishing, camping, hiking, watershed health and ecosystem function, which result in economic losses in rural and urban communities.Invasive species and noxious weeds affect adjacent private lands, both rural and urban, causing widespread economic losses to the agricultural industry as well as to other resources.Advance early detection rapid response.Enhance emergency stabilization and burned area rehabilitation. Advance education, awareness, and citizen science relative to invasive species. Conduct invasive species treatments to protect resource values on public lands.Support classical biological control agent development.",Possible,No,Rural access and telehealth,Cross-division,No,Unknown,NA,NA,NA,NA,NA,NA,NA,NA
G26AS00159,Cooperative Agreement for Affiliated Partner with the Californian Cooperative Ecosystem Studies Unit (CESU),"The U.S. Geological Survey's (USGS) Western Fisheries Research Center in partnership with the Grand Canyon Science Center and Wetland and Aquatic Research Center solicits technical assistance from a CESU partner to: a) integrate a novel road network model into an existing invasive quagga and zebra mussel risk assessment model for Washington State; and b) expand that model to establish a standardized risk assessment for golden mussels in California. This new optimization framework will be designed to identify ideal locations for mitigation interventions like watercraft inspection and decontamination (WID) stations and ""clean-drain-dry"" information campaigns. This work will leverage a collaborative multi-year effort that developed standardized risk assessment models in the Missouri and Columbia river basins (Raymond et al. 2024 and 2026). This risk-based approach is being done as part of a call to action by state and federal resource managers in Washington State and California. USGS staff will provide model development guidance, assist with gathering needed datasets, and will help facilitate relationships with state and federal resource management partners. This work supports the President's Executive Order 14154 – Unleashing American Energy (January 20, 2025 and adjoining Interior Secretarial Order 3418 -Unleashing American Energy (February 3, 2025) as well as Executive Order 14156 - Declaring a National Energy Emergency (January 20, 2025) by protecting numerous hydro-electric facilities and ensuring reliable energy is readily accessible. It protects new water delivery infrastructure investments associated with Executive Order 14181 - Emergency Measures to Provide Water Resources in California and Improve Disaster Response in Certain Areas (January 24, 2025). It also ensures that the ""Gold Standard of Science"" (Executive Order 14303- Restoring Gold Standard Science (May 23, 2025) is being applied to issues of significant economic, safety, and security importance to the nation.",Unclear,No,Disaster recovery and resilience,Emergency Management,No,Unknown,NA,NA,NA,NA,NA,NA,NA,NA
R26AS00079,Title XVI Water Reclamation and Reuse Projects,"Through WaterSMART, the Bureau of Reclamation (Reclamation) leverages Federal and non- Federal funding to work cooperatively with States, Tribes, and other entities as they plan for and implement actions to increase water supply and hydropower reliability. The WaterSMART Program demonstrably advances Trump administration priorities, such as those identified in Presidential Executive Order 14154 (January 20, 2025): Unleashing American Energy (E.O. 14154) and Secretarial Order 3418, and aligns with other priorities and requirements, such as those identified in Presidential Executive Order 14332 (August 7, 2025): Improving Oversight in Federal Grantmaking (E.O. 14332). The WaterSMART Title XVI Water Reclamation and Reuse Projects NOFO invites eligible applicants to submit proposals for the planning, design, and/or construction of water reclamation and reuse projects. Title XVI projects develop and supplement urban and irrigation water supplies through water reuse, which provides growing communities with new sources of clean water, increases water management flexibility during times of shortage, and makes the water supply more reliable.",Unclear,No,"Maternal, infant, reproductive health",Unknown,No,Yes,NA,NA,NA,NA,NA,NA,NA,NA
G26AS00155,Cooperative Agreement for Affiliated Partner with the Great Lakes – Northern Forest Cooperative Ecosystem Studies Unit (CESU),"The U.S. Geological Survey (USGS) is offering a funding opportunity to a CESU partner for wildlife disease molecular diagnostic testing and capacity building. The USGS National Wildlife Health Center (NWHC) plays a critical role in identifying causes of morbidity and mortality in wildlife through comprehensive diagnostic services. Among the vital diagnostic disciplines, parasitology has historically contributed to identifying and characterizing numerous etiologies utilizing an integrative taxonomic and molecular approach. The NWHC is currently experiencing a gap in essential parasitology services. This work proposes to strengthen parasitology capacity at NWHC to meet diagnostic and surveillance needs in support of wildlife health, national security, and public safety.By strengthening NWHC's capacity to detect, characterize, and monitor parasitic diseases in wildlife, generating high-quality reference data, and sharing results and expertise with federal, state, Tribal, and other partners, the work helps safeguard people, property, and wildlife resources while supporting safe recreation and subsistence uses of DOI lands and waters.This work aligns with EO 14239 - Achieving Efficiency Through State and Local Preparedness (March 19, 2025); by strengthening state–federal coordination and state preparedness for high consequence parasitic diseases through wildlife parasite surveillance and decision support. It supports SO 3421- Achieving Prosperity through Deregulation (February 3, 2025); by improving early detection, surveillance, and risk assessment for wildlife, thereby reducing the likelihood that vulnerable wildlife species will require Endangered Species Act protections and helping avoid added regulatory burdens. In addition, by conserving wildlife populations that provide substantial ecological and economic services on working lands and public lands, this work aligns with EO 14313-Establishing the President's Make America Beautiful Again Commission (July 3, 2025);, which directs federal land management agencies to promote responsible stewardship of natural resources while driving economic growth and expanding access to outdoor recreation. Finally, it supports SO 3441- Implementing the Requirements of Executive Order 14303, Restoring Gold Standard Science (August 29, 2025); and EO 14303 - Restoring Gold Standard Science (May 23, 2025); through rigorous national surveillance, standardized diagnostics, and transparent, science-based tools for assessing and managing disease risks in wildlife.",Unclear,No,No keyword match,Cross-division,Yes,Unknown,NA,NA,NA,NA,NA,NA,NA,NA
G26AS00156,Cooperative Agreement for Affiliated Partner with the Alaska Cooperative Ecosystem Studies Unit (CESU),"This Notice of Funding Opportunity (NOFO) is for a U.S. Geological Survey (USGS) National and Regional Climate Adaptation Science Center (NRCASC) competitive research award to a CESU partner.Projects supported under this cooperative agreement should advance Administration priorities, including, but not limited to, American energy dominance, critical mineral development, water security, infrastructure resilience, and natural hazard preparedness. Research and activities may incorporate scientific expertise in areas such as hydrology, geology, geospatial science, biosecurity, and near-earth space science, including extreme events such as drought, flooding, wildland fire, coastal erosion, severe storms, and geologic hazards, to develop actionable science, data, and tools that support informed decision-making by resource managers and stakeholders.The NRCASC program provides rigorous science and transparent communication) (EO 14303- Restoring Gold Standard Science (May 23, 2025)/SO 3441-Implementing the Requirements of Executive Order 14303, Restoring Gold Standard Science, May 23, 2025 (August 29, 2025) that advances administration and departmental priorities on wildfire science, (EO 14308- Empowering Commonsense Wildfire Prevention and Response (June 12, 2025)/SO 3443-Elevating and Unifying DOI's Wildland Fire Management Program (September 10, 2025), hazard and risk assessments that enhance local preparedness (EO 14239- Achieving Efficiency Through State and Local Preparedness (March 18, 2025), the development of Alaska's resource potential (EO 14153- Unleashing Alaska's Extraordinary Resource Potential (January 20, 2025)/SO 3422- Unleashing Alaska's Extraordinary Resource Potential (February 3, 2025), American energy potential EO 14154- Unleashing American Energy (January 20, 2025)/SO 3418-Unleashing American Energy (February 3, 2025)/SO 3417-Addressing the National Energy Emergency (February 3, 2025)/SO 3438-Managing Federal Energy Resources and Protecting the Environment (August 1, 2025), the strategic use of Artificial Intelligence SO 3444-Leading Interior's Path to Artificial Intelligence Transformation (September 17, 2025), and natural resource stewardship that balances the needs of ecosystems, communities, and the economy (EO 14313-Establishing the President's Make America Beautiful Again Commission (July 3, 2025), EO 14225-Immediate Expansion of American Timber Production (March 1, 2025).In Alaska's boreal forests, spruce beetle outbreaks have expanded northward with changing temperatures, often resulting in extensive mortality in spruce forests. These widespread mortality events create opportunities for invasive plants, such as the European bird cherry, to invade and reshape the forest. This project will investigate how spruce beetle disturbances influence the establishment and spread of invasive European bird cherry; how invasion subsequently affects the regeneration of spruce and other native plants following beetle outbreaks; and how changing temperatures, drought, and other weather events alter the interaction between disturbance and invasion in boreal forest ecosystems. Project outcomes will inform management decisions made by partners, including the U.S. Forest Service and the Alaska Division of Forestry and Fire Protection, to control invasive species and promote forest recovery after disturbances. This work will support the implementation of EO 14313 -Establishing the President's Make America Beautiful Again Commission (July 3, 2025) through science-based conservation of natural resources and strengthening the capacity of agencies and communities to safeguard vulnerable ecosystems from biological degradation.",Unclear,No,Opioid and substance use,Cross-division,No,Unknown,NA,NA,NA,NA,NA,NA,NA,NA
GR-RDC-25-002,RESTORE Act Direct Component - Non-Construction Activities,"<p>Treasury is publishing multiple funding opportunity announcements (FOAs) for its RESTORE Act grant programs. This announcement applies only to the Direct Component and is only for applications for eligible non-construction activities, including projects with or without a non-federal cost-share for another federally funded project or program. This announcement also includes planning assistance needed to prepare the Multiyear Implementation Plan (Multiyear Plan) required by the RESTORE Act. To apply for eligible activities involving construction and/or acquisition of real property or any other activity that requires a permit from a federal or state agency, including natural resource restoration projects, applicants should use the construction and real property acquisition funding opportunity announcement (GR-RDC-25-002).Trust Fund amounts are available to carry out eligible activities described in the RESTORE Act and Treasury’s implementing regulations at 31 CFR 34.201. These are: 1) Restoration and protection of the natural resources, ecosystems, fisheries, marine and wildlife habitats, beaches and coastal wetlands of the Gulf Coast region. 2) Mitigation of damage to fish, wildlife, and natural resources. 3) Implementation of a Federally- approved marine, coastal, or comprehensive conservation management plan, including fisheries monitoring. 4) Workforce development and job creation. 5) Improvements to or on State parks located in coastal areas affected by the Deepwater Horizon oil spill. 6) Infrastructure projects benefitting the economy or ecological resources, including port infrastructure. 7) Coastal flood protection and related infrastructure.8) Promotion of tourism in the Gulf Coast region, including promotion of recreational fishing. 9) Promotion of the consumption of seafood harvested from the Gulf Coast region. 10) Planning assistance. 11) Administrative costs. Eligible activities 1 through 7 listed above must be carried out in the Gulf Coast region.</p>",Yes,No,Health and direct-care workforce,Unknown,No,Unknown,NA,NA,NA,NA,NA,NA,NA,NA
GR-RCE-25-001,RESTORE Act Centers of Excellence Research Grants Program,"<p>Treasury is publishing multiple funding opportunity notices for its RESTORE Act grant programs. This announcement applies only to the Centers of Excellence Research Grants Program.Trust Fund amounts are available to establish one or more Centers of Excellence through competitive subawards to nongovernmental entities and consortia in the Gulf Coast Region, including institutions of higher education. Funds may be used to establish Centers of Excellence, and by those Centers of Excellence for science, technology, and monitoring in one or more of the following disciplines as described in the RESTORE Act and Treasury’s implementing regulations at 31 CFR 34.704: 1) Coastal and deltaic sustainability, restoration, and protection, including solutions and technology that allow citizens to live in a safe and sustainable manner in a coastal delta in the Gulf Coast Region. 2) Coastal fisheries and wildlife ecosystem research and monitoring in the Gulf Coast Region. 3) Offshore energy development, including research and technology to improve the sustainable and safe development of energy resources in the Gulf of Mexico. 4) Sustainable and resilient growth, economic and commercial development in the Gulf Coast Region. 5) Comprehensive observation, monitoring, and mapping of the Gulf of Mexico.Eligible applicants issuing subawards to Center(s) of Excellence must establish and implement a program to monitor compliance with its subaward agreements.</p>",No,Yes,No keyword match,Unknown,No,Unknown,NA,NA,NA,NA,NA,NA,NA,NA
EPA-OLEM-OBLR-26-01,FY27 Brownfields Job Training (JT) Grants,"<p>This notice announces the availability of funds and solicits applications from eligible entities to deliver Brownfields Job Training programs that recruit, train, and place local, unemployed, and underemployed residents with the skills needed to secure full-time employment in the environmental field.</p><p>Brownfields Job Training Grants fund training programs that strengthen local workforces by preparing program graduates for environmental jobs that support cleanup and revitalization efforts in their own communities.</p><p>Training may include a range of brownfield-related environmental skills such as the assessment and cleanup of solid and hazardous waste; chemical risk management; stormwater management relating to site cleanup; planning and site preparation for low-impact development activities; site preparation for green infrastructure installation; and vulnerability assessment and contamination mitigation planning.</p><p>Please carefully review Section 4.E. of these guidelines, Section IV of EPA NOFO Clauses, and the Frequently Asked Questions, which can be found at https://www.epa.gov/brownfields/frequently-asked-questions-about-brownfields-job-training-jt-grants. A checklist of required application forms and documents is in Section 4.A.</p><p>For the purposes of these guidelines, the term “grant” refers to the cooperative agreement that EPA will award to a successful applicant. In this Notice of Funding Opportunity (NOFO), “Project” refers to the applicant’s proposed Brownfields Job Training effort to be funded under this competition. Unless otherwise noted, “training program” is used synonymously with “project.”</p>",Unclear,No,Health and direct-care workforce,Unknown,No,Unknown,NA,NA,NA,NA,NA,NA,NA,NA
EPA-OW-OWOW-26-01,Fiscal Year (FY) 2026 Funding Opportunity for Indian Tribes and Intertribal Consortia for Nonpoint Source Management Grants Under Clean Water Act Section 319,<p>The purpose of this Notice of Funding Opportunity (NOFO) is to support eligible Tribes and intertribal consortia to implement approved Nonpoint Source (NPS) management programs developed pursuant to CWA Section 319(b)(1). The Clean Water Act (CWA) Section 319(h) authorizes the EPA to award grants to eligible Tribes and intertribal consortia to implement approved NPS management programs. This NOFO will fund implementation of best management practices (BMPs) and measures that have been outlined in Tribal NPS Management Program Plans to address NPS pollution sources that have been identified in a Tribe’s Assessment Report.</p><p>Eligible applicants to this Notice of Funding Opportunity (NOFO) are federally recognized Tribes and intertribal consortia that meet the eligibility requirements described in Section 2.A.</p>,Unclear,No,No keyword match,Unknown,Yes,Unknown,NA,NA,NA,NA,NA,NA,NA,NA
030ADV26R0050,Lewis-Houghton Civics and Democracy Initiative: New Awards for 2027-2029,"<p>This funding opportunity is authorized under the “Legislative Branch Appropriations Act of 2023” (Pub. L. 117-389 (H.R. 8237)), subject to availability of funding. The resulting awards will be subject to the Library of Congress Regulation (LCR) 7-310. In addition, while the Library, as a legislative agency, is not subject to <a href=""https://www.ecfr.gov/current/title-2/subtitle-A/chapter-II/part-200?toc=1"" target=""_blank"">2 CFR 200 – Uniform Administrative Requirements, Costs Principles and Audit Requirements for Federal Awards</a>, the resulting awards will be subject to selective provisions of 2 CFR 200 as determined by the Library and indicated in this NOFO.&nbsp;&nbsp;&nbsp;</p> <p><br></p> <p><strong>About the Library of Congress</strong></p> <p>The Library of Congress is the largest library in the world, with <a href=""https://www.loc.gov/about/general-information/#year-at-a-glance"" target=""_blank"">millions of books, films and video, audio recordings, photographs, newspapers, maps and manuscripts</a> in its collections. The Library is the main research arm of the U.S. Congress. It is the nation’s oldest federal cultural institution.</p> <p><br></p> <p>The Library’s mission is to engage, inspire, and inform Congress and the American people with a universal and enduring source of knowledge and creativity.</p> <p><br></p> <p><strong>About the Teaching with Primary Sources Program (TPS)</strong></p> <p>The Teaching with Primary Sources program (<a href=""http://www.loc.gov/teachers"" target=""_blank"">www.loc.gov/teachers</a>) has been the Library of Congress’s premier educational grant program since 2006. The goals of the program have included providing instructional materials, tools, education and professional development that enhance teachers’ ability to integrate digitized primary sources from the Library of Congress into instruction that builds student literacy, critical thinking skills, content knowledge and ability to conduct original research. Since the establishment of the Center for Learning, Literacy and Engagement in 2018, and the release of the Library’s 2024-2028 Strategic Plan, the TPS goals both influence and reflect the Library’s broader outreach goals.</p> <p>&nbsp;</p> <p><strong>About the Lewis-Houghton Civics and Democracy Initiative (LHI)</strong></p> <p>Named in honor of Rep. John R. Lewis (D-GA) and Rep. Amo Houghton (R-NY), the Lewis-Houghton Civics and Democracy Initiative (LHI) is included under the Teaching with Primary Sources (TPS) program. In the joint explanatory statement for the Legislative Branch Appropriations Act, 2023, Congress established the Lewis-Houghton Civics and Democracy Initiative and appropriated funds to the Library of Congress to award grants to eligible organizations within the United States (U.S.) and its territories to develop digitally-enabled, creative arts-driven projects focused on using the digitized primary sources of the Library of Congress to teach history, civics and/or democracy. More information and a description of past LHI-funded projects can be found at: <a href=""https://www.loc.gov/programs/teachers/about-this-program/teaching-with-primary-sources-partner-program/lewis-houghton/"" target=""_blank"">https://www.loc.gov/programs/teachers/about-this-program/teaching-with-primary-sources-partner-program/lewis-houghton/</a>.</p> <p>&nbsp;</p> <p><strong>TPS Educational Consortium</strong></p> <p>Grantee organizations become members of the TPS Educational Consortium. They include a wide variety of educational organizations including school districts, libraries, cultural institutions, universities and technology firms that have received Library funding to deliver teacher professional development, create teaching materials and develop apps and online interactives, based on Library of Congress materials.</p> <p><br></p> <p>TPS Consortium members are valued as “Connectors” who help the Library achieve its vision of connecting to all Americans. TPS Consortium members extend the Library’s reach by connecting hundreds of thousands of American educators and learners, including K-12 teachers and their students, to Library of Congress methods and materials. Consortium members collaborate, co-create, share ideas, network and actively participate as an educational community.</p> <p><br></p> <p>&nbsp;<strong>Purpose</strong></p> <p>The purpose of this notice is for the Library of Congress to solicit project proposals from eligible organizations and select awardee organizations that will design and implement educational projects in which the Library’s music or creative arts-related digitized primary sources and other online materials are central to teaching and learning about history, civics, and/or democracy.</p> <p>&nbsp;</p> <p>Awards made under Lewis-Houghton Civics and Democracy Initiative must include rights-free materials from the Library’s music or creative arts digital collections, to develop curriculum, teaching materials, educational programs, pedagogical approaches, and/or other tools for history, civic and democracy instruction targeted toward middle and high school educators and learners.&nbsp;LHI awards should center on inquiry-driven analysis of primary sources, build learners’ civic skills and foster participation in our nation’s democracy.</p> <p>&nbsp;</p> <p>In addition to highlighting primary sources from the Library’s collections of music, dance, theater, visual arts, folk arts, film, photography, book arts, arts and literary manuscripts, and/or other creative arts, proposals may also include the use of arts-based pedagogies and other creative approaches. All proposals must expand the body of innovative strategies, tools, and materials for meaningful teaching and learning with Library of Congress materials.</p> <p>&nbsp;</p> <p>The focus of LHI awards includes the design of educational projects using Library of Congress materials for use in and outside of formal classroom settings. In addition to using Library primary sources to deliver history, civics, and/or democracy learning experiences integrating the arts, projects must address demonstrated educational needs of specific recipient populations and provide solutions that standard practice, documented experience, or research suggest would be effective. Organizations that receive LHI awards make up a subset of the TPS Educational Consortium whose work spans areas of interest including but not limited to arts integration, civics education, multimodal learning, and teaching with audiovisual primary sources.</p> <p><br></p> <p>Funded projects will support the Library’s mission to use its collections to connect with all Americans, including those representing multiple communities, beliefs and endeavors, to engage, inspire and inform Congress and the American people with a universal and enduring source of knowledge and creativity.</p> <p><br></p> <p>Projects must use the Library’s digital collections for one or more of the following approaches:</p> <p><br></p> <p>a)&nbsp;&nbsp;&nbsp;&nbsp;&nbsp;&nbsp;Deliver educational programming to various categories of educators and learners in secondary education (middle and high school);</p> <p>b)&nbsp;&nbsp;&nbsp;&nbsp;&nbsp;Create and distribute educational materials or tools for teaching specific content in history, civics, and/or democracy;</p> <p>c)&nbsp;&nbsp;&nbsp;&nbsp;&nbsp;&nbsp;Convene meetings of like organizations to devise strategies for furthering common learning and teaching goals with Library of Congress materials related to music and/or the arts; and/or</p> <p>d)&nbsp;&nbsp;&nbsp;&nbsp;&nbsp;Conduct research with significant practitioner involvement that investigates the impact of incorporating Library of Congress music and/or creative arts collections into history, civics, and/or democracy educational initiatives.</p> <p><br></p> <p><br></p> <p><strong>Questions and Answers</strong></p> <p><u>General Questions and Answers</u>: All questions relating to this Notice must be submitted via email to tps-grant@loc.gov no later than the date stated in Section B of the Notice (“General Questions Submission Deadline”). “The subject of each e-mail must read as follows: Notice 030ADV26R0050 – Lewis-Houghton Initiative New Awards – 2027.”</p> <p><br></p> <p>Answers will be provided in a Q&amp;A document uploaded to grants.gov. Questions received after the deadline(s) stated in Section B above may not be answered.</p> <p><br></p> <p><u>Technical Questions Submission:</u> Applicants experiencing problems with submitting proposals can request technical assistance until the date specified in Section B above (“Technical Questions Submission Deadline”).</p> <p><br></p>",Unclear,No,Child and family well-being,Social Services,Yes,Unknown,NA,NA,NA,NA,NA,NA,NA,NA
95332421K0004,Request for Information (RFI) No. 95332421K0004 - Community Engagement Services for the Solomon Islands Threshold Program,"<p><strong>Description of Anticipated Services</strong></p> <p><strong>&nbsp;</strong></p> <p>The Government of the United States of America, via the Millennium Challenge Corporation (MCC), and the Solomon Islands Government (SIG) expect to sign a Threshold Program Grant Agreement (Grant) in 2021 totaling US $23 million to support a 4-year program with the objective of implementing policy and institutional reforms that lead to a reduction in poverty through economic growth in Solomon Islands. The 4-year timeline for this program is expected to begin in April 2021. The Solomon Islands Threshold Program consists of two projects: the Accessing Land for Tourism Investment Facilitation (ALTIF) Project and the Forest Value Enhancement Project (FoVEP).</p> <p><br></p> <p>MCC is assessing the feasibility of awarding a community engagement cooperative agreement under the ALTIF Project to support the delivery of information, public outreach and awareness, training, and advisory assistance to communities that are located nearby land parcels with a high potential to attract tourism investment. The objective of this Request for Information (RFI) is to gauge the interest of non-profit organizations and for-profit companies, in bidding on a cooperative agreement and to assess organizational capabilities of individual organizations or a consortium of organizations to meet the requirements for the Project.</p> <p><br></p> <p><strong style=""color: black;""><em><u>THIS IS NOT A FUNDING OPPORTUNITY</u></em></strong><span style=""color: black;"">. Through this Request for Information (RFI), MCC seeks to collect expert industry input to inform and enhance the design of </span>the ALTIF Project<span style=""color: black;"">. This RFI is limited to industry; MCC staff and other global donors should not participate. </span>The purpose of this RFI is to solicit feedback from organizations about the ALTIF program description below. However, the USG reserves the right to not issue a Request for Application for this potential activity. The program description presents the draft objectives and key elements of the activity.</p> <p><br></p> <p><strong>Background</strong></p> <p><strong>&nbsp;</strong></p> <p>Access to land for investment is a constraint to economic growth in Solomon Islands. While the majority of land in Solomon Islands is governed under customary rules, investors require the certainty afforded by registered land (non-customary) to realize an investment. Yet, even registered land often has insufficient tenure security to attract investment due to historical interests and disputes between communities over land, frequent court challenges to titles, and a lack of certainty over land suited to investment. To ensure successful lasting investment outcomes an investor and community must agree on how to work together, so that the investor has, and maintains, social license, which is <span style=""color: rgb(34, 34, 34);"">defined as ongoing acceptance by the community of an investor’s presence on the land as legitimate and often includes a sharing of benefits from the investment with the community.&nbsp;</span></p> <p><br></p> <p>The ALTIF Project seeks to identify registered land parcels that have a high potential to attract tourism investment, assist investors to negotiate secure access to registered land with land owners and neighboring communities (via social license), and facilitate investments on that land by outside tourism investors through financial close. These land parcels must possess the necessary governance stability and characteristics for long term land settlement suited to investment.&nbsp;As it relates to land and community engagement issues, ALTIF will engage in five activities:&nbsp;</p> <p><br></p> <p>1.&nbsp;&nbsp;&nbsp;&nbsp;&nbsp;&nbsp;Identify registered land parcels that have the physical characteristics, location that is desirable for a tourism investment, and the requisite social and governance elements to permit successful investment and target these parcels to attract new investments.&nbsp;&nbsp;</p> <p>2.&nbsp;&nbsp;&nbsp;&nbsp;&nbsp;&nbsp;Provide information and educate investors on the need for social license to obtain access to the targeted registered land parcel(s) and ensure tenure security.</p> <p>3.&nbsp;&nbsp;&nbsp;&nbsp;&nbsp;&nbsp;Work with the Ministry of Culture and Tourism and other Solomon Islands Government actors to develop a model for sustainable land settlement and maintaining social license.</p> <p>4.&nbsp;&nbsp;&nbsp;&nbsp;&nbsp;&nbsp;Work with nearby villages and communities with interests in targeted registered land parcel(s) to:</p> <p>a)&nbsp;&nbsp;&nbsp;&nbsp;&nbsp;&nbsp;support community leaders and members as they agree with the investor on social license, ensuring that the community realizes a benefits from a tourism investment; and</p> <p>b)&nbsp;&nbsp;&nbsp;&nbsp;&nbsp;strengthen community governance to ensure equity in decision making that will promote establishment and maintenance of social license over the long term.</p> <p>5.&nbsp;&nbsp;&nbsp;&nbsp;&nbsp;&nbsp;Support the investor and the community as the parties jointly work to establish social license by providing advice and facilitating throughout the process.</p> <p>6.&nbsp;&nbsp;&nbsp;&nbsp;&nbsp;&nbsp;Where necessary to achieve social license, support communities realizing their ambitions to secure the customary land rights of the community and its members through whatever formal mechanism they deem appropriate. This could include, for example, supporting the community to record land via the Customary Land Records Act.&nbsp;</p> <p><br></p> <p>MCC expects to engage three organizations (Project Implementers) to implement the activities described above.&nbsp;The land identification and investor facing activities (1, 2, and the investor related activities of 3, and 4) are expected to be implemented by an organization with experience and expertise in tourism investment promotion.&nbsp;The community facing activities (3, and the community related activities of 4, and 5), which are the focus of this RFI, are expected to be implemented by an organization with extensive experience working with communities in Solomon Islands on issues related to land, stakeholder engagement, community governance and decision making, and gender equality and social inclusion.&nbsp;A third organization will support government direction of the land identification and investment facilitation process (as a cross cutting element over all land activities and all investment facilitation activities) through a facilitated governance reform process, which could include a problem driven iterative adaptation (PDIA) approach where the state institutions participate in a tourism task force and topic specific problems solving teams established to resolve issues that inhibit the realization of tourism investments in the Solomon Islands.&nbsp;It will be vital that implementing organizations coordinate their public outreach and awareness messages and work together to communicate a shared vision to all stakeholders for how social license will be achieved and how benefits may be shared.&nbsp;</p> <p><br></p> <p><strong>Anticipated Tasks for the Community Engagement Recipient</strong></p> <p><strong>&nbsp;</strong></p> <p>Please view the ""Related Documents"" tab for this requirement for a full version of the RFI detailing the anticipated tasks.</p> <p><br></p> <p><strong>Requested Information:</strong></p> <p><strong>&nbsp;</strong></p> <p><em>(A) Responses to Questions: </em>MCC is looking for responses to several questions in relation to this potential assignment.</p> <p><br></p> <p>1.&nbsp;&nbsp;&nbsp;&nbsp;&nbsp;&nbsp;Does your organization have qualifications and experience in working through community governance, decision-making and conflict resolution issues as they relate to land use in Solomon Islands? If not, are you aware of Civil Society Organizations (CSOs) or Community Based Organizations (CBOs) that you could partner with to bring such experience to the Project? Can you provide a short description of any relevant experience your organization might have in this regard and whether in the past you have teamed with a CSO or CBO to deliver such services?&nbsp;</p> <p>2.&nbsp;&nbsp;&nbsp;&nbsp;&nbsp;&nbsp;Is your organization interested in bidding on such a cooperative agreement?&nbsp;</p> <p>3.&nbsp;&nbsp;&nbsp;&nbsp;&nbsp;&nbsp;Please <em>specify </em>what kind of entity are you? (i.e. corporation, non-profit, etc.)</p> <p>4.&nbsp;&nbsp;&nbsp;&nbsp;&nbsp;&nbsp;Do you believe this work is more suitable for an <em>acquisition</em> approach (i.e., traditional FAR-based contract), or an <em>assistance</em> approach (i.e., uniform guidelines at 2 CFR 200)?&nbsp;Why?&nbsp;Note that assistance work (grants/cooperative agreements) must primarily serve a public purpose and does <em>not</em> result in a traditional contractor/client relationship, but in a partnership with mutually defined objectives and goals.</p> <p>5.&nbsp;&nbsp;&nbsp;&nbsp;&nbsp;&nbsp;Does your organization have the financial capacity to act as the prime recipient and hire necessary subrecipients?&nbsp;If you do not have financial capacity to prime the cooperative agreement, are you willing and able to partner with another firm with greater financial capacity to implement the cooperative agreement?&nbsp;</p> <p>6.&nbsp;&nbsp;&nbsp;&nbsp;&nbsp;&nbsp;Do you have comments that may improve the stated activities and the objectives of the activity?&nbsp;</p> <p>7.&nbsp;&nbsp;&nbsp;&nbsp;&nbsp;&nbsp;Are you prepared to cooperate and coordinate with other organizations in implementing the community engagement element of the ALTIF Project? Cooperation/coordination is necessary in the following areas:</p> <p>a.&nbsp;&nbsp;&nbsp;&nbsp;&nbsp;&nbsp;Messages delivered to the community and the investors regarding expectations of all parties involved in social license need to be sufficiently similar to maintain stability in discussion/negotiations between investors and community.&nbsp;These messages need to be coordinated between the organizations implementing the investor facing activities and the community facing activities.&nbsp;</p> <p>b.&nbsp;&nbsp;&nbsp;&nbsp;&nbsp;&nbsp;The community engagement recipient may need to coordinate more general messages about the benefits and activities of the project with a general Threshold Program communications recipient to ensure consistency in messaging and branding across all Projects.&nbsp;</p> <p>c.&nbsp;&nbsp;&nbsp;&nbsp;&nbsp;&nbsp;The community engagement recipient will need to coordinate and cooperate with the PDIA contractor as it supports the government task force and problem-solving groups to address problems that affect the community interests in land and agreements on social license.&nbsp;</p> <p>d.&nbsp;&nbsp;&nbsp;&nbsp;&nbsp;&nbsp;The community engagement recipient will be required to cooperate/coordinate with the Ministry of Culture and Tourism and Provincial Government, whose representatives need to be closely involved in all community facing activities related to establishment and maintenance of social license to build MCT and Provincial Government capacity to address such issues in the future as new tourism investors express interest in land parcels in the Solomons Islands.</p> <p><br></p> <p>To expedite MCC’s review and to be considerate of your time, please keep total responses to the above questions to no more than 5 pages in length.</p> <p><br></p> <p><em>(B) Brief Descriptions of Relevant Project Experience: </em>Additionally, interested organizations are asked to submit <strong>no more than 5 pages</strong> of examples of previous and relevant project experience.</p> <p><br></p> <p><strong>The final package, including responses to (A) and (B) above, should not exceed 10 pages in length.</strong></p> <p><br></p> <p>This is an RFI and not a Request for Quotations and is not to be construed as a commitment by MCC to issue a solicitation or to pay for any cost incurred in the preparation and submission of responses to this RFI.</p> <p><br></p> <p>Responding to this RFI will not give any advantage to any organization in a subsequent procurement and will not lead to an organizational conflict of interest. Responses will strictly be held confidential and used for market research purposes only.</p> <p><br></p> <p>Please send responses to this RFI via email t<strong>o </strong><a target=""_blank"">kapakasay@mcc.gov</a> and <a target=""_blank"">maxwellre@mcc.gov</a> with the subject title “[Company Name] Response to RFI #95332421K0004”, no later than <strong>12:00 PM Eastern Time on Thursday, February 18, 2021</strong>.&nbsp;You will receive an electronic confirmation acknowledging receipt of your response.</p> <p><br></p> <p><strong style=""color: black;"">Additionally, MCC will hold an online Industry Day about this </strong><strong>ALTIF Project</strong><strong style=""color: black;""> Community Engagement and other procurement opportunities under the Solomon Islands Threshold Program in late February 2021. MCC will share the link to the industry day information with respondents</strong><span style=""color: black;"">, </span><strong style=""color: black;"">please monitor beta.sam for additional updates</strong><span style=""color: black;"">.</span></p> <p><br></p> <p>After submission of the RFI responses, MCC may request additional information from some or all RFI respondents individually to further clarify the input provided.</p> <p><br></p> <p><em>Please note:</em></p> <p>(a) MCC does not intend to award a cooperative agreement on the basis of this RFI or to otherwise pay for the information solicited.</p> <p>(b) Although the term “bid” is used in this Request for Information, your response will be treated as information only. It shall not be construed as a grant application.</p> <p>(c) This RFI is issued for the sole purpose of conducting market research and gathering comments on MCC’s draft requirements and procurement strategy.</p> <p>(d) This RFI is issued solely for information and planning purposes and does not constitute a Request for Applications (RFA), Annual Program Statement (APS) or any other type of funding opportunity(ies). Responses to this RFI shall not be portrayed as concept papers or applications and will not be accepted by the U.S. Government (USG) to form a binding agreement. This RFI is not to be construed as a commitment by the USG to issue any funding opportunity, to conduct discussions, or ultimately award of any award on the basis of this RFI, or to pay for any information submitted as a result of this request. Responders are solely responsible for all expenses associated with responding to this RFI.</p> <p><br></p> <p>Thank you for your assistance and interest in the Solomon Islands Threshold Program. We look forward to hearing from you.</p>",Unclear,No,No keyword match,Aging,Yes,Unknown,NA,NA,NA,NA,NA,NA,NA,NA
26-506,Pathways to Enable Secure Open-Source Ecosystems,"The Pathways to Enable Secure Open-Source Ecosystems (PESOSE) program supports the translation of open-source science and engineering-focused research products into safe and sustainable ecosystems that address national and societal challenges. Open-source tools such as software, hardware, machine learning models, languages, and data platforms are designed to be shared as they are publicly-accessible and modifiable. These tools spark innovation in critical fields as varied as artificial intelligence (AI) and cloud computing, banking, healthcare, research, education, next-gen manufacturing, mobility, and National security (including cybersecurity). PESOSE supports the creation of managing organizations for these ecosystems, ensuring strong governance, distributed development, and broad user communities across academia, industry, and government. PESOSE also supports enhancements to the safety, security, and privacy of Open-Source Ecosystems (OSE) by addressing significant vulnerabilities, both technical and socio-technical, to improve the resistance of the ecosystem against threats. This solicitation seeks three types of proposals, allowing teams to propose specific activities to:1) scope and planthe establishment of an OSE, 2)establishand expand a sustainable OSE based on a robust, promising open-source product that meets an emergent societal or national need, and 3) improve the safety, security, and privacy of an existing OSE and its products.",Unclear,No,Child and family well-being,Aging,Yes,Unknown,NA,NA,NA,NA,NA,NA,NA,NA
PD-17-1620,Marine Geology and Geophysics,"The Marine Geology and Geophysics Core Program supports research on all aspects of the geology and geophysics of the present ocean basins and margins, as well as those of the Great Lakes. The Program supports science that includes: <ul type=""disc""> <li>Structure, composition, tectonics, and evolution of the oceanic lithosphere</li> <li>Paleoceanography, paleoclimate, and sea level change</li> <li>Submarine volcanology, petrology and geochemistry of the oceanic crust and upper mantle lithosphere</li> <li>Marine hydrogeology, water-rock interaction, seeps and gas hydrates</li> <li>Hydrothermal venting and in situ fluid processes, and associated geochemistry</li> <li>Geochemical indicators of life operating below the seafloor</li> <li>Marine sedimentology, stratigraphy, sediment transport, and diagenesis</li> <li>Mid-ocean ridge spreading, back-arc rifting, transform processes, and ocean island/seamount formation and evolution</li> <li>Submarine components of subduction zone systems and passive margins</li> <li>Marine geohazards (e.g., earthquakes, faulting, mass wasting, geological aspects of tsunamis)</li> <li>Coastal processes (e.g., geological aspects of hurricanes, sea-level change, erosion, offshore deposition)</li> </ul> The Marine Geology and Geophysics Program supports acquisition of new field data and the leveraging of and/or synthesis of existing data. The program supports analytical and laboratory experimental projects, methods development, and modeling. All activities should have relevance to and advance the understanding of marine geoscience processes. The Program interfaces with NSF programs across the Geosciences and across the Agency. For proposals that cross between Programs, proposers should contact the relevant Programs to seek guidance on submission.",No,No,Disaster recovery and resilience,Aging,No,Unknown,NA,NA,NA,NA,NA,NA,NA,NA
24-584,Advanced Technological Education,"With a focus on two-year Institutions of Higher Education (IHEs), the Advanced Technological Education (ATE) program supports the education of technicians for the high-technology fields that drive our nation's economy. The program involves partnerships between academic institutions (grades 7-12, IHEs), industry, and economic development agencies to promote improvement in the education of science and engineering technicians. It is strongly recommended that projects be faculty-led and required that courses and programs are credit-bearing, although materials developed may also be used for incumbent worker education. Materials may also be adapted and implemented as credit-bearing courses. The ATE program supports curriculum development; professional development of college faculty and secondary school teachers; career pathway development for both students and incumbent workers; and other activities including applied research projects that advance the knowledge base related to technician education. The ATE program encourages partnerships with other entities that may impact technician education. For example, with <ul> <li>the National Institute of Standards and Technology (NIST) Manufacturing Extension Partnerships (MEPs) (<a href=""http://www.nist.gov/mep/index.cfm"">http://www.nist.gov/mep/index.cfm</a>) as applicable to support technician education programs and the industries they serve; and</li> <li>Manufacturing USA Institutes(<a href=""https://manufacturing.gov/"">https://manufacturing.gov/</a>) addressing workforce development issues.</li> </ul> The ATE program encourages proposals from <a href=""https://www2.ed.gov/about/offices/list/ocr/edlite-minorityinst.html"">Minority Serving Institutions</a>as well as other institutions that support the recruitment, retention, and completion (certificate, degree, program)of the full spectrum of diverse talent that society has to offer, which includes underrepresented and underserved communities, in STEM technician education programs that award associate degrees.",Unclear,No,Health and direct-care workforce,Unknown,Yes,Unknown,NA,NA,NA,NA,NA,NA,NA,NA
22-600,Joint DMS/NIGMS Initiative to Support Research at the Interface of the Biological and Mathematical Sciences,"<div> The Division of Mathematical Sciences (DMS)in the Directorate for Mathematical and Physical Sciences (MPS) at the National Science Foundation (NSF)and the National Institute of General Medical Sciences (NIGMS) at the National Institutes of Health (NIH)plan to support fundamental research in mathematics and statistics necessary to answer questions in the biological and biomedical sciences. Both agencies recognize the need to promote research at the interface between mathematical and life sciences. This program is designed to encourage new collaborations, as well as to support innovative activities by existing teams. The joint DMS/NIGMS initiative offers two submission tracks: Track 1 - for projects with a total budget of up to $600,000 for an award duration of 3 years, and Track 2 - for projects with a total budget of up to $1,200,000 for an award duration of 3-4 years. </div>",Unclear,No,No keyword match,Unknown,No,Unknown,NA,NA,NA,NA,NA,NA,NA,NA
PD-26-367Y,Chemical Process Systems (CPS),"Society relies on chemical processes to turn raw materials into useful products. The Chemical Process Systems (CPS) program invests in fundamental research on chemical and biochemical processes to make them more efficient, sustainable, and resilient. New CPS technologies for manufacturing, biotechnology, critical minerals, energy, food, and other national priorities will help make the U.S. more competitive and secure. Research supported by the CPS program covers the full breadth of chemical and biochemical process innovation. It spans reaction engineering and molecular thermodynamics; reactor design; catalysis; electrochemical systems; separations; and process design. The program encourages proposals that connect the molecular scale to process and plant scales. The CPS program explores active-site structure and function, reaction mechanisms, in situ and operando characterization, durability, and device-level integration. Microreactors, membrane and catalytic reactors, atmospheric plasmas, and other novel configurations are of interest. The program supports research in catalysis and electrochemical systems to produce, use, and store energy, to reduce waste, to process polymers, and to synthesize fuels and chemicals. This includes process and materials innovation to support the nuclear fuel cycle. The CPS program also targets chemical and biological separations that are efficient and scalable. Research includes the design of membranes, sorbents, and specialized interfaces. Advances can be used in gas separations, the recovery of critical minerals, bioprocessing, and protein and water purification. The program supports research in process design and optimization that uses tools such as artificial intelligence, machine learning, and uncertainty quantification. CPS research also explores quantum information science and engineering; quantum simulation and sensing, for example, may accelerate the discovery of materials and improve process models. Partnerships: To speed discovery and innovation, NSF partners with federal agencies, industry, international groups, and others. Current opportunities are at <a href=""https://www.nsf.gov/eng/partnerships"">NSF ENG Partnerships.</a>",Unclear,No,Opioid and substance use,Unknown,No,Unknown,NA,NA,NA,NA,NA,NA,NA,NA
PD-18-7222,Crosscutting Activities in Materials Research,"Crosscutting Activities in Materials Research (XC) coordinates and supports crosscutting activities within the Division of Materials Research (DMR) and more broadly across NSF. The emphasis within XC is diversity and inclusion, international cooperation, and education (including experiential learning at REU/RET Sites). Additionally, activities that broadly engage the community, such as summer schools, institutes, workshops, and conferences that do not fit within just one or two programs in the Division of Materials Research, may be supported by XC.If preparing a workshop proposal, follow the Special Guidelines for Conference Proposals outlined in the Proposal &amp; Award Policies &amp; Procedures Guide (PAPPG). Occasionally projects crossing several programs in DMR are shifted to XC or co-funded by XC. The goal is to bring greater visibility to these projects through DMR&rsquo;s XC website. Proposals are welcome that do not fit elsewhere at NSF that are also highly relevant for the materials research and education community. Some XC activities are co-funded with other NSF units. XC does not handle traditional research proposals suitable for submission to topical or other programs in DMR. For this reason, the XC Team welcomes inquiries that include a draft of one-page NSF summary, or a shorter write-up. It is highly recommended that you contact one of the Program Directors for XC prior to submission of a full proposal exceeding $50,000. Crosscutting Activities in Materials Research (XC) replaced the Office of Special Programs in Materials Research (OSP) in 2016. Diversity: <ul type=""disc""> <li>Activitiesthat focus on broadening participation of underrepresented groups and/or diversity and inclusion are supported.</li> <li>Supplements(e.g., CLB, AGEP-GRS, MPS-GRSV and ROAs) are handled by the cognizantProgram Director of the original award. See the Related Publications section below for more information.</li> <li>XC supports Facilitation Awards for Scientists and Engineers with Disabilities (see Proposal &amp; Award Policies &amp; Procedures Guide, Chapter II.E.6 for details) <a href=""https://www.nsf.gov/pubs/policydocs/pappg18_1/pappg_2.jsp#IIE6"">https://www.nsf.gov/pubs/policydocs/pappg18_1/pappg_2.jsp#IIE6</a></li> </ul> International: <ul type=""disc""> <li>In2016 a <a href=""http://www.nsf.gov/pubs/2015/nsf15097/nsf15097.jsp?org=DMR"">Dear Colleague Letter outlining collaborative projectswith Israel (BSF)</a>was issued; it remains active until archived.</li> <li>Submissionof full proposals with an international component may be made to thedisciplinary programs (but not to XC directly).</li> <li>Supplementsare handled by the cognizant Program Director of the original award.</li> <li>Discontinuedin 2014: <a href=""https://www.nsf.gov/pubs/2014/nsf14100/nsf14100.jsp?org=DMR"">The previous International Materials Institutes (IMI)and Materials World Network (MWN) programs are no longer supported</a>.</li> </ul> Education: <ul type=""disc""> <li>Innovativeand creative ideas in education (e.g., materials science and/or engineering, solid state and materials chemistry, condensed matterphysics, integrated computational materials science/engineering, ormaterials data science/analytics) that do not have a forum elsewhere at NSFare of interest.</li> <li>XC encourages outreach and/or materials education proposals targeting underserved populations such as K-12students in rural communities and those designed to increase public scientific literacy.</li> </ul> Research Experiences for Undergraduates (REU)/ Research Experiences for Teachers (RET): reu.dmr@nsf.gov <ul type=""disc""> <li>XCcoordinates the REU and RET Sites activities within DMR. See the<a href=""http://www.nsf.gov/publications/pub_summ.jsp?WT.z_pims_id=5517&amp;ods_key=nsf13542"">REU Site Solicitation</a>for deadlines and additional program information.</li> <li>REU/RET supplements to research proposals are handled by the cognizant ProgramDirector of the original award.</li> </ul>",Unclear,No,Rural access and telehealth,Unknown,No,Unknown,NA,NA,NA,NA,NA,NA,NA,NA
21-595,Tribal Colleges and Universities Program,"The Tribal Colleges and Universities Program (TCUP) provides awards to federally recognized<sup>1 </sup> Tribal Colleges and Universities, Alaska Native-serving institutions, and Native Hawaiian-serving institutions to promote high quality science (including sociology, psychology, anthropology, linguistics, economics and bioeconomics, statistics, and other social and behavioral sciences; natural sciences; computer science, including, but not limited to, artificial intelligence, quantum information science, and cybersecurity), technology, engineering and mathematics (STEM), STEM education, research, and outreach. Support is available to TCUP-eligible institutions (see the Additional Eligibility subsection of Section IV of this solicitation) for transformative capacity-building or community engagement projects through Instructional Capacity Excellence in TCUP Institutions (ICE-TI), Targeted STEM Infusion Projects (TSIP),TCUP for Secondary and Elementary Teachers in STEM (TSETS), TCU Enterprise Advancement Centers (TEA Centers), Cyberinfrastructure Health, Assistance, and Improvements (CHAI), and Preparing for TCUP Implementation (Pre-TI). Collaborations led by TCUP institutions that involve non-TCUP institutions of higher education are supported through TCUP Partnerships, with the participation of other NSF programs to support the work of non-TCUP institutions. Finally, research studies that further the scholarly activity of individual faculty members are supported through Small Grants for Research (SGR). Through the opportunities highlighted above, as well as collaborations with other National Science Foundation (NSF) divisions and directorates, and other organizations,TCUPaims toincrease Native individuals' participation in STEM careers, improve the quality of STEM programs atTCUP-eligible institutions, and facilitate the development of a strong STEM enterprise in TCUP institutions' service areas. <div class=""WordSection1""> TCUP supports transformative capacity-building, community engagement, or research projects at TCUP-eligible institutions through the following funding tracks: Instructional Capacity Excellence in TCUP Institutions (ICE-TI) projects provide support to design, implement, and assess comprehensive institutional improvements in STEM education and research capacity at TCUP-eligible institutions of higher education. By strengthening STEM education and STEM education research, successful projects will increase the number of STEM students and improve the quality of their preparation. ICE-TI projects create and/or adapt and assess innovative models and materials for teaching and learning in STEM, embody knowledge about how students learn most effectively in STEM teaching and learning activities, and bring STEM disciplinary advances into the undergraduate or graduate experience. The objective of this strand is to expand STEM degrees offered by TCUP-eligible institutions or significantly enhance instructional approaches. Targeted STEM Infusion Projects (TSIP) support the attainment of a short-term, well-defined goal to improve the quality of STEM education at an eligible institution. Targeted STEM Infusion Projects could, for example, enhance academic infrastructure by systematically adding traditional knowledge to the scope or content of a STEM course, updating curricula, modernizing laboratory research equipment, developing and delivering professional development for K-12 STEM educators, or improving the computational infrastructure.The objective of this strand is to expand STEM degrees or significantly enhance instructional approaches. TCUP for Secondary &amp; Elementary Teachers in STEM (TSETS) supports in-service professional development in STEM disciplinary or STEM education content and/or research for K-12 STEM teachers in the relevant service area. Examples of project activities include, but are not limited to, professional development involving seminar series and engagement in STEM instruction and content during the academic year, structured series of summer intensive workshops and trainings, and summer research opportunities. The objective of this strand is to broaden the instructional capacity for STEM in the K-12 workforce and thereby to the entire community, and to build the capacity for STEM disciplinary or education research among participating educational professionals. TCU Enterprise Advancement Centers (TEA Centers) coalesce the STEM and/or STEM education expertise into a team, designed to support and promote the STEM goals, needs, aspirations, or interests of the chartering reservation or tribe(s). TEA Centers may address a critical tribal or community need or focus on a realm of research or design that is beyond the scope of individual research grants or that is of interest to multiple tribes. The objective of this strand is to build on the capacity developed through prior TCUP support and apply expertise to collaborations with communities in the institution&rsquo;s service area, or nationally. The Cyberinfrastructure Health, Assistance, and Improvements (CHAI) strand supports projects at TCUP-eligible institutions of higher education to upgrade the cyberinfrastructure necessary to conduct, expand, manage and administer STEM programs of study, including research. The objective of this strand is to equip TCUP institutions to meet the demands of virtual instruction, advanced computing, and data science opportunities. Preparing for TCUP Implementation (Pre-TI) provides support for activities that prepare an institution for Implementation-level projects.Consequently, they are available only to TCUP-eligible institutions of higher education that have never received TCUP support, have not received TCUP support within the previous five years, or are embarking on a significantly novel STEM strategic plan. Examples of supported activities include completing an institutional assessment of its current STEM instructional capacity, or engaging in conversations necessary to formulate a shared vision of what that capacity should be and how to achieve it. Pre-TI awards can support staff and faculty release time, travel, stakeholder gatherings, and associated administrative costs.The objective of this strand is to conduct self-studies and formulate strategic plans for the development of STEM instructional programs of study. The TCUP Partnerships strand provides support for collaborations that will improve TCUP institutions' instructional and research capacity in STEM fields supported by NSF; attract, retain, and support TCUP students in internships and research endeavors deemed to be necessary for a complete curriculum offering; and engage partner universities to provide an academic grounding and a successful transition for students who wish to study or attain degrees in STEM fields supported by NSF. TCUP Partnerships broaden the number of scientific disciplines available to students at TCUP institution through collaborations with non-TCUP institutions. Active Pre-Engineering Education Collaboratives or Partnerships in Geoscience Education awards are not affected by this revision. The objective of this strand is the development, through instructional and research capacity-building, of academic and career pathways for TCUP students through supporting collaborative projects between and among TCUP and non-TCUP institutions. Interested teams of collaborators for which a TCUP institution serves as lead should contact the TCUP program directors. Support for non-TCUP partners must be obtained from other NSF programs, which follows the procedures of the prior Partnership strands. Small Grants for Research (SGR) strand support STEM or STEM Education faculty members at TCUP-eligible institutions to initiate or pursue research projects or programs that may include undergraduate or graduate student engagement. Awards are intended to help further the faculty member's research capability and effectiveness; improve research and teaching at his or her home institution and create and study new models and innovations in STEM teaching and learning. International research or collaborations are strongly encouraged. TCUP students may seek support for international research opportunities under the guidance of a TCUP STEM or STEM education faculty member and an international research collaborator. These awards are particularly appropriate as a means of recruiting and retaining highly qualified scientists, engineers, and educators at TCUP-eligible institutions. The objective of this strand is to support faculty research and professional development that build research capacity at TCUP institutions. </div> [1] Executive Order 13021 defines Tribal Colleges and Universities (""tribal colleges"") as those institutions cited in section 532 of the Equity in Educational Land-Grant Status Act of 1994 (7 U.S.C. 301 note), and other institutions that qualify for funding under the Tribally Controlled Community College Assistance Act of 1978, (25 U.S.C. 1801 et seq.), as well as Navajo Community College as authorized in the Navajo Community College Assistance Act of 1978, Public Law 95-471, Title II (25 U.S.C. 640a note). The term ""Alaska Native-serving institution"" means an institution of higher education that is an eligible institution under section 1058(b) of the Higher Education Act; and that, at the time of submission, has an undergraduate enrollment that is at least 20 percent Alaska Native students. The term ""Native Hawaiian-serving institution"" means an institution of higher education that is an eligible institution under section 1058(b) of the Higher Education Act; and that, at the time of submission, has an undergraduate enrollment that is at least 10 percent Native Hawaiian students. Most TCUP-eligible institutions of higher education are two-year or community colleges. See the Who May Submit Proposals section in this solicitation for further details.",No,Yes,Health and direct-care workforce,Aging,Yes,Unknown,NA,NA,NA,NA,NA,NA,NA,NA
PD-26-369Y,Engineering Biological and Biomedical Systems (EBBS),"The Engineering Biological and Biomedical Systems (EBBS) program expands our understanding of biological and physiological systems, and it helps improve human health. For U.S. leadership in biotechnology, the engineering of biology is required at every scale. Engineering is needed for sensing biomarkers to making proteins to restoring functions of the body. In EBBS, fundamental mechanistic insights are combined with experimental and computational techniques. This approach helps develop platforms, devices, organisms, tissues, and processes that bring new understanding and control of biological functions. EBBS supports studies of mechanisms that drive the behavior of microbial populations and cells, and of therapeutic cells and tissues. This includes discovering the underlying engineering principles that are needed to capture the responses of biological systems and bioreactors. It also includes the creation of novel biosensing platforms and new optical imaging and modulation strategies. Research that enables the design of biological systems to sense and respond to novel stimuli is welcome. Similarly, projects leading to insight into tissue changes or injury, and to systems that imitate or restore the functions of tissues or organs are encouraged. Projects that advance rehabilitation engineering through new theories and approaches are supported by the EBBS program. Fundamental engineering research driven by the needs of persons with disabilities is encouraged. The EBBS program expands what is possible in biomanufacturing; research may advance biotechnology and/or health. EBBS research must enable improved biological processes, create novel biomedical technologies, or achieve new understanding of physiological or pathological processes. EBBS does not support proposals with a main goal of drug design, drug delivery, or the&#8239;development of animal models of disease. Using existing models for experimental testing and validation is acceptable.&#8239;Projects that focus on testing and validating therapies are not supported. Clinical trials are not supported. Limited studies involving human volunteers may be supported if appropriate to the project objectives. Projects focused on commercialization are more appropriate for the NSF Directorate for Technology, Innovation, and Partnerships (TIP). Partnerships: To speed discovery and innovation, NSF partners with federal agencies, industry, international groups, and others. Current opportunities are at <a href=""https://www.nsf.gov/eng/partnerships"">NSF ENG Partnerships.</a>",No,Yes,No keyword match,Aging,No,Unknown,NA,NA,NA,NA,NA,NA,NA,NA
NNH19ZHA001C,National Space Grant College and Fellowship Program - Opportunities in NASA STEM FY 2020 – 2024,"<p style=""""></p> <p style="""">This Cooperative Agreement Notice is a multi-year award thataims to contribute to NASA’s mission, Office of STEM Education priorities,Co-STEM goals, Mission Directorate collaborations, and state based needs.&nbsp; The multi-year award will be available to allSpace Grant Consortia who will work with the Office of STEM Engagement tofulfill these objectives.&nbsp; Through thecombined efforts of the Space Grant Consortia, this program will 1) enablecontributions to NASA’s work, 2) build a diverse, skilled future workforce, and3) strengthen understanding of STEM through powerful connections to NASA.&nbsp; The program will focus on providingopportunities for students to engage with NASA’s aeronautics, space, andscience people, content, and facilities in support of a diverse future NASA andaerospace industry workforce, as well as, providingopportunities for students to contribute to NASA’s aeronautics, space, andscience missions and work in exploration and discovery through MissionDirectorate collaborations.&nbsp; <span style=""font-size: small;""> </span></p> <p style=""""><span style=""font-family: ;"">Everyinstitution that intends to submit a proposal to this NRA, including theproposed prime award or any partner whether an education institution, and otherorganizations that will serve as sub-awardees or contractors, <b style="""">must be registered in NSPIRES</b>. Electronicsubmission of proposals is <u style="""">required by the due date and must be submitted byan authorized official of the proposing organization</u>. Such registrationmust identify the authorized organizational representative(s) who will submitthe electronic proposal. <u style="""">All principal investigators and other participants(e.g. co-investigators) must be registered in NSPIRES regardless of submissionsystem</u>. Potential proposers and proposing organizations are urged to accessthe system(s) well in advance of the proposal due date(s) of interest tofamiliarize themselves with its structure and enter the requested information.Electronic proposals may be submitted via the NASA proposal data systemNSPIRES. </span><span style=""font-family: ;"">Additional programmatic information for this NRAmay develop before the proposal due date. If so, such information will be addedas a Frequently Asked Question (FAQ) or formal amendment to this NRA and postedon </span><span style=""font-family: ;""><a href=""http://nspires.nasaprs.com/"" target=""_blank""><span style=""color:blue;text-decoration:none;text-underline:none;"">http://nspires.nasaprs.com</span></a></span><span style=""font-family: ;"">. It is the proposer’s responsibility to regularly check NSPIRESfor updates to this NRA. </span><span style=""font-size: small; font-family: ;""> </span></p> <p style=""""><b><span style=""font-family: ;""> P </span></b><b style=""""><span style=""font-family: ;"">oint of Contact</span></b></p> <p style=""""><b style="""">Name: &nbsp;&nbsp;&nbsp;&nbsp;&nbsp;&nbsp;&nbsp;&nbsp; </b>Erica J. Alston</p> <p style=""margin-left: 1in; text-indent: -1in;""><b><span style=""mso-bidi-font-family:Arial;"">Title: <span style=""mso-tab-count:1;"">&nbsp;&nbsp;&nbsp;&nbsp;&nbsp;&nbsp;&nbsp;&nbsp;&nbsp;&nbsp; </span></span></b><span style=""mso-bidi-font-family:Arial;mso-bidi-font-weight:bold;"">Deputy Space GrantProgram Manager<b> </b></span></p> <p style=""""><b><span style=""mso-bidi-font-family:Arial;"">Phone: <span style=""mso-tab-count:1;"">&nbsp;&nbsp;&nbsp;&nbsp;&nbsp;&nbsp;&nbsp; </span></span></b><span style=""mso-bidi-font-family:Arial;mso-bidi-font-weight:bold;"">757-864-7247<b> </b></span></p> <p style=""""><b style=""""><span style=""mso-bidi-font-family:Arial;"">E-mail: <span style=""mso-tab-count:1;"">&nbsp;&nbsp;&nbsp;&nbsp;&nbsp;&nbsp;&nbsp; </span></span></b><span style=""color: rgb(34, 34, 34); background: white;"">SGCFP@nasaprs.com</span><span style=""font-size: small;""> </span></p> <br> <p></p>",No,No,Child and family well-being,Unknown,No,Unknown,NA,NA,NA,NA,NA,NA,NA,NA
NNH25ZDA001N-AES,ROSES25: A.13 Accelerating Earth Solutions,"<p><strong>NOTICE: August 4, 2026. Going forward, a </strong><strong style=""background-color: white; color: black;"">$0.09/SBU charge now applies to </strong><strong>all </strong><strong style=""background-color: white; color: black;"">proposing to Earth Science (ROSES Appendix A) to use </strong><strong>any NASA high-end computing</strong><strong style=""background-color: white; color: black;""> resource. Proposers must account for this in their budget, per the instructions provided in Section 7.3 of </strong><strong>ROSES-25 A.1 Earth Science Research Overview</strong><strong style=""background-color: white; color: black;"">.</strong><span style=""background-color: white; color: black;""> </span></p> <p><br></p> <p><strong>NOTICE: July 28, 2026. A set of slides describing the Application Readiness Levels (ARLs) has been posted under ""other documents"" on the NSPIRES page for this program element. Text regarding ARLs has been added to a few locations in Section 2 and a row has been added to the Summary Table of Key information in Section 4. New Text is in bold and deleted text is struck through. We anticipate posting a FAQ under ""other documents"" after the pre-proposal teleconference on August 31, at 1 pm Eastern Time.</strong></p> <p><br></p> <p><strong>NOTICE: Amended July 17, 2026. This amendment presents a new program element in ROSES-2025. Proposals are due October 15, 2026. The pre-proposal teleconference will be held on August 31, at 1 pm Eastern Time on a no-advance-reservation, first-to-dial-in basis. Teleconference information will be posted under other documents on the NSPIRES page for this program element approximately 2 weeks after the element release. This new program element solicits a broad range of research and applications including topics from what were previously individual program elements (agriculture, disaster resilience, natural resources, health and air quality, water resources, wildland fire, energy systems, and resilient infrastructure). The S/T/M Section of the anonymized proposals is limited to ten (10) pages, see Section 3.1 of this program element. Proposals submitted to this program will be evaluated using dual-anonymous review. Proposal documents must be prepared according to the guidelines in Section 3.2 and in the associated ""Guidelines for Proposers to ROSES DAPR Programs"" document under ""Other Documents"" on the NSPIRES page for this program element.</strong></p> <p><br></p> <p><strong>NOTICE: Research security training required starting August 5, 2026. All PIs and any Co-Is that would spend ≥ 10% time on a proposed grants or cooperative agreements must certify they have taken research security training. NASA will be satisfied with the four online research security training modules on the National Science Foundation's (NSF) Research Security Training website at https://www.nsf.gov/research-security/training or the SECURE Center condensed version of the four modules at https://www.secure-center.org/ctm </strong></p> <p><br></p> <p><span style=""color: black;"">This synopsis is a generic summary that is posted for each of the many individual ""program elements"" in NASA’s Research Opportunities in Space and Earth Sciences (ROSES) – 2025 solicitation. For specific information on this particular program element download and read the PDF of the text of this program element by going to Tables&nbsp;</span><a href=""https://solicitation.nasaprs.com/ROSES2025table2"" target=""_blank"">2</a><span style=""color: black;"">&nbsp;or&nbsp;</span><a href=""https://solicitation.nasaprs.com/ROSES2025table3"" target=""_blank"">3</a><span style=""color: black;"">&nbsp;of ROSES at&nbsp;</span><a href=""https://solicitation.nasaprs.com/ROSES2025table2"" target=""_blank"">https://solicitation.nasaprs.com/ROSES2025table2</a></p> <p><span style=""color: black;"">and&nbsp;</span><a href=""https://solicitation.nasaprs.com/ROSES2025table3"" target=""_blank"">https://solicitation.nasaprs.com/ROSES2025table3</a><span style=""color: black;"">, respectively, click the title of the program element of interest, a hypertext link will take you to a page for that particular program element. On that page, on the right side under ""Announcement Documents"" the link on the bottom will be to the PDF of the text of the call for proposals. For example, if one were interested in&nbsp;the Solar System Science program (NNH25ZDA001N-SCUBED) one would follow&nbsp;</span><a href=""https://nspires.nasaprs.com/external/solicitations/summary.do?solId=%7bC92A28D2-9E30-4149-24B7-8A40ED4F564B%7d&amp;path=&amp;method=init"" target=""_blank"">the link to the NSPIRES page for that program element</a><span style=""color: black;"">&nbsp;and then to read the text of the call one would click on&nbsp;“C.2 Solar System Science (.pdf)”</span><span style=""color: purple;"">&nbsp;</span><span style=""color: black;"">to download the text of the call. If one wanted to set it into the context of the goals, objectives and know the default rules for all elements within Appendix C, the planetary science division, one might download and read&nbsp;“</span><a href=""https://nspires.nasaprs.com/external/viewrepositorydocument?cmdocumentid=1036500&amp;solicitationId=%7bC92A28D2-9E30-4149-24B7-8A40ED4F564B%7d&amp;viewSolicitationDocument=1"" target=""_blank"">C.1 Planetary Science Research Program Overview (.pdf)</a><span style=""color: black;"">” from that same page.</span>&nbsp;<span style=""color: black;"">While the letters and numbers are different for each element within ROSES (A.10, B.3, etc.) the basic configuration is always the same, e.g., the letter indicates the Science Division (A is Earth Science, B is Heliophysics etc.) and whatever the letter, #1 is always the division overview.&nbsp;In 2025, </span>most program elements will be set up for application via Grants.gov only if requested at least 30 days in advance of the due date. For more on Grants.gov submissions see Section IV(b)v of the ROSES Summary of Solicitation, that may be found at <a href=""https://solicitation.nasaprs.com/ROSES2025"" target=""_blank"">https://solicitation.nasaprs.com/ROSES2025</a>.</p> <p><span style=""color: black;"">&nbsp;</span></p> <p><span style=""color: black;"">The National Aeronautics and Space Administration (NASA) Science Mission Directorate (SMD) released its annual omnibus Research Announcement (NRA), Research Opportunities in Space and Earth Sciences (ROSES) – 2025 (OMB Approval Number 2700-0092, CFDA Number 43.001) on February 21, 2025. In this case ""omnibus"" means that this NRA has many individual program elements, each with its own due dates and topics. All together these cover the wide range of basic and applied supporting research and technology supported by SMD. </span>Awards will be made as grants, cooperative agreements, or contracts depending on the nature of the work proposed. However, most extramural research awards deriving from ROSES will be grants, and many program elements of ROSES specifically exclude contracts, because contracts would not be appropriate for the nature of the work solicited. Funded Co-Is at government labs will receive inter- or intra-agency transfers<span style=""color: black;"">. The typical period of performance for an award is three years, but some programs may allow up to five years and others specify shorter periods. In most cases, organizations of every type, Government and private, for profit and not-for-profit, domestic and foreign (with some caveats), may submit proposals without restriction on teaming arrangements. Tables listing the program elements and due dates (Tables&nbsp;</span><a href=""https://solicitation.nasaprs.com/ROSES2025table2"" target=""_blank"">2</a><span style=""color: black;"">&nbsp;and&nbsp;</span><a href=""https://solicitation.nasaprs.com/ROSES2025table3"" target=""_blank"">3</a><span style=""color: black;"">), a table that provides a very top level summary of proposal contents (</span><a href=""https://nspires.nasaprs.com/external/viewrepositorydocument?cmdocumentid=1041499&amp;solicitationId=%7b2A1D139B-B9C7-CE8C-2E81-223FD08460F9%7d&amp;viewSolicitationDocument=1"" target=""_blank"">Table 1</a><span style=""color: black;"">), and the full text of the ROSES-2025 ""Summary of Solicitation"", may all be found NSPIRES at&nbsp;</span><a href=""https://solicitation.nasaprs.com/ROSES2025"" target=""_blank"">https://solicitation.nasaprs.com/ROSES2025</a><span style=""color: black;"">.</span></p> <p><span style=""color: black;"">&nbsp;</span></p> <p><span style=""color: black;"">Frequently asked questions for ROSES are posted at&nbsp;</span><a href=""http://science.nasa.gov/researchers/sara/faqs/"" target=""_blank"">http://science.nasa.gov/researchers/sara/faqs</a><span style=""color: black;"">. Questions concerning specific program elements should be directed to the point(s) of contact for that particular element, who may be found either at the end of the individual program element in the summary table of key information or on the web list of topics and points of contact at:&nbsp;</span><a href=""http://science.nasa.gov/researchers/sara/program-officers-list/"" target=""_blank"">http://science.nasa.gov/researchers/sara/program-officers-list</a><span style=""color: black;"">. </span>General questions concerning ROSES-2025 may be directed to the office of the SMD Deputy Associate Administrator for Research at <span style=""color: rgb(0, 0, 239);"">sara@nasa.gov</span>.</p> <p><span style=""color: black;"">&nbsp;</span></p> <p><span style=""color: black;"">Not all program elements are known at the time of the release of ROSES. To be informed of new program elements or amendments to this NRA, proposers may subscribe to: (1) The SMD mailing lists (by logging in at&nbsp;</span><a href=""https://urldefense.proofpoint.com/v2/url?u=http-3A__nspires.nasaprs.com_&amp;d=DwMGaQ&amp;c=ApwzowJNAKKw3xye91w7BE1XMRKi2LN9kiMk5Csz9Zk&amp;r=2ixpkCCnNce056JoBL-BGFZPDe7JBWz4wpylXLQCS6s&amp;m=50Vi0oUMclJgXKW1hUTR82Av51i56o31RG3n3UC9Cqg&amp;s=U9bsGUTHAvBTDjSAoG5nnw63Lc9engudohcIe4r-h8U&amp;e="" target=""_blank"">http://nspires.nasaprs.com</a><span style=""color: black;""> and checking the appropriate boxes under ""Account Management"" and ""Email Subscriptions""), (2) The ROSES-2025 blog feed for amendments, clarifications, and corrections to at&nbsp;</span><a href=""https://science.nasa.gov/researchers/solicitations/roses-2025/"" target=""_blank"">https://science.nasa.gov/researchers/solicitations/roses-2025/</a>,<span style=""color: black;""> and (3) The ROSES-2025 due date Google calendars (one for each science division). Instructions are at&nbsp;</span><a href=""https://science.nasa.gov/researchers/sara/library-and-useful-links"" target=""_blank"">https://science.nasa.gov/researchers/sara/library-and-useful-links</a><span style=""color: black;"">&nbsp;(link from the words due date calendar).&nbsp;</span></p>",Unclear,No,Disaster recovery and resilience,Emergency Management,No,Unknown,NA,NA,NA,NA,NA,NA,NA,NA
NNH26ZTR001N-26NIAC-A2,NASA Innovative Advanced Concepts (NIAC) Phase II,"<p>The National Aeronautics and Space Administration (NASA) Headquarters anticipates release of a solicitation, titled “NASA Innovative Advanced Concepts (NIAC), Phase II,” as an Appendix to the Space Technology Mission Directorate (STMD) NASA Research Announcement (NRA), titled “Space Technology Research, Development, Demonstration, and Infusion - 2026 (SpaceTech-REDDI-2026),” on or about <strong>May 11, 2026</strong>.&nbsp;Once the Appendix is posted, complete details (to include due dates) can be accessed via the following steps:</p> <p>&nbsp;</p> <p>1.&nbsp;Open the NSPIRES homepage at <a href=""https://nspires.nasaprs.com/"" target=""_blank"">https://nspires.nasaprs.com/</a></p> <p>2.&nbsp;Select ""Solicitations""</p> <p>3.&nbsp;Select ""Open”</p> <p>4.&nbsp;Select ""Space Technology Research, Development, Demonstration, and Infusion – 2026 (SpaceTech-REDDI-2026) NNH26ZTR001N”</p> <p>5.&nbsp;Select “List of Open Program Elements”</p> <p>6.&nbsp;Select “NASA Innovative Advanced Concepts (NIAC), Phase II- NNH26ZTR001N-26NIAC_A2""</p> <p>7.&nbsp;Select “NASA Innovative Advanced Concepts (NIAC) Phase II Solicitation Document"" under Announcement Documents.</p> <p><span style=""color: black;"">&nbsp;</span></p> <p>The NASA Innovative Advanced Concepts (NIAC) Program supports innovative research through Phase I, Phase II, and Phase III awards. Phase I awards are typically a nine-month effort to explore the overall feasibility and viability of visionary concepts. Phase II awards are for up to two years, to further develop the most promising Phase I concepts, and to explore potential infusion options within and beyond NASA.&nbsp;Phase III awards are designed to strategically advance and transition the most promising NIAC Phase II concepts to other NASA programs, other government agencies, or commercial partners.</p>",Unclear,No,No keyword match,Unknown,No,Unknown,NA,NA,NA,NA,NA,NA,NA,NA
2027FCAH01,"NEA Arts and Artifacts International Indemnity Program 1, FY2027 (9/26)",See the application guidelines and instructions at arts.gov for more information.,Possible,No,No keyword match,Unknown,No,Unknown,NA,NA,NA,NA,NA,NA,NA,NA
20260916-RZ,Collaborative Research,"The program supports groups of two or more scholars increasing humanistic knowledge through the preparation of a manuscript for print publication, the creation of a scholarly digital project, or the planning of an international collaboration. Projects must pursue significant research questions and lead toward an interpretive product. This year’s competition is limited to projects on American history and culture or Western civilization.",Possible,No,No keyword match,Unknown,No,Unknown,NA,NA,NA,NA,NA,NA,NA,NA
DCT-DCT-26-001,FY 2026 DRUG COURT TRAINING AND TECHNICAL ASSISTANCE COMPETITIVE COOPERATIVE AGREEMENT SOLICITATION,"<p><span style=""color: rgb(34, 34, 34);"">ONDCP’s Drug Court Training and Technical Assistance Cooperative Agreement supports training and technical assistance (TTA) to ensure access to evidence-based addiction treatment through drug courts, including when substance use disorder co-occurs with other mental healthconditions. ONDCP seeks to reduce drug use and its consequences through evidence-based treatment that leads to long-term recovery, and this cooperative agreement will support the President’s priorities by applying this to the criminal justice system.&nbsp;The purpose of this cooperative agreement is to: (1) educate, train, and produce materials to improve the implementation of evidence-based treatment to individuals with addiction, including when substance use disorder co-occurs with other mental health conditions; (2)decrease criminal justice costs and recidivism rates; and (3) improve access to evidence-based addiction treatment that includes medications for opioid use disorder through drug courts. The cooperative agreement recipient shall:• Use expert practitioners in the science of addiction and evidence-based addiction treatment, as well as integration of treatment into the criminal justice system.• Use licensed behavioral health practitioners.• Provide in-person training, online training, and jurisdiction-specific technical assistanceto a wide range of geographically distributed areas—including rural locations—at thestate, local, and tribal levels.• Ensure close alignment of all TTA materials with the Trump Administration’s policy priorities, including the 2026 National Drug Control Strategy; an evidence-based approach to treating addiction--to include FDA-approved medications for opioid use disorder--contingency management, and other evidence-based behavioral health modalities for other substance use disorders; naloxone distribution and naloxone training.• Designate and fund a research or academic organization to conduct an independent assessment of the effectiveness and impact of training and technical assistance conducted under this cooperative agreement. The independent study should involve data collectionfrom state, local, and tribal jurisdictions engaged in cooperative agreement recipient programming.</span></p>",Unclear,No,Behavioral health and crisis,Behavioral Health,Yes,Unknown,NA,NA,NA,NA,NA,NA,NA,NA
RD-AL-RDAAL-26-001,Applied Drug Policy Research Experiences,"This project will establish applied drug policy research experiences for graduate students and recent post-graduates to conduct rigorous research studies and data analyses to support the National Drug Control Strategy. This research will investigate dynamic shifts in, and associations between, illicit drug supply, drug use and their associated consequences, to help public health and public safety officials anticipate new drug outbreaks and prepare faster and more effective responses to protect the American public.",Unclear,No,No keyword match,Public Health,No,Unknown,NA,NA,NA,NA,NA,NA,NA,NA
EDS-EDS-26-001,"Nonfatal Overdoses in Emergency Departments: Bridging Patient Characteristics, Biospecimen Toxicology, and Drug Supply Composition","This research project will help build local and national drug consumption surveillance, identify gaps in existing drug testing protocols, facilitate information exchange across public health and public safety organizations, and help coordinate an informed response to address the drug crisis.",Unclear,No,Opioid and substance use,Cross-division,No,Unknown,NA,NA,NA,NA,NA,NA,NA,NA
SB-OEDCS-26-002,MANUFACTURING AND SMALL BUSINESS CYBERSECURITY RESILIENCE PROGRAM 2026,"The purpose of this Funding Opportunity is to invite proposals for funding to deliver technical assistance to small businesses. Only applications from the states of Indiana, Ohio, or Virginia that have experience in managing a state-wide, regional or nationwide cybersecurity training program will be considered for funding via this announcement. Applicants must be states, state entities or designated by the state to deliver this program.",Possible,No,Disaster recovery and resilience,Cross-division,No,Unknown,NA,NA,NA,NA,NA,NA,NA,NA
SB-OEDCS-26-001,CYBER CERTIFICATION PROGRAM 2026-01,"The purpose of this Funding Opportunity is to invite proposals for funding to deliver technical assistance to entrepreneurial development resource partners. Only an application from the states of Delaware, Michigan, and Ohio that have experience in managing a robust state-wide or nationwide cyber training program will be considered for funding via this announcement.",Possible,No,No keyword match,Aging,No,Unknown,NA,NA,NA,NA,NA,NA,NA,NA
SB-OEDNA-26-001,ONAA 7J-TCU Manufacturing NOFO FY2026,"<p>The purpose of this Funding Opportunity Announcement is to invite proposals for funding from Tribal Colleges and Universities, Tribal Serving Institutions, Community Colleges on or near Tribal Lands, and other Trade Schools on or near Tribal Lands interested in providing innovative hands-on, in-person manufacturing training and technical assistance through rapid reskilling of employees for 8(a) and HUBZone eligible small businesses , under the U.S. Small Business Administration's Empower to Grow Program (formerly known as 7(j) Management and Technical Assistance Program).</p>",Unclear,No,No keyword match,Unknown,Yes,Unknown,NA,NA,NA,NA,NA,NA,NA,NA
RUS-PART-2026,Powering Affordable Reliable Technology (PART) Energy Program,"<p><span style=""color: black;"">The Rural Utilities Service (RUS or the Agency), a Rural Development (RD) Agency of the United States Department of Agriculture (USDA), is soliciting Letters of Interest (LOI) for loan Applications, announcing the Application process for those loans, and providing deadlines for Applications from eligible entities under the Powering Affordable Reliable Technology (PART) Energy Program. These loan funds will be made to qualified PART Applicants to finance power generation Projects for Renewable Energy Resource (RER) systems or Energy Storage Systems (ESS) that support RER Projects. The PART Program is making approximately $410 million in appropriated budget authority (BA) funding available under the Inflation Reduction Act of 2022 (IRA). RUS will process and evaluate complete LOI on a rolling basis in the order they are received.</span></p> <p><br></p> <p><span style=""color: black;"">The PART Program is to be carried out by the RUS pursuant to Section 22001 of the IRA. Section 22001 of the IRA amends Section 9003 of the Farm Security and Rural Investment Act of 2002 by adding new subsection (h). Section 22001 of the IRA provides RUS with appropriated funds “for the cost of loans under Section 317 of the RE Act.” Additionally, Section 22001 of the IRA provides that PART funds may be utilized to finance Projects that store electricity generated from eligible energy sources listed under Section 317 of the RE Act. These Project Loans or System Loans will be forgiven up to forty percent (40%), provided the Awardee and the Project otherwise meet the terms and conditions of the loan forgiveness. Approximately $410 million in budget authority is being made available under this Notice. The Administrator reserves the right to increase this funding level should additional funds become available or reduce funding in the event an insufficient number of high-quality projects are submitted for consideration.</span></p> <p><br></p> <p><strong style=""color: black;"">Cost Sharing or Matching:</strong></p> <p><span style=""color: black;"">(a) Project Loans. Awards will finance up to 75% of the total capitalized costs of a Project. Awardees will be required to provide at least 25% of the Project’s total capitalized cost in the form of cash or equity investments, which may not be derived from debt instruments. However, the Agency may utilize its authority under Section 306F of the RE Act and finance up to 100% of the costs of the Projects benefiting SUTA areas.</span></p> <p><span style=""color: black;"">(b) System Loans. PART System Loans may cover up to 100% of the total costs of the Project.</span></p> <p><br></p>",Unclear,No,Rural access and telehealth,Unknown,Yes,Unknown,NA,NA,NA,NA,NA,NA,NA,NA
USDA-APHIS-10031-PPQ-PPDMDPP-2027,Plant Protection Act Section 7721 Plant Pest and Disease Management and Disaster Prevention Program (PPDMDPP),"<p>This funding opportunity is provided to carry out the provisions described in <a href=""https://uscode.house.gov/view.xhtml?req=granuleid%3AUSC-prelim-title7-section7721&amp;num=0&amp;edition=prelim"" target=""_blank"">Section 7721 of the Plant Protection Act</a>. Through the PPA 7721 program, APHIS provides funds to support projects that protect specialty crops, nursery systems, forestry, other agricultural production systems, and natural resources from harmful and invasive plant pests and pathogens. Additional details about the program are available on the<u style=""color: blue;""> </u><a href=""https://www.aphis.usda.gov/funding/ppdmdpp"" target=""_blank"">PPDMDPP</a> website. APHIS will make available up to $90,000,000 <span style=""color: black;"">in funds </span>to support PPA 7721 projects in Fiscal Year 2027 (FY 2027), with at least $73 million anticipated to be available for PPA 7721 PPDMDPP.</p> <p>APHIS will consider suggestions that clearly and directly support the objectives and strategies within the six PPDMDPP goal areas<em>.</em> <strong>Suggesters should refer to the </strong><a href=""https://www.aphis.usda.gov/sites/default/files/ppa7721-fy27-implementation-plan_0.pdf"" target=""_blank"">FY 2027 PPA 7721 Implementation Plan</a><strong>, for details about the strategies and objectives for each goal area. </strong></p> <p><strong>Program Objectives:</strong> PPDMDPP funds projects focused on critical needs and opportunities to prevent against, detect, and mitigate invasive plant pests and diseases. PPDMDPP projects are organized around six goal areas:<span style=""color: black;""> </span></p> <ul> <li>Plant Pest and Disease Survey and Analysis</li> <li>Domestic Inspection</li> <li>Pest Identification and Diagnostic Technology</li> <li>Protecting Nursery Production</li> <li>Public Outreach and Education</li> <li>Pest Mitigation and Rapid Response</li> </ul> <p><strong>Expected Outcomes:</strong> Projects funded under this announcement are expected to support activities that will protect U.S. specialty crops, nursery systems, forestry, and other agricultural production and natural resources from harmful and exotic plant pests and pathogens by improving early plant pest detection, threat identification, and mitigation capabilities.</p> <p><strong>Funding Priorities: </strong>PPA 7721’s<strong> </strong>PPDMDPP funds projects focused on critical needs and opportunities to prevent against, detect, and mitigate invasive plant pests and diseases organized around six goal areas. These six goal areas represent the Program’s funding priorities and include: enhancing plant pest and disease survey and analysis; targeting domestic inspection; enhancing and strengthening pest identification and technology; safeguarding nursery production; conducting targeted outreach and education; and enhancing mitigation and rapid response capabilities (see <a href=""https://www.aphis.usda.gov/sites/default/files/ppa7721-fy27-implementation-plan_0.pdf"" target=""_blank"">FY 2027 Implementation Plan</a><strong>).</strong></p> <p>Suggesters must complete a single PPA 7721 ServiceNow Suggestion Submission form per suggestion that provides details on all aspects of the project. The PPA 7721 ServiceNow Suggestion Submission form is available through the PPA 7721 ServiceNow Suggestion Submission portal. Suggesters must include a completed Budget, Survey, or Diagnostic Laboratory template, and Narrative Report (if applicable) as an uploaded document with the form. Refer to the<strong> </strong><a href=""https://www.aphis.usda.gov/sites/default/files/fy-2027-ppa7721-ppdmdpp-application-package-rev.zip"" target=""_blank"">PPA 7721 ServiceNow Suggestion Submission Guidance</a> for more information about submitting suggestions to the PPA 7721 ServiceNow Suggestion Submission portal.</p>",No,No,Disaster recovery and resilience,Emergency Management,Yes,Unknown,NA,NA,NA,NA,NA,NA,NA,NA
USDA-NRCS-NHQ-WMBP-NOFO0001458,Wetland Mitigation Banking Program Fiscal Year (FY) 2026,"<p>NRCS is announcing the availability of $3 million in WMBP grant funds for the development and establishment of mitigation banks and banking opportunities solely for agricultural producers with wetlands subject to the wetland conservation compliance provisions of the Food Security Act of 1985 (as amended). WMBP is a competitive grants program accepting proposals from eligible entities as identified in Section B.1. Priority will be given to banks in states with significant numbers of individual wetlands, wetland acres, and conservation compliance requests. Based on NRCS data, these states are Georgia, Illinois, Indiana, Iowa, Michigan, Minnesota, Nebraska, Ohio, Pennsylvania, South Dakota, and Wisconsin.</p> <p><br></p> <p>A webinar for WMBP applicants is scheduled for July 30, 2026 at 3 pm Eastern Time. Information on how to participate in the Microsoft Teams webinar can be obtained through the following link:</p> <p><br></p> <p><a href=""https://gcc02.safelinks.protection.outlook.com/?url=https%3A%2F%2Fevents.gcc.teams.microsoft.com%2Fevent%2F4685b4dd-a1ce-4ad6-81e3-d4318799cb11%40ed5b36e7-01ee-4ebc-867e-e03cfa0d4697&amp;data=05%7C02%7Ctessa.garcia%40usda.gov%7Cfe39385573e14554609908dee8d97814%7Ced5b36e701ee4ebc867ee03cfa0d4697%7C1%7C0%7C639204217875138558%7CUnknown%7CTWFpbGZsb3d8eyJFbXB0eU1hcGkiOnRydWUsIlYiOiIwLjAuMDAwMCIsIlAiOiJXaW4zMiIsIkFOIjoiTWFpbCIsIldUIjoyfQ%3D%3D%7C0%7C%7C%7C&amp;sdata=VNTut5pT2UtsToPpyjmhAGz1FgdrHj3Mh4X%2BfbdX8OI%3D&amp;reserved=0"" target=""_blank"">https://events.gcc.teams.microsoft.com/event/4685b4dd-a1ce-4ad6-81e3-d4318799cb11@ed5b36e7-01ee-4ebc-867e-e03cfa0d4697</a></p> <p><br></p> <p><br></p>",Possible,No,Food and nutrition security,Unknown,No,Unknown,NA,NA,NA,NA,NA,NA,NA,NA
USDA-FS-UCF-01-2026,2026 National Urban and Community Forestry Challenge Cost Share Grant Program,"<p>The intent of the National Urban and Community Forestry&nbsp;Challenge Cost Share grant program is to advance solutions to the economic, health, and environmental challenges faced by communities. This year’s program focuses on advancing community tree resource utilization, which can reduce waste and create value by turning wood generated from pruning, removals, storm events, and pest or disease outbreaks into useful products. These products may include lumber, slabs, furniture, flooring, biochar, or other materials that strengthen local economies, reduce disposal costs, and improve community resilience.</p> <p><br></p> <p>The program seeks practical, creative, and replicable projects that help communities establish or expand wood‑utilization efforts. Competitive proposals will demonstrate how the project supports existing community forestry plans, applies industry‑recognized safety and tree‑care standards, and delivers clear economic, environmental, or workforce benefits. Projects should outline anticipated wood products, partnerships with professional or industry organizations, and opportunities for job creation, training, or certification.</p> <p><br></p> <p>This program is intended for communities and their partners seeking to improve the management and use of their urban and community forests. Eligible applicants include state, local, and tribal governments, nonprofit organizations, educational institutions, and other community‑based partners.</p> <p><br></p> <p><span style=""color: rgb(23, 23, 22);"">Projects must conform to laws and authorities in Section 9 of the </span><a href=""https://www.agriculture.senate.gov/imo/media/doc/Cooperative%20Forestry%20Assistance%20Act%20Of%201978.pdf"" target=""_blank"" style=""color: rgb(0, 0, 255); background-color: rgb(255, 255, 255);"">Cooperative Forestry Assistance Act</a><span style=""color: rgb(23, 23, 22);""> ([16 U.S.C. 2105] Urban and Community Forestry Assistance) as amended.&nbsp;&nbsp;</span></p>",Possible,No,Health and direct-care workforce,Emergency Management,Yes,Unknown,NA,NA,NA,NA,NA,NA,NA,NA
USDA-APHIS-10031-PPQ-NCPN-2027,Plant Protection Act Section 7721 Fiscal Year 2027 National Clean Plant Network (NCPN),"<p>The U.S. Department of Agriculture, Animal and Plant Health Inspection Service announce this funding opportunity to carry out the Plant Protection Act Section 7721 (PPA 7721) National Clean Plant Network (NCPN) program. APHIS will consider project proposals that clearly and directly support the strategic goals and objectives of the National Clean Plant Network as described in the <a href=""https://www.aphis.usda.gov/sites/default/files/ncpn-strategic-plan.pdf"" target=""_blank"">NCPN Strategic Plan</a><em>.</em> The purpose of the NCPN program is to establish a network of Clean Plant Centers for diagnostic and pathogen elimination services to produce clean propagative plant material and to maintain blocks of pathogen-tested plant material in sites located throughout the United States. The NCPN provides propagative plant material free of targeted plant pathogens to protect the environment and ensure the global competitiveness of U.S. specialty crop producers.</p> <p><br></p> <p>Program priorities align with the goals specified in the NCPN Strategic Plan and include: 1) Optimizing the production, maintenance, and distribution of clean plants, 2) Advancing special initiatives by optimizing the adaptation and implementation of novel technologies and new ideas while increasing the awareness of the importance, availability, and use of clean plants, and 3) Optimizing network resources. Applicants should refer to the NCPN Request for Proposals on the <a href=""https://www.aphis.usda.gov/funding/ncpn"" target=""_blank"">USDA APHIS NCPN website</a> for additional details.</p> <p><br></p> <p>APHIS is providing at least $10 million in funding for the Plant Protection Act (PPA) National Clean Plant Network (NCPN) program under Section 420 of the PPA (7 USC § 7721). The purpose of the NCPN program is to establish a network of Clean Plant Centers for diagnostic and pathogen elimination services to produce clean propagative plant material and to maintain blocks of pathogen-tested plant material in sites located throughout the United States. Additional details about the program are available on the USDA APHIS NCPN website.</p> <p><br></p> <p>Program Goals: The National Clean Plant Network (NCPN) was established under The Food, Conservation and Energy Act of 2008 (Farm Bill) Title X, Sec 10202. Its purpose is to support a network of clean plant centers in the United States for specialty crops to provide reliable sources of propagative material that are free of targeted propagative-borne pathogens. Network clean plant centers conduct diagnostic and pathogen elimination services and establish foundation blocks (nuclear stock) to provide pathogen-tested plant materials to nurseries, growers, and to state certification programs.&nbsp;</p> <p><br></p> <p>Expected Outcomes: Projects funded under this announcement are expected to support programs that provide propagative plant material free of targeted plant pathogens to protect the environment and ensure the global competitiveness of U.S. specialty crop producers.</p> <p><br></p> <p>Funding Priorities: APHIS will consider project proposals that clearly and directly support the strategic goals and objectives of the National Clean Plant Network.&nbsp;Program priorities align with the goals specified in the NCPN Strategic Plan and include: 1) Optimizing the production, maintenance, and distribution of clean plants, 2) Advancing special initiatives by optimizing the adaptation and implementation of novel technologies and new ideas while increasing the awareness of the importance, availability, and use of clean plants, and 3) Optimizing network resources. Projects that support one of the current crop groups in NCPN and show coordination with the appropriate NCPN specialty crop governing body are prioritized for funding. Existing Federal or State facilities with demonstrated capacity to provide clean plant material are also prioritized for funding.</p> <p><br></p> <p>Applicants can find all application materials on the <a href=""https://www.usda.gov/ocfo/ezfedgrants"" target=""_blank"">ezFedGrants</a> website or the <a href=""https://www.grants.gov/"" target=""_blank"">Grants.gov</a> website by searching Assistance Listing number <strong>10.031</strong><span style=""color: black;"">. Application materials and additional i</span>nformation are also available on the <a href=""https://www.aphis.usda.gov/funding/ncpn"" target=""_blank"">USDA APHIS NCPN website</a>. All application materials are compliant with Section 508 of the Rehabilitation Act of 1973 for accessibility.</p>",Possible,No,"Maternal, infant, reproductive health",Unknown,No,Unknown,NA,NA,NA,NA,NA,NA,NA,NA
USDA-FS-IPT-INVASIVE-SPECIES-2026,"International Programs & Trade, Invasive Species Program Funding Opportunity","<p>Through this NOFO, IPT’s Invasive Species program aims to support projects that advance tangible improvements in invasive species prevention by utilizing existing research knowledge on invasive species risks and pathways to produce actionable outcomes that protect American agriculture from invasive species. For example, past and current research has built important pre-invasion knowledge of problematic pests, such as through horizon scanning and monitoring ex-patria sentinel trees. We invite proposals that build upon and directly link this type of invasive species scientific knowledge to make improvements in regulatory frameworks, policies, and actions that will decrease new arrivals and establishment of invasive pests. Projects should bridge the gap between current research knowledge and concrete actions that will improve how the U.S. prevents the introduction and establishment of new invasive species.</p>",Possible,No,No keyword match,Unknown,No,Unknown,NA,NA,NA,NA,NA,NA,NA,NA
USDA-RD-HCFP-HPG-2026,Rural Housing Preservation Grant,"<p>The Rural Housing Service (RHS) announces a notice in funding availability under its Housing Preservation Grant (HPG) program. The HPG program is a grant program which provides qualified public agencies, private nonprofit organizations, which may include but not be limited to, Faith-Based and Community Organizations, and other eligible entities grant funds to assist very low- and low-income homeowners in repairing and rehabilitating their homes in rural areas. In addition, the HPG program assists rental property owners and cooperative housing complexes in repairing and rehabilitating their units if they agree to make such units available to low- and very low-income persons. This action is taken to comply with Agency regulations found in 7 CFR part 1944, subpart N, which require the Agency to announce the opening and closing dates for receipt of preapplications for HPG funds from eligible applicants. The intended effect of this Notice is to provide eligible organizations notice of these dates.</p> <p><br></p> <p>$250,000 remains available from the American Relief Act, 2025 (Public Law 118-158) for Puerto Rico.</p> <p><br></p> <p>$2.09 million ($50,000 maximum award) is available for Calendar Year 2022 disaster assistance. The disaster funding is made available from the Consolidated Appropriations Act, 2023, Division N, Title I (Public Law 117-328). 2022 presidentially declared disaster areas can be viewed at <a href=""https://www.fema.gov/disaster/declarations"" target=""_blank"">https://www.fema.gov/disaster/declarations</a>.</p>",Possible,No,Rural access and telehealth,Emergency Management,No,Unknown,NA,NA,NA,NA,NA,NA,NA,NA
USDA-FS-2026-GLRI-CFP,Great Lakes Restoration Initiative: Community Forest and Open Space Conservation Program,"<p>Federally recognized Indian Tribes, local government entities, and nonprofit organizations that are qualified to acquire and manage land may apply for up to $1,000,000 for the fee simple acquisition of private forest land in portions of the Lake Superior Basin of Michigan and Wisconsin. Projects submitted for funding consideration must be forested properties at least five acres in size that are threatened by conversion to non-forest uses and that provide community benefits including economic, environmental, educational, and recreational benefits. An additional focus of this opportunity is to protect, enhance and increase resilience of habitats necessary for sustaining native aquatic and terrestrial species important to the Lake Superior ecosystem. Competitive proposals will be those that demonstrate exceptional public benefits, meaningful community engagement, and strategic contributions to terrestrial habitat connectivity within the defined Terrestrial Habitat Connectivity Pilot Area.</p><p><br></p><p>For additional information and requirements, please refer to the Notice of Funding Opportunity document linked in both the ""Related Documents"" tab and the ""Instructions"" link located in the ""Package"" tab.</p>",Unclear,No,Disaster recovery and resilience,Emergency Management,No,Unknown,NA,NA,NA,NA,NA,NA,NA,NA
USDA-AMS-TM-CCG-G-26-0001,Cold Chain Grants for Emergency Food Assistance,"AMS will award these funds competitively to at least one eligible organization that meets program requirements and whose expertise is consistent with the purpose of the grant program. The selected grant recipient(s) will provide management, oversight, consultation and expertise necessary to advance the purpose and activities of the program, primarily through a subaward program to support cold storage within the middle of the supply chain. These equipment investments will be made through subawards to food banks, faith-based organizations, and other public or private nonprofit organizations that provide nutrition assistance, such as prepared meals or food for use at home, to people with low-income or challenging financial circumstances.",Unclear,No,Food and nutrition security,Cross-division,No,Unknown,NA,NA,NA,NA,NA,NA,NA,NA
USDA-NIFA-1890SS-011978,Scholarships for Students at 1890 Institutions (1890 Scholarships),"<p>The purpose of the 1890 Scholarships Program, under Assistance Listing Number 10.524, is to provide scholarships to support recruiting, engaging, retaining, mentoring, and training of undergraduate and graduate students at the 1890 Land-grant institutions. These scholarships are intended to encourage outstanding students at 1890 institutions to pursue and complete baccalaureate and graduate (i.e., master’s and doctoral) degrees in the food and agricultural sciences (see Appendix III for definition) that would lead to a highly skilled food and agricultural systems workforce.&nbsp;</p>",Unclear,No,Health and direct-care workforce,Aging,No,Unknown,NA,NA,NA,NA,NA,NA,NA,NA
USDA-FS-2026-CFP,Community Forest and Open Space Conservation Program,"<p>The U.S. Department of Agriculture (USDA), Forest Service, State, Private &amp; Tribal Forestry, is requesting applications for the Community Forest and Open Space Conservation Program (Community Forest Program or CFP).&nbsp;CFP is a competitive grant program that provides financial assistance to Indian Tribes, local governments, and qualified conservation non-profit organizations to establish community forests through the fee simple acquisition of private forest land.&nbsp;The purpose of the program is to establish community forests by protecting forestland from conversion to non-forest uses and provide community benefits including public recreation, environmental and economic benefits, and forest-based educational programs. Public access is required for all projects.&nbsp;&nbsp;</p> <p><br></p> <p><strong>Ap</strong><strong style=""color: black;"">plications are not submitted electronically via Grants.gov. </strong><span style=""color: black;"">The full Notice of Funding Opportunity and supporting documents (including scoring guidance and FAQs) are available under the 'Related Documents' tab of this listing and can be downloaded.</span></p> <p><br></p> <p>To apply, interested local government and nonprofit applicants must submit applications to the State Forester where the property is located.&nbsp;Tribal applicants must submit applications to equivalent Tribal government officials.&nbsp;<strong>All applications must be received by State Foresters or Tribal governments by 11:59 PM Eastern Time on Tuesday, October 13, 2026. </strong>All applicants must also send an e-mail to SM.FS.CFP@usda.gov to confirm that an application has been submitted.</p> <p><br></p> <p>State Foresters or Tribal government officials must forward applications to the appropriate Forest Service Regional office or International Institute of Tropical Forestry by <strong>11:59 PM Eastern Time on</strong> <strong>Tuesday, October 27, 2026.&nbsp;</strong>&nbsp;</p> <p>&nbsp;</p> <p>Projects must conform to laws and authorities in Section 7A of the <a href=""https://www.agriculture.senate.gov/imo/media/doc/Cooperative%20Forestry%20Assistance%20Act%20Of%201978.pdf"" target=""_blank"" style=""color: rgb(0, 0, 255);"">Cooperative Forestry Assistance Act</a> ([16 U.S.C. 2103d] Community Forest and Open Space Conservation Program) as amended.&nbsp;&nbsp;</p>",Unclear,No,No keyword match,Unknown,Yes,Unknown,NA,NA,NA,NA,NA,NA,NA,NA
RDRUS-26-DWS2,Rural Decentralized Water System Grant Program,"<p>The DWS Grant Program has been established to help individuals with low to moderate incomes finance certain costs of household water wells and individually owned decentralized wastewater systems that they own or will own. Grants are made to eligible nonprofit organizations to establish and maintain a revolving fund to provide loans and sub-grants to eligible individuals for individually owned water well systems and/or individually owned wastewater systems. Loan and/or sub-grant funds may be used by the individual to construct, refurbish, rehabilitate, or replace decentralized water well or wastewater systems. For water well systems, funds may be used up to the point of entry to a home, which is the junction where water enters into a home water delivery system after being pumped from a well. For wastewater systems, in lieu of the point of entry, the point of exit is substituted. The point of exit is the junction where wastewater exits out of the home wastewater collection system into the septic tank and drain field. DWS grant funds may be used by the nonprofit recipient to pay administrative expenses associated with providing DWS loans and/or sub-grants.</p><p><br></p>",Unclear,No,Rural access and telehealth,Unknown,No,Unknown,NA,NA,NA,NA,NA,NA,NA,NA
USDA-NIFA-TCRGP-011697,Tribal Colleges Research Grants Program,"<p>TCRGP focuses on development of research capacity at Tribal colleges, specifically in agriculture, natural resources, and human sciences. The program aims to teach leadership skills, knowledge, and qualities that are necessary to prepare students to be competitive with other students for agricultural and related careers in the private sector, government, and academia. Of interest are the projects involving innovative agricultural technologies, including artificial intelligence (AI), data science, robotics, and other cutting edge digital tools. NIFA encourages incorporation of opportunities for training undergraduate students in these areas to equip them with the foundational knowledge and skills necessary to adapt to and thrive in an increasingly digital society and expose them to educational and career pathways in AI for food and agricultural sciences.</p>",No,Yes,No keyword match,Unknown,Yes,Unknown,NA,NA,NA,NA,NA,NA,NA,NA
